ISO-10303-21;
HEADER;
FILE_DESCRIPTION(('FreeCAD Model'),'2;1');
FILE_NAME('Open CASCADE Shape Model','2026-09-07T00:46:47',('Author'),(
    ''),'Open CASCADE STEP processor 7.8','FreeCAD','Unknown');
FILE_SCHEMA(('AUTOMOTIVE_DESIGN { 1 0 10303 214 1 1 1 1 }'));
ENDSEC;
DATA;
#1 = APPLICATION_PROTOCOL_DEFINITION('international standard',
  'automotive_design',2000,#2);
#2 = APPLICATION_CONTEXT(
  'core data for automotive mechanical design processes');
#3 = SHAPE_DEFINITION_REPRESENTATION(#4,#10);
#4 = PRODUCT_DEFINITION_SHAPE('','',#5);
#5 = PRODUCT_DEFINITION('design','',#6,#9);
#6 = PRODUCT_DEFINITION_FORMATION('','',#7);
#7 = PRODUCT('Tesla_coil_last','Tesla_coil_last','',(#8));
#8 = PRODUCT_CONTEXT('',#2,'mechanical');
#9 = PRODUCT_DEFINITION_CONTEXT('part definition',#2,'design');
#10 = SHAPE_REPRESENTATION('',(#11,#15,#19,#23,#27,#31,#35,#39,#43,#47,
    #51,#55,#59,#63,#67,#71,#75,#79,#83,#87),#91);
#11 = AXIS2_PLACEMENT_3D('',#12,#13,#14);
#12 = CARTESIAN_POINT('',(0.,0.,0.));
#13 = DIRECTION('',(0.,0.,1.));
#14 = DIRECTION('',(1.,0.,-0.));
#15 = AXIS2_PLACEMENT_3D('',#16,#17,#18);
#16 = CARTESIAN_POINT('',(0.,0.,0.));
#17 = DIRECTION('',(0.,0.,1.));
#18 = DIRECTION('',(1.,0.,0.));
#19 = AXIS2_PLACEMENT_3D('',#20,#21,#22);
#20 = CARTESIAN_POINT('',(0.,0.,0.));
#21 = DIRECTION('',(0.,0.,1.));
#22 = DIRECTION('',(1.,0.,0.));
#23 = AXIS2_PLACEMENT_3D('',#24,#25,#26);
#24 = CARTESIAN_POINT('',(0.,0.,0.));
#25 = DIRECTION('',(0.,0.,1.));
#26 = DIRECTION('',(1.,0.,0.));
#27 = AXIS2_PLACEMENT_3D('',#28,#29,#30);
#28 = CARTESIAN_POINT('',(0.,0.,0.));
#29 = DIRECTION('',(0.,0.,1.));
#30 = DIRECTION('',(1.,0.,0.));
#31 = AXIS2_PLACEMENT_3D('',#32,#33,#34);
#32 = CARTESIAN_POINT('',(0.,0.,0.));
#33 = DIRECTION('',(0.,0.,1.));
#34 = DIRECTION('',(1.,0.,0.));
#35 = AXIS2_PLACEMENT_3D('',#36,#37,#38);
#36 = CARTESIAN_POINT('',(0.,0.,0.));
#37 = DIRECTION('',(0.,0.,1.));
#38 = DIRECTION('',(1.,0.,0.));
#39 = AXIS2_PLACEMENT_3D('',#40,#41,#42);
#40 = CARTESIAN_POINT('',(0.,0.,0.));
#41 = DIRECTION('',(0.,0.,1.));
#42 = DIRECTION('',(1.,0.,0.));
#43 = AXIS2_PLACEMENT_3D('',#44,#45,#46);
#44 = CARTESIAN_POINT('',(0.,0.,0.));
#45 = DIRECTION('',(0.,0.,1.));
#46 = DIRECTION('',(1.,0.,0.));
#47 = AXIS2_PLACEMENT_3D('',#48,#49,#50);
#48 = CARTESIAN_POINT('',(0.,0.,0.));
#49 = DIRECTION('',(0.,0.,1.));
#50 = DIRECTION('',(1.,0.,0.));
#51 = AXIS2_PLACEMENT_3D('',#52,#53,#54);
#52 = CARTESIAN_POINT('',(0.,0.,0.));
#53 = DIRECTION('',(0.,0.,1.));
#54 = DIRECTION('',(1.,0.,0.));
#55 = AXIS2_PLACEMENT_3D('',#56,#57,#58);
#56 = CARTESIAN_POINT('',(0.,0.,0.));
#57 = DIRECTION('',(0.,0.,1.));
#58 = DIRECTION('',(1.,0.,0.));
#59 = AXIS2_PLACEMENT_3D('',#60,#61,#62);
#60 = CARTESIAN_POINT('',(0.,0.,0.));
#61 = DIRECTION('',(1.,1.232595164408E-32,1.110223024625E-16));
#62 = DIRECTION('',(0.,1.,-1.110223024625E-16));
#63 = AXIS2_PLACEMENT_3D('',#64,#65,#66);
#64 = CARTESIAN_POINT('',(0.,0.,0.));
#65 = DIRECTION('',(0.,-1.,1.110223024625E-16));
#66 = DIRECTION('',(0.,1.110223024625E-16,1.));
#67 = AXIS2_PLACEMENT_3D('',#68,#69,#70);
#68 = CARTESIAN_POINT('',(0.,0.,0.));
#69 = DIRECTION('',(0.,0.,1.));
#70 = DIRECTION('',(1.,0.,0.));
#71 = AXIS2_PLACEMENT_3D('',#72,#73,#74);
#72 = CARTESIAN_POINT('',(0.,0.,0.));
#73 = DIRECTION('',(0.,-1.,-2.22044604925E-16));
#74 = DIRECTION('',(1.,0.,0.));
#75 = AXIS2_PLACEMENT_3D('',#76,#77,#78);
#76 = CARTESIAN_POINT('',(0.,0.,0.));
#77 = DIRECTION('',(1.,1.232595164408E-32,1.110223024625E-16));
#78 = DIRECTION('',(0.,1.,-1.110223024625E-16));
#79 = AXIS2_PLACEMENT_3D('',#80,#81,#82);
#80 = CARTESIAN_POINT('',(0.,0.,0.));
#81 = DIRECTION('',(0.,-1.,2.22044604925E-16));
#82 = DIRECTION('',(1.,0.,0.));
#83 = AXIS2_PLACEMENT_3D('',#84,#85,#86);
#84 = CARTESIAN_POINT('',(0.,0.,0.));
#85 = DIRECTION('',(0.,0.,1.));
#86 = DIRECTION('',(1.,0.,0.));
#87 = AXIS2_PLACEMENT_3D('',#88,#89,#90);
#88 = CARTESIAN_POINT('',(0.,0.,0.));
#89 = DIRECTION('',(0.,0.,1.));
#90 = DIRECTION('',(1.,0.,-0.));
#91 = ( GEOMETRIC_REPRESENTATION_CONTEXT(3) 
GLOBAL_UNCERTAINTY_ASSIGNED_CONTEXT((#95)) GLOBAL_UNIT_ASSIGNED_CONTEXT(
(#92,#93,#94)) REPRESENTATION_CONTEXT('Context #1',
  '3D Context with UNIT and UNCERTAINTY') );
#92 = ( LENGTH_UNIT() NAMED_UNIT(*) SI_UNIT(.MILLI.,.METRE.) );
#93 = ( NAMED_UNIT(*) PLANE_ANGLE_UNIT() SI_UNIT($,.RADIAN.) );
#94 = ( NAMED_UNIT(*) SI_UNIT($,.STERADIAN.) SOLID_ANGLE_UNIT() );
#95 = UNCERTAINTY_MEASURE_WITH_UNIT(LENGTH_MEASURE(5.E-07),#92,
  'distance_accuracy_value','confusion accuracy');
#96 = PRODUCT_RELATED_PRODUCT_CATEGORY('part',$,(#7));
#97 = SHAPE_DEFINITION_REPRESENTATION(#98,#104);
#98 = PRODUCT_DEFINITION_SHAPE('','',#99);
#99 = PRODUCT_DEFINITION('design','',#100,#103);
#100 = PRODUCT_DEFINITION_FORMATION('','',#101);
#101 = PRODUCT('Body','Body','',(#102));
#102 = PRODUCT_CONTEXT('',#2,'mechanical');
#103 = PRODUCT_DEFINITION_CONTEXT('part definition',#2,'design');
#104 = ADVANCED_BREP_SHAPE_REPRESENTATION('',(#11,#105),#383);
#105 = MANIFOLD_SOLID_BREP('',#106);
#106 = CLOSED_SHELL('',(#107,#140,#160,#185,#205,#230,#250,#275,#295,
    #320,#340,#365,#374));
#107 = ADVANCED_FACE('',(#108),#135,.T.);
#108 = FACE_BOUND('',#109,.F.);
#109 = EDGE_LOOP('',(#110,#120,#127,#128));
#110 = ORIENTED_EDGE('',*,*,#111,.T.);
#111 = EDGE_CURVE('',#112,#114,#116,.T.);
#112 = VERTEX_POINT('',#113);
#113 = CARTESIAN_POINT('',(64.156885,0.,0.));
#114 = VERTEX_POINT('',#115);
#115 = CARTESIAN_POINT('',(64.156885,0.,2.));
#116 = LINE('',#117,#118);
#117 = CARTESIAN_POINT('',(64.156885,0.,0.));
#118 = VECTOR('',#119,1.);
#119 = DIRECTION('',(0.,0.,1.));
#120 = ORIENTED_EDGE('',*,*,#121,.T.);
#121 = EDGE_CURVE('',#114,#114,#122,.T.);
#122 = CIRCLE('',#123,65.);
#123 = AXIS2_PLACEMENT_3D('',#124,#125,#126);
#124 = CARTESIAN_POINT('',(-0.843115,0.,2.));
#125 = DIRECTION('',(0.,0.,1.));
#126 = DIRECTION('',(1.,0.,0.));
#127 = ORIENTED_EDGE('',*,*,#111,.F.);
#128 = ORIENTED_EDGE('',*,*,#129,.F.);
#129 = EDGE_CURVE('',#112,#112,#130,.T.);
#130 = CIRCLE('',#131,65.);
#131 = AXIS2_PLACEMENT_3D('',#132,#133,#134);
#132 = CARTESIAN_POINT('',(-0.843115,0.,0.));
#133 = DIRECTION('',(0.,0.,1.));
#134 = DIRECTION('',(1.,0.,0.));
#135 = CYLINDRICAL_SURFACE('',#136,65.);
#136 = AXIS2_PLACEMENT_3D('',#137,#138,#139);
#137 = CARTESIAN_POINT('',(-0.843115,0.,0.));
#138 = DIRECTION('',(-0.,-0.,-1.));
#139 = DIRECTION('',(1.,0.,0.));
#140 = ADVANCED_FACE('',(#141,#144),#155,.T.);
#141 = FACE_BOUND('',#142,.T.);
#142 = EDGE_LOOP('',(#143));
#143 = ORIENTED_EDGE('',*,*,#121,.T.);
#144 = FACE_BOUND('',#145,.T.);
#145 = EDGE_LOOP('',(#146));
#146 = ORIENTED_EDGE('',*,*,#147,.T.);
#147 = EDGE_CURVE('',#148,#148,#150,.T.);
#148 = VERTEX_POINT('',#149);
#149 = CARTESIAN_POINT('',(53.02,0.,2.));
#150 = CIRCLE('',#151,53.02);
#151 = AXIS2_PLACEMENT_3D('',#152,#153,#154);
#152 = CARTESIAN_POINT('',(0.,0.,2.));
#153 = DIRECTION('',(0.,0.,-1.));
#154 = DIRECTION('',(1.,0.,0.));
#155 = PLANE('',#156);
#156 = AXIS2_PLACEMENT_3D('',#157,#158,#159);
#157 = CARTESIAN_POINT('',(-0.843115,2.732208970003E-15,2.));
#158 = DIRECTION('',(0.,0.,1.));
#159 = DIRECTION('',(1.,0.,0.));
#160 = ADVANCED_FACE('',(#161),#180,.T.);
#161 = FACE_BOUND('',#162,.F.);
#162 = EDGE_LOOP('',(#163,#164,#172,#179));
#163 = ORIENTED_EDGE('',*,*,#147,.T.);
#164 = ORIENTED_EDGE('',*,*,#165,.T.);
#165 = EDGE_CURVE('',#148,#166,#168,.T.);
#166 = VERTEX_POINT('',#167);
#167 = CARTESIAN_POINT('',(53.02,0.,5.));
#168 = LINE('',#169,#170);
#169 = CARTESIAN_POINT('',(53.02,0.,0.));
#170 = VECTOR('',#171,1.);
#171 = DIRECTION('',(0.,0.,1.));
#172 = ORIENTED_EDGE('',*,*,#173,.T.);
#173 = EDGE_CURVE('',#166,#166,#174,.T.);
#174 = CIRCLE('',#175,53.02);
#175 = AXIS2_PLACEMENT_3D('',#176,#177,#178);
#176 = CARTESIAN_POINT('',(0.,0.,5.));
#177 = DIRECTION('',(0.,0.,1.));
#178 = DIRECTION('',(1.,0.,0.));
#179 = ORIENTED_EDGE('',*,*,#165,.F.);
#180 = CYLINDRICAL_SURFACE('',#181,53.02);
#181 = AXIS2_PLACEMENT_3D('',#182,#183,#184);
#182 = CARTESIAN_POINT('',(0.,0.,0.));
#183 = DIRECTION('',(-0.,-0.,-1.));
#184 = DIRECTION('',(1.,0.,0.));
#185 = ADVANCED_FACE('',(#186,#189),#200,.T.);
#186 = FACE_BOUND('',#187,.T.);
#187 = EDGE_LOOP('',(#188));
#188 = ORIENTED_EDGE('',*,*,#173,.T.);
#189 = FACE_BOUND('',#190,.F.);
#190 = EDGE_LOOP('',(#191));
#191 = ORIENTED_EDGE('',*,*,#192,.T.);
#192 = EDGE_CURVE('',#193,#193,#195,.T.);
#193 = VERTEX_POINT('',#194);
#194 = CARTESIAN_POINT('',(51.02,0.,5.));
#195 = CIRCLE('',#196,51.02);
#196 = AXIS2_PLACEMENT_3D('',#197,#198,#199);
#197 = CARTESIAN_POINT('',(0.,0.,5.));
#198 = DIRECTION('',(0.,0.,1.));
#199 = DIRECTION('',(1.,0.,0.));
#200 = PLANE('',#201);
#201 = AXIS2_PLACEMENT_3D('',#202,#203,#204);
#202 = CARTESIAN_POINT('',(-2.27E-15,2.78E-15,5.));
#203 = DIRECTION('',(0.,0.,1.));
#204 = DIRECTION('',(1.,0.,0.));
#205 = ADVANCED_FACE('',(#206),#225,.F.);
#206 = FACE_BOUND('',#207,.T.);
#207 = EDGE_LOOP('',(#208,#217,#223,#224));
#208 = ORIENTED_EDGE('',*,*,#209,.T.);
#209 = EDGE_CURVE('',#210,#210,#212,.T.);
#210 = VERTEX_POINT('',#211);
#211 = CARTESIAN_POINT('',(51.02,0.,2.));
#212 = CIRCLE('',#213,51.02);
#213 = AXIS2_PLACEMENT_3D('',#214,#215,#216);
#214 = CARTESIAN_POINT('',(0.,0.,2.));
#215 = DIRECTION('',(0.,0.,-1.));
#216 = DIRECTION('',(1.,0.,0.));
#217 = ORIENTED_EDGE('',*,*,#218,.T.);
#218 = EDGE_CURVE('',#210,#193,#219,.T.);
#219 = LINE('',#220,#221);
#220 = CARTESIAN_POINT('',(51.02,0.,0.));
#221 = VECTOR('',#222,1.);
#222 = DIRECTION('',(0.,0.,1.));
#223 = ORIENTED_EDGE('',*,*,#192,.T.);
#224 = ORIENTED_EDGE('',*,*,#218,.F.);
#225 = CYLINDRICAL_SURFACE('',#226,51.02);
#226 = AXIS2_PLACEMENT_3D('',#227,#228,#229);
#227 = CARTESIAN_POINT('',(0.,0.,0.));
#228 = DIRECTION('',(-0.,-0.,-1.));
#229 = DIRECTION('',(1.,0.,0.));
#230 = ADVANCED_FACE('',(#231,#234),#245,.T.);
#231 = FACE_BOUND('',#232,.T.);
#232 = EDGE_LOOP('',(#233));
#233 = ORIENTED_EDGE('',*,*,#209,.F.);
#234 = FACE_BOUND('',#235,.T.);
#235 = EDGE_LOOP('',(#236));
#236 = ORIENTED_EDGE('',*,*,#237,.T.);
#237 = EDGE_CURVE('',#238,#238,#240,.T.);
#238 = VERTEX_POINT('',#239);
#239 = CARTESIAN_POINT('',(45.295,0.,2.));
#240 = CIRCLE('',#241,45.295);
#241 = AXIS2_PLACEMENT_3D('',#242,#243,#244);
#242 = CARTESIAN_POINT('',(0.,0.,2.));
#243 = DIRECTION('',(0.,0.,-1.));
#244 = DIRECTION('',(1.,0.,0.));
#245 = PLANE('',#246);
#246 = AXIS2_PLACEMENT_3D('',#247,#248,#249);
#247 = CARTESIAN_POINT('',(-0.843115,2.732208970003E-15,2.));
#248 = DIRECTION('',(0.,0.,1.));
#249 = DIRECTION('',(1.,0.,0.));
#250 = ADVANCED_FACE('',(#251),#270,.T.);
#251 = FACE_BOUND('',#252,.F.);
#252 = EDGE_LOOP('',(#253,#254,#262,#269));
#253 = ORIENTED_EDGE('',*,*,#237,.T.);
#254 = ORIENTED_EDGE('',*,*,#255,.T.);
#255 = EDGE_CURVE('',#238,#256,#258,.T.);
#256 = VERTEX_POINT('',#257);
#257 = CARTESIAN_POINT('',(45.295,0.,5.));
#258 = LINE('',#259,#260);
#259 = CARTESIAN_POINT('',(45.295,0.,0.));
#260 = VECTOR('',#261,1.);
#261 = DIRECTION('',(0.,0.,1.));
#262 = ORIENTED_EDGE('',*,*,#263,.T.);
#263 = EDGE_CURVE('',#256,#256,#264,.T.);
#264 = CIRCLE('',#265,45.295);
#265 = AXIS2_PLACEMENT_3D('',#266,#267,#268);
#266 = CARTESIAN_POINT('',(0.,0.,5.));
#267 = DIRECTION('',(0.,0.,1.));
#268 = DIRECTION('',(1.,0.,0.));
#269 = ORIENTED_EDGE('',*,*,#255,.F.);
#270 = CYLINDRICAL_SURFACE('',#271,45.295);
#271 = AXIS2_PLACEMENT_3D('',#272,#273,#274);
#272 = CARTESIAN_POINT('',(0.,0.,0.));
#273 = DIRECTION('',(-0.,-0.,-1.));
#274 = DIRECTION('',(1.,0.,0.));
#275 = ADVANCED_FACE('',(#276,#279),#290,.T.);
#276 = FACE_BOUND('',#277,.T.);
#277 = EDGE_LOOP('',(#278));
#278 = ORIENTED_EDGE('',*,*,#263,.T.);
#279 = FACE_BOUND('',#280,.F.);
#280 = EDGE_LOOP('',(#281));
#281 = ORIENTED_EDGE('',*,*,#282,.T.);
#282 = EDGE_CURVE('',#283,#283,#285,.T.);
#283 = VERTEX_POINT('',#284);
#284 = CARTESIAN_POINT('',(43.295,0.,5.));
#285 = CIRCLE('',#286,43.295);
#286 = AXIS2_PLACEMENT_3D('',#287,#288,#289);
#287 = CARTESIAN_POINT('',(0.,0.,5.));
#288 = DIRECTION('',(0.,0.,1.));
#289 = DIRECTION('',(1.,0.,0.));
#290 = PLANE('',#291);
#291 = AXIS2_PLACEMENT_3D('',#292,#293,#294);
#292 = CARTESIAN_POINT('',(-2.27E-15,2.78E-15,5.));
#293 = DIRECTION('',(0.,0.,1.));
#294 = DIRECTION('',(1.,0.,0.));
#295 = ADVANCED_FACE('',(#296),#315,.F.);
#296 = FACE_BOUND('',#297,.T.);
#297 = EDGE_LOOP('',(#298,#307,#313,#314));
#298 = ORIENTED_EDGE('',*,*,#299,.T.);
#299 = EDGE_CURVE('',#300,#300,#302,.T.);
#300 = VERTEX_POINT('',#301);
#301 = CARTESIAN_POINT('',(43.295,0.,2.));
#302 = CIRCLE('',#303,43.295);
#303 = AXIS2_PLACEMENT_3D('',#304,#305,#306);
#304 = CARTESIAN_POINT('',(0.,0.,2.));
#305 = DIRECTION('',(0.,0.,-1.));
#306 = DIRECTION('',(1.,0.,0.));
#307 = ORIENTED_EDGE('',*,*,#308,.T.);
#308 = EDGE_CURVE('',#300,#283,#309,.T.);
#309 = LINE('',#310,#311);
#310 = CARTESIAN_POINT('',(43.295,0.,0.));
#311 = VECTOR('',#312,1.);
#312 = DIRECTION('',(0.,0.,1.));
#313 = ORIENTED_EDGE('',*,*,#282,.T.);
#314 = ORIENTED_EDGE('',*,*,#308,.F.);
#315 = CYLINDRICAL_SURFACE('',#316,43.295);
#316 = AXIS2_PLACEMENT_3D('',#317,#318,#319);
#317 = CARTESIAN_POINT('',(0.,0.,0.));
#318 = DIRECTION('',(-0.,-0.,-1.));
#319 = DIRECTION('',(1.,0.,0.));
#320 = ADVANCED_FACE('',(#321,#324),#335,.T.);
#321 = FACE_BOUND('',#322,.T.);
#322 = EDGE_LOOP('',(#323));
#323 = ORIENTED_EDGE('',*,*,#299,.F.);
#324 = FACE_BOUND('',#325,.T.);
#325 = EDGE_LOOP('',(#326));
#326 = ORIENTED_EDGE('',*,*,#327,.T.);
#327 = EDGE_CURVE('',#328,#328,#330,.T.);
#328 = VERTEX_POINT('',#329);
#329 = CARTESIAN_POINT('',(25.,0.,2.));
#330 = CIRCLE('',#331,25.);
#331 = AXIS2_PLACEMENT_3D('',#332,#333,#334);
#332 = CARTESIAN_POINT('',(0.,0.,2.));
#333 = DIRECTION('',(0.,0.,-1.));
#334 = DIRECTION('',(1.,0.,0.));
#335 = PLANE('',#336);
#336 = AXIS2_PLACEMENT_3D('',#337,#338,#339);
#337 = CARTESIAN_POINT('',(-0.843115,2.732208970003E-15,2.));
#338 = DIRECTION('',(0.,0.,1.));
#339 = DIRECTION('',(1.,0.,0.));
#340 = ADVANCED_FACE('',(#341),#360,.T.);
#341 = FACE_BOUND('',#342,.F.);
#342 = EDGE_LOOP('',(#343,#344,#352,#359));
#343 = ORIENTED_EDGE('',*,*,#327,.T.);
#344 = ORIENTED_EDGE('',*,*,#345,.T.);
#345 = EDGE_CURVE('',#328,#346,#348,.T.);
#346 = VERTEX_POINT('',#347);
#347 = CARTESIAN_POINT('',(25.,0.,102.));
#348 = LINE('',#349,#350);
#349 = CARTESIAN_POINT('',(25.,0.,0.));
#350 = VECTOR('',#351,1.);
#351 = DIRECTION('',(0.,0.,1.));
#352 = ORIENTED_EDGE('',*,*,#353,.T.);
#353 = EDGE_CURVE('',#346,#346,#354,.T.);
#354 = CIRCLE('',#355,25.);
#355 = AXIS2_PLACEMENT_3D('',#356,#357,#358);
#356 = CARTESIAN_POINT('',(0.,0.,102.));
#357 = DIRECTION('',(0.,0.,1.));
#358 = DIRECTION('',(1.,0.,0.));
#359 = ORIENTED_EDGE('',*,*,#345,.F.);
#360 = CYLINDRICAL_SURFACE('',#361,25.);
#361 = AXIS2_PLACEMENT_3D('',#362,#363,#364);
#362 = CARTESIAN_POINT('',(0.,0.,0.));
#363 = DIRECTION('',(-0.,-0.,-1.));
#364 = DIRECTION('',(1.,0.,0.));
#365 = ADVANCED_FACE('',(#366),#369,.T.);
#366 = FACE_BOUND('',#367,.T.);
#367 = EDGE_LOOP('',(#368));
#368 = ORIENTED_EDGE('',*,*,#353,.T.);
#369 = PLANE('',#370);
#370 = AXIS2_PLACEMENT_3D('',#371,#372,#373);
#371 = CARTESIAN_POINT('',(-8.751616848252E-16,1.604946055186E-15,102.)
  );
#372 = DIRECTION('',(0.,0.,1.));
#373 = DIRECTION('',(1.,0.,0.));
#374 = ADVANCED_FACE('',(#375),#378,.T.);
#375 = FACE_BOUND('',#376,.T.);
#376 = EDGE_LOOP('',(#377));
#377 = ORIENTED_EDGE('',*,*,#129,.F.);
#378 = PLANE('',#379);
#379 = AXIS2_PLACEMENT_3D('',#380,#381,#382);
#380 = CARTESIAN_POINT('',(-0.843115,2.732208970003E-15,0.));
#381 = DIRECTION('',(-0.,-0.,-1.));
#382 = DIRECTION('',(-1.,0.,0.));
#383 = ( GEOMETRIC_REPRESENTATION_CONTEXT(3) 
GLOBAL_UNCERTAINTY_ASSIGNED_CONTEXT((#387)) GLOBAL_UNIT_ASSIGNED_CONTEXT
((#384,#385,#386)) REPRESENTATION_CONTEXT('Context #1',
  '3D Context with UNIT and UNCERTAINTY') );
#384 = ( LENGTH_UNIT() NAMED_UNIT(*) SI_UNIT(.MILLI.,.METRE.) );
#385 = ( NAMED_UNIT(*) PLANE_ANGLE_UNIT() SI_UNIT($,.RADIAN.) );
#386 = ( NAMED_UNIT(*) SI_UNIT($,.STERADIAN.) SOLID_ANGLE_UNIT() );
#387 = UNCERTAINTY_MEASURE_WITH_UNIT(LENGTH_MEASURE(1.E-07),#384,
  'distance_accuracy_value','confusion accuracy');
#388 = CONTEXT_DEPENDENT_SHAPE_REPRESENTATION(#389,#391);
#389 = ( REPRESENTATION_RELATIONSHIP('','',#104,#10) 
REPRESENTATION_RELATIONSHIP_WITH_TRANSFORMATION(#390) 
SHAPE_REPRESENTATION_RELATIONSHIP() );
#390 = ITEM_DEFINED_TRANSFORMATION('','',#11,#15);
#391 = PRODUCT_DEFINITION_SHAPE('Placement','Placement of an item',#392
  );
#392 = NEXT_ASSEMBLY_USAGE_OCCURRENCE('19','Body','',#5,#99,$);
#393 = PRODUCT_RELATED_PRODUCT_CATEGORY('part',$,(#101));
#394 = SHAPE_DEFINITION_REPRESENTATION(#395,#401);
#395 = PRODUCT_DEFINITION_SHAPE('','',#396);
#396 = PRODUCT_DEFINITION('design','',#397,#400);
#397 = PRODUCT_DEFINITION_FORMATION('','',#398);
#398 = PRODUCT('Body001','Body001','',(#399));
#399 = PRODUCT_CONTEXT('',#2,'mechanical');
#400 = PRODUCT_DEFINITION_CONTEXT('part definition',#2,'design');
#401 = ADVANCED_BREP_SHAPE_REPRESENTATION('',(#11,#402),#430);
#402 = MANIFOLD_SOLID_BREP('',#403);
#403 = CLOSED_SHELL('',(#404));
#404 = ADVANCED_FACE('',(#405),#425,.T.);
#405 = FACE_BOUND('',#406,.F.);
#406 = EDGE_LOOP('',(#407,#416,#423,#424));
#407 = ORIENTED_EDGE('',*,*,#408,.T.);
#408 = EDGE_CURVE('',#409,#409,#411,.T.);
#409 = VERTEX_POINT('',#410);
#410 = CARTESIAN_POINT('',(25.,2.375877272698E-14,107.));
#411 = CIRCLE('',#412,25.);
#412 = AXIS2_PLACEMENT_3D('',#413,#414,#415);
#413 = CARTESIAN_POINT('',(0.,2.375877272698E-14,107.));
#414 = DIRECTION('',(0.,-2.22044604925E-16,-1.));
#415 = DIRECTION('',(1.,0.,0.));
#416 = ORIENTED_EDGE('',*,*,#417,.F.);
#417 = EDGE_CURVE('',#409,#409,#418,.T.);
#418 = CIRCLE('',#419,7.);
#419 = AXIS2_PLACEMENT_3D('',#420,#421,#422);
#420 = CARTESIAN_POINT('',(18.,2.375877272698E-14,107.));
#421 = DIRECTION('',(0.,-1.,2.22044604925E-16));
#422 = DIRECTION('',(1.,0.,0.));
#423 = ORIENTED_EDGE('',*,*,#408,.F.);
#424 = ORIENTED_EDGE('',*,*,#417,.T.);
#425 = TOROIDAL_SURFACE('',#426,18.,7.);
#426 = AXIS2_PLACEMENT_3D('',#427,#428,#429);
#427 = CARTESIAN_POINT('',(0.,2.375877272698E-14,107.));
#428 = DIRECTION('',(0.,2.22044604925E-16,1.));
#429 = DIRECTION('',(1.,0.,0.));
#430 = ( GEOMETRIC_REPRESENTATION_CONTEXT(3) 
GLOBAL_UNCERTAINTY_ASSIGNED_CONTEXT((#434)) GLOBAL_UNIT_ASSIGNED_CONTEXT
((#431,#432,#433)) REPRESENTATION_CONTEXT('Context #1',
  '3D Context with UNIT and UNCERTAINTY') );
#431 = ( LENGTH_UNIT() NAMED_UNIT(*) SI_UNIT(.MILLI.,.METRE.) );
#432 = ( NAMED_UNIT(*) PLANE_ANGLE_UNIT() SI_UNIT($,.RADIAN.) );
#433 = ( NAMED_UNIT(*) SI_UNIT($,.STERADIAN.) SOLID_ANGLE_UNIT() );
#434 = UNCERTAINTY_MEASURE_WITH_UNIT(LENGTH_MEASURE(1.E-07),#431,
  'distance_accuracy_value','confusion accuracy');
#435 = CONTEXT_DEPENDENT_SHAPE_REPRESENTATION(#436,#438);
#436 = ( REPRESENTATION_RELATIONSHIP('','',#401,#10) 
REPRESENTATION_RELATIONSHIP_WITH_TRANSFORMATION(#437) 
SHAPE_REPRESENTATION_RELATIONSHIP() );
#437 = ITEM_DEFINED_TRANSFORMATION('','',#11,#19);
#438 = PRODUCT_DEFINITION_SHAPE('Placement','Placement of an item',#439
  );
#439 = NEXT_ASSEMBLY_USAGE_OCCURRENCE('20','Body001','',#5,#396,$);
#440 = PRODUCT_RELATED_PRODUCT_CATEGORY('part',$,(#398));
#441 = SHAPE_DEFINITION_REPRESENTATION(#442,#448);
#442 = PRODUCT_DEFINITION_SHAPE('','',#443);
#443 = PRODUCT_DEFINITION('design','',#444,#447);
#444 = PRODUCT_DEFINITION_FORMATION('','',#445);
#445 = PRODUCT('Sweep','Sweep','',(#446));
#446 = PRODUCT_CONTEXT('',#2,'mechanical');
#447 = PRODUCT_DEFINITION_CONTEXT('part definition',#2,'design');
#448 = ADVANCED_BREP_SHAPE_REPRESENTATION('',(#11,#449),#3109);
#449 = MANIFOLD_SOLID_BREP('',#450);
#450 = CLOSED_SHELL('',(#451,#3091,#3100));
#451 = ADVANCED_FACE('',(#452),#808,.T.);
#452 = FACE_BOUND('',#453,.T.);
#453 = EDGE_LOOP('',(#454,#787,#797,#798));
#454 = ORIENTED_EDGE('',*,*,#455,.T.);
#455 = EDGE_CURVE('',#456,#458,#460,.T.);
#456 = VERTEX_POINT('',#457);
#457 = CARTESIAN_POINT('',(25.,-6.383782391595E-15,0.));
#458 = VERTEX_POINT('',#459);
#459 = CARTESIAN_POINT('',(-25.,1.951883099593E-12,102.00000000004));
#460 = ( BOUNDED_CURVE() B_SPLINE_CURVE(11,(#461,#462,#463,#464,#465,
    #466,#467,#468,#469,#470,#471,#472,#473,#474,#475,#476,#477,#478,
    #479,#480,#481,#482,#483,#484,#485,#486,#487,#488,#489,#490,#491,
    #492,#493,#494,#495,#496,#497,#498,#499,#500,#501,#502,#503,#504,
    #505,#506,#507,#508,#509,#510,#511,#512,#513,#514,#515,#516,#517,
    #518,#519,#520,#521,#522,#523,#524,#525,#526,#527,#528,#529,#530,
    #531,#532,#533,#534,#535,#536,#537,#538,#539,#540,#541,#542,#543,
    #544,#545,#546,#547,#548,#549,#550,#551,#552,#553,#554,#555,#556,
    #557,#558,#559,#560,#561,#562,#563,#564,#565,#566,#567,#568,#569,
    #570,#571,#572,#573,#574,#575,#576,#577,#578,#579,#580,#581,#582,
    #583,#584,#585,#586,#587,#588,#589,#590,#591,#592,#593,#594,#595,
    #596,#597,#598,#599,#600,#601,#602,#603,#604,#605,#606,#607,#608,
    #609,#610,#611,#612,#613,#614,#615,#616,#617,#618,#619,#620,#621,
    #622,#623,#624,#625,#626,#627,#628,#629,#630,#631,#632,#633,#634,
    #635,#636,#637,#638,#639,#640,#641,#642,#643,#644,#645,#646,#647,
    #648,#649,#650,#651,#652,#653,#654,#655,#656,#657,#658,#659,#660,
    #661,#662,#663,#664,#665,#666,#667,#668,#669,#670,#671,#672,#673,
    #674,#675,#676,#677,#678,#679,#680,#681,#682,#683,#684,#685,#686,
    #687,#688,#689,#690,#691,#692,#693,#694,#695,#696,#697,#698,#699,
    #700,#701,#702,#703,#704,#705,#706,#707,#708,#709,#710,#711,#712,
    #713,#714,#715,#716,#717,#718,#719,#720,#721,#722,#723,#724,#725,
    #726,#727,#728,#729,#730,#731,#732,#733,#734,#735,#736,#737,#738,
    #739,#740,#741,#742,#743,#744,#745,#746,#747,#748,#749,#750,#751,
    #752,#753,#754,#755,#756,#757,#758,#759,#760,#761,#762,#763,#764,
    #765,#766,#767,#768,#769,#770,#771,#772,#773,#774,#775,#776,#777,
    #778,#779,#780,#781,#782,#783,#784,#785,#786),.UNSPECIFIED.,.F.,.F.)
 B_SPLINE_CURVE_WITH_KNOTS((12,10,10,10,10,10,10,10,10,10,10,10,10,10,10
    ,10,10,11,10,10,10,10,10,10,10,10,11,10,10,10,11,11,12),(0.,
    5.00701081212,10.01402162424,15.021032436361,20.028043248481,
    25.035054060601,30.042064872721,35.049075684842,40.056086496962,
    45.063097309082,50.070108121202,55.077118933323,60.084129745443,
    65.091140557563,70.098151369683,75.105162181803,80.112172993924,
    85.119183806044,90.126194618164,95.133205430284,100.1402162424,
    105.14722705452,110.15423786664,115.16124867876,120.16825949088,
    125.175270303,130.18228111512,135.18929192724,140.19630273936,
    145.20331355148,150.2103243636,155.21733517572,160.22434598784),
.UNSPECIFIED.) CURVE() GEOMETRIC_REPRESENTATION_ITEM() 
RATIONAL_B_SPLINE_CURVE((1.669078461068,1.669078461068,1.669078461069,
    1.669078461067,1.669078461069,1.669078461067,1.66907846107,
    1.669078461067,1.669078461069,1.669078461068,1.669078461068,
    1.669078461068,1.669078461068,1.669078461068,1.669078461069,
    1.669078461067,1.66907846107,1.669078461067,1.669078461069,
    1.669078461068,1.669078461068,1.669078461068,1.669078461068,
    1.669078461069,1.669078461067,1.66907846107,1.669078461067,
    1.669078461069,1.669078461068,1.669078461069,1.669078461068,
    1.669078461068,1.669078461067,1.669078461071,1.669078461064,
    1.669078461073,1.669078461064,1.669078461072,1.669078461066,
    1.669078461069,1.669078461068,1.669078461068,1.669078461068,
    1.669078461068,1.669078461069,1.669078461067,1.669078461069,
    1.669078461067,1.669078461069,1.669078461068,1.669078461068,
    1.669078461068,1.669078461068,1.669078461069,1.669078461067,
    1.66907846107,1.669078461067,1.669078461069,1.669078461068,
    1.669078461069,1.669078461068,1.669078461068,1.669078461067,
    1.66907846107,1.669078461065,1.669078461073,1.669078461064,
    1.669078461071,1.669078461067,1.669078461069,1.669078461068,
    1.669078461068,1.669078461068,1.669078461069,1.669078461067,
    1.66907846107,1.669078461067,1.669078461069,1.669078461068,
    1.669078461068,1.669078461068,1.669078461068,1.669078461069,
    1.669078461067,1.66907846107,1.669078461066,1.669078461071,
    1.669078461066,1.669078461069,1.669078461068,1.669078461068,
    1.669078461068,1.669078461067,1.66907846107,1.669078461065,
    1.669078461073,1.669078461064,1.669078461071,1.669078461066,
    1.669078461069,1.669078461068,1.669078461068,1.669078461069,
    1.669078461067,1.66907846107,1.669078461066,1.669078461071,
    1.669078461066,1.669078461069,1.669078461068,1.669078461068,
    1.669078461068,1.669078461068,1.669078461069,1.669078461068,
    1.669078461069,1.669078461068,1.669078461069,1.669078461068,
    1.669078461068,1.669078461068,1.669078461068,1.669078461068,
    1.669078461069,1.669078461067,1.66907846107,1.669078461067,
    1.669078461069,1.669078461068,1.669078461068,1.669078461068,
    1.669078461068,1.669078461069,1.669078461068,1.669078461069,
    1.669078461067,1.669078461069,1.669078461068,1.669078461068,
    1.669078461068,1.669078461068,1.669078461068,1.669078461068,
    1.669078461069,1.669078461066,1.669078461071,1.669078461065,
    1.669078461071,1.669078461067,1.669078461069,1.669078461068,
    1.669078461068,1.669078461068,1.669078461069,1.669078461066,
    1.669078461071,1.669078461066,1.66907846107,1.669078461067,
    1.669078461069,1.669078461068,1.669078461068,1.669078461068,
    1.669078461069,1.669078461067,1.66907846107,1.669078461066,
    1.66907846107,1.669078461067,1.669078461069,1.669078461068,
    1.669078461068,1.669078461068,1.669078461069,1.669078461067,
    1.66907846107,1.669078461067,1.66907846107,1.669078461067,
    1.669078461069,1.669078461068,1.669078461068,1.669078461068,
    1.669078461068,1.669078461069,1.669078461066,1.669078461071,
    1.669078461066,1.66907846107,1.669078461067,1.669078461069,
    1.669078461068,1.669078461068,1.669078461068,1.66907846107,
    1.669078461066,1.669078461071,1.669078461065,1.669078461071,
    1.669078461067,1.669078461069,1.669078461068,1.669078461068,
    1.669078461068,1.669078461069,1.669078461066,1.669078461071,
    1.669078461066,1.66907846107,1.669078461067,1.669078461069,
    1.669078461068,1.669078461068,1.669078461068,1.669078461069,
    1.669078461067,1.66907846107,1.669078461066,1.66907846107,
    1.669078461067,1.669078461069,1.669078461068,1.669078461068,
    1.669078461068,1.669078461069,1.669078461068,1.669078461069,
    1.669078461068,1.669078461069,1.669078461068,1.669078461068,
    1.669078461068,1.669078461068,1.669078461068,1.669078461069,
    1.669078461066,1.669078461071,1.669078461066,1.66907846107,
    1.669078461067,1.669078461069,1.669078461068,1.669078461068,
    1.669078461068,1.669078461069,1.669078461067,1.66907846107,
    1.669078461066,1.66907846107,1.669078461067,1.669078461069,
    1.669078461068,1.669078461068,1.669078461069,1.669078461068,
    1.669078461069,1.669078461067,1.669078461069,1.669078461068,
    1.669078461069,1.669078461068,1.669078461068,1.669078461068,
    1.669078461068,1.669078461068,1.669078461068,1.669078461068,
    1.669078461069,1.669078461068,1.669078461069,1.669078461068,
    1.669078461068,1.669078461068,1.669078461068,1.669078461069,
    1.669078461067,1.66907846107,1.669078461066,1.66907846107,
    1.669078461067,1.669078461069,1.669078461068,1.669078461068,
    1.669078461068,1.669078461069,1.669078461067,1.66907846107,
    1.669078461066,1.66907846107,1.669078461067,1.669078461069,
    1.669078461068,1.669078461068,1.669078461068,1.669078461068,
    1.66907846107,1.669078461066,1.669078461072,1.669078461065,
    1.669078461071,1.669078461067,1.669078461069,1.669078461068,
    1.669078461068,1.669078461068,1.669078461068,1.669078461069,
    1.669078461068,1.669078461069,1.669078461068,1.669078461069,
    1.669078461068,1.669078461068,1.669078461068,1.669078461068,
    1.669078461068,1.669078461069,1.669078461067,1.66907846107,
    1.669078461066,1.66907846107,1.669078461067,1.669078461069,
1.669078461068,1.669078461068,1.669078461068)) REPRESENTATION_ITEM('') 
  );
#461 = CARTESIAN_POINT('',(25.,-6.383782391595E-15,0.));
#462 = CARTESIAN_POINT('',(25.,11.379348390143,0.289772727326));
#463 = CARTESIAN_POINT('',(19.302558471861,22.758600257865,
    0.579545454296));
#464 = CARTESIAN_POINT('',(7.906731077917,30.969037949658,0.869318182543
    ));
#465 = CARTESIAN_POINT('',(-7.199305942674,32.836206008507,
    1.159090907691));
#466 = CARTESIAN_POINT('',(-22.061209638,26.625397847334,1.448863638312)
  );
#467 = CARTESIAN_POINT('',(-31.88294827477,13.382316336835,1.73863636166
    ));
#468 = CARTESIAN_POINT('',(-33.51213820385,-2.642541217651,
    2.028409092384));
#469 = CARTESIAN_POINT('',(-27.34031869384,-16.55610707833,2.3181818174)
  );
#470 = CARTESIAN_POINT('',(-16.17538561533,-25.07786971517,
    2.607954545738));
#471 = CARTESIAN_POINT('',(-3.632240537524,-27.2267588681,2.897727272673
    ));
#472 = CARTESIAN_POINT('',(18.146474400247,-20.6202579185,3.477272727335
    ));
#473 = CARTESIAN_POINT('',(27.381859527708,-11.86492385392,
    3.767045454275));
#474 = CARTESIAN_POINT('',(31.930724452049,1.423567293814,4.05681818248)
  );
#475 = CARTESIAN_POINT('',(29.332441799717,16.421153709357,
    4.346590908063));
#476 = CARTESIAN_POINT('',(19.074886035707,28.84020637838,4.636363637467
    ));
#477 = CARTESIAN_POINT('',(3.550946938101,34.394760605128,4.926136362836
    ));
#478 = CARTESIAN_POINT('',(-12.25681450241,31.302027559254,
    5.215909091276));
#479 = CARTESIAN_POINT('',(-23.77968225413,21.357069550174,
    5.505681818109));
#480 = CARTESIAN_POINT('',(-28.69349165746,8.199157624798,5.795454545451
    ));
#481 = CARTESIAN_POINT('',(-27.10876754429,-4.427673431266,
    6.085227272726));
#482 = CARTESIAN_POINT('',(-14.46471307082,-23.35083821971,
    6.664772727301));
#483 = CARTESIAN_POINT('',(-3.405489960641,-29.64701144098,
    6.954545454308));
#484 = CARTESIAN_POINT('',(10.631269006302,-30.1425584049,7.244318182621
    ));
#485 = CARTESIAN_POINT('',(24.228822744351,-23.30258739902,
    7.534090907418));
#486 = CARTESIAN_POINT('',(33.135503911286,-9.881657846449,
    7.823863638809));
#487 = CARTESIAN_POINT('',(33.944519246319,6.586227626208,8.113636361064
    ));
#488 = CARTESIAN_POINT('',(26.39620732001,20.815539152581,8.403409092881
    ));
#489 = CARTESIAN_POINT('',(13.534563917035,28.955367161235,
    8.693181817118));
#490 = CARTESIAN_POINT('',(-0.483176314815,29.838049364942,
    8.982954545833));
#491 = CARTESIAN_POINT('',(-12.1062791372,24.656187362134,9.272727272666
    ));
#492 = CARTESIAN_POINT('',(-26.54424353092,7.063476846045,9.852272727319
    ));
#493 = CARTESIAN_POINT('',(-29.35898263596,-5.34722244147,
    10.142045454392));
#494 = CARTESIAN_POINT('',(-25.75853546741,-18.92341297022,
    10.43181818221));
#495 = CARTESIAN_POINT('',(-15.26592981853,-29.94992183394,
    10.721590908394));
#496 = CARTESIAN_POINT('',(0.162572081335,-34.57719409586,
    11.011363637296));
#497 = CARTESIAN_POINT('',(16.156200690005,-30.57099868339,
    11.301136362713));
#498 = CARTESIAN_POINT('',(27.581643547503,-19.21716342983,
    11.590909091592));
#499 = CARTESIAN_POINT('',(31.637435291132,-4.546470727696,
    11.880681817816));
#500 = CARTESIAN_POINT('',(28.412974296208,9.123899434762,
    12.170454545605));
#501 = CARTESIAN_POINT('',(20.080232880112,18.742300212761,
    12.460227272681));
#502 = CARTESIAN_POINT('',(-0.946061261855,27.451676412805,
    13.039772727357));
#503 = CARTESIAN_POINT('',(-13.63943563735,26.542577959734,
    13.329545454032));
#504 = CARTESIAN_POINT('',(-25.58588531569,19.156204751642,
    13.619318183322));
#505 = CARTESIAN_POINT('',(-33.09175376517,5.91458061236,13.909090906248
    ));
#506 = CARTESIAN_POINT('',(-33.04111954273,-10.19280141059,14.1988636402
    ));
#507 = CARTESIAN_POINT('',(-24.56472424074,-24.33481259846,
    14.488636359858));
#508 = CARTESIAN_POINT('',(-10.383150329,-31.97243532055,14.778409093636
    ));
#509 = CARTESIAN_POINT('',(4.833161468038,-31.5949087369,15.06818181678)
  );
#510 = CARTESIAN_POINT('',(16.978878461732,-24.54099295949,
    15.357954545949));
#511 = CARTESIAN_POINT('',(23.764246978784,-13.77498222559,
    15.647727272627));
#512 = CARTESIAN_POINT('',(25.994989354825,8.874125209116,
    16.227272727391));
#513 = CARTESIAN_POINT('',(21.440344292048,20.757029794601,
    16.517045454052));
#514 = CARTESIAN_POINT('',(10.9041545453,30.044918397638,16.806818182854
    ));
#515 = CARTESIAN_POINT('',(-3.946128304692,33.383746082339,
    17.096590907879));
#516 = CARTESIAN_POINT('',(-19.34523352636,28.659565960258,
    17.386363636972));
#517 = CARTESIAN_POINT('',(-30.41772678614,16.44295224095,
    17.676136364113));
#518 = CARTESIAN_POINT('',(-33.60978243188,0.654947293795,
    17.965909089708));
#519 = CARTESIAN_POINT('',(-28.83144985729,-13.79656504353,
    18.255681819331));
#520 = CARTESIAN_POINT('',(-18.55555778744,-23.37164787622,
    18.545454544816));
#521 = CARTESIAN_POINT('',(-6.283439351238,-26.73963275185,
    18.835227272947));
#522 = CARTESIAN_POINT('',(16.037955452045,-22.29963126829,
    19.414772726977));
#523 = CARTESIAN_POINT('',(26.087042483469,-14.49168257046,
    19.704545456072));
#524 = CARTESIAN_POINT('',(31.916503281432,-1.713045870987,
    19.994318178031));
#525 = CARTESIAN_POINT('',(30.80075260267,13.466999301338,
    20.284090915164));
#526 = CARTESIAN_POINT('',(21.809869801348,26.831667121086,
    20.573863629643));
#527 = CARTESIAN_POINT('',(6.905124234963,33.881086766878,
    20.863636368849));
#528 = CARTESIAN_POINT('',(-9.129659362642,32.352677648327,
    21.15340908818));
#529 = CARTESIAN_POINT('',(-21.57181770129,23.585045875083,
    21.443181819081));
#530 = CARTESIAN_POINT('',(-27.75166666891,10.972130438195,
    21.732954545285));
#531 = CARTESIAN_POINT('',(-27.41221930703,-1.749229100954,
    22.022727272775));
#532 = CARTESIAN_POINT('',(-16.68384391037,-21.82060774034,
    22.602272727158));
#533 = CARTESIAN_POINT('',(-6.29500687642,-29.17045659023,
    22.892045455316));
#534 = CARTESIAN_POINT('',(7.6255891631,-31.03946033333,23.181818179643)
  );
#535 = CARTESIAN_POINT('',(21.828101361427,-25.56521899055,
    23.471590913085));
#536 = CARTESIAN_POINT('',(32.007375559044,-13.08192229965,
    23.761363631183));
#537 = CARTESIAN_POINT('',(34.426630305918,3.227368433606,
    24.051136368551));
#538 = CARTESIAN_POINT('',(28.309381988876,18.128025884967,
    24.340909087513));
#539 = CARTESIAN_POINT('',(16.30751357887,27.489319903364,
    24.630681819856));
#540 = CARTESIAN_POINT('',(2.443790582922,29.741730562301,
    24.920454544916));
#541 = CARTESIAN_POINT('',(-9.631255117503,25.724083941828,
    25.210227272813));
#542 = CARTESIAN_POINT('',(-25.72408394182,9.631255117501,
    25.789772727223));
#543 = CARTESIAN_POINT('',(-29.74173056232,-2.443790582912,
    26.079545454622));
#544 = CARTESIAN_POINT('',(-27.48931990329,-16.30751357891,
    26.369318181893));
#545 = CARTESIAN_POINT('',(-18.12802588512,-28.30938198875,
    26.65909090854));
#546 = CARTESIAN_POINT('',(-3.227368433381,-34.42663030614,
    26.948863637602));
#547 = CARTESIAN_POINT('',(13.081922299414,-32.00737555877,
    27.238636361989));
#548 = CARTESIAN_POINT('',(25.565218990736,-21.82810136166,
    27.528409092364));
#549 = CARTESIAN_POINT('',(31.039460333245,-7.625589162958,
    27.818181817361));
#550 = CARTESIAN_POINT('',(29.170456590261,6.295006876361,
    28.107954545699));
#551 = CARTESIAN_POINT('',(21.820607740347,16.683843910393,
    28.397727272755));
#552 = CARTESIAN_POINT('',(1.749229100946,27.412219307022,
    28.977272727131));
#553 = CARTESIAN_POINT('',(-10.97213043813,27.75166666899,
    29.267045455384));
#554 = CARTESIAN_POINT('',(-23.58504587524,21.571817701081,
    29.556818180023));
#555 = CARTESIAN_POINT('',(-32.35267764802,9.129659362996,
    29.846590911141));
#556 = CARTESIAN_POINT('',(-33.8810867673,-6.905124235377,
    30.136363635513));
#557 = CARTESIAN_POINT('',(-26.8316671206,-21.80986980098,30.42613636258
    ));
#558 = CARTESIAN_POINT('',(-13.46699930175,-30.8007526029,
    30.715909093054));
#559 = CARTESIAN_POINT('',(1.713045871242,-31.9165032813,31.005681816412
    ));
#560 = CARTESIAN_POINT('',(14.491682570364,-26.08704248351,
    31.295454546219));
#561 = CARTESIAN_POINT('',(22.299631268316,-16.03795545203,
    31.585227272642));
#562 = CARTESIAN_POINT('',(26.739632751848,6.283439351232,
    32.164772727194));
#563 = CARTESIAN_POINT('',(23.371647876256,18.555557787459,
    32.454545455467));
#564 = CARTESIAN_POINT('',(13.796565043491,28.831449857271,
    32.744318178997));
#565 = CARTESIAN_POINT('',(-0.654947293771,33.609782431912,
    33.03409091444));
#566 = CARTESIAN_POINT('',(-16.44295224092,30.417726786121,
    33.323863629301));
#567 = CARTESIAN_POINT('',(-28.65956596035,19.345233526391,
    33.613636370411));
#568 = CARTESIAN_POINT('',(-33.38374608222,3.946128304668,
    33.903409086171));
#569 = CARTESIAN_POINT('',(-30.04491839772,-10.90415454528,
    34.193181820559));
#570 = CARTESIAN_POINT('',(-20.75702979456,-21.44034429205,
    34.482954544659));
#571 = CARTESIAN_POINT('',(-8.874125209124,-25.99498935482,
    34.772727272873));
#572 = CARTESIAN_POINT('',(13.774982225602,-23.76424697878,
    35.352272727148));
#573 = CARTESIAN_POINT('',(24.540992959481,-16.97887846173,
    35.642045454974));
#574 = CARTESIAN_POINT('',(31.594908736925,-4.833161468005,
    35.931818181081));
#575 = CARTESIAN_POINT('',(31.97243532056,10.383150328915,
    36.221590909716));
#576 = CARTESIAN_POINT('',(24.33481259841,24.564724240914,36.51136363649
    ));
#577 = CARTESIAN_POINT('',(10.192801410686,33.041119542532,
    36.801136362616));
#578 = CARTESIAN_POINT('',(-5.914580612459,33.09175376534,
    37.090909092284));
#579 = CARTESIAN_POINT('',(-19.15620475157,25.5858853156,37.38068181718)
  );
#580 = CARTESIAN_POINT('',(-26.54257795975,13.639435637391,
    37.670454545859));
#581 = CARTESIAN_POINT('',(-27.4516764128,0.946061261847,37.960227272691
    ));
#582 = CARTESIAN_POINT('',(-18.74230021276,-20.0802328801,
    38.539772727221));
#583 = CARTESIAN_POINT('',(-9.123899434757,-28.41297429625,
    38.829545454948));
#584 = CARTESIAN_POINT('',(4.546470727675,-31.637435291,39.119318181002)
  );
#585 = CARTESIAN_POINT('',(19.217163429885,-27.5816435477,
    39.409090909821));
#586 = CARTESIAN_POINT('',(30.570998683323,-16.15620068979,
    39.698863636558));
#587 = CARTESIAN_POINT('',(34.577194095917,-0.162572081454,
    39.988636362273));
#588 = CARTESIAN_POINT('',(29.949921833939,15.265929818559,
    40.278409092779));
#589 = CARTESIAN_POINT('',(18.923412970197,25.75853546743,
    40.568181816766));
#590 = CARTESIAN_POINT('',(5.347222441492,29.35898263595,40.857954546076
    ));
#591 = CARTESIAN_POINT('',(-7.06347684605,26.544243530933,
    41.147727272622));
#592 = CARTESIAN_POINT('',(-24.65618736213,12.106279137205,
    41.72727272731));
#593 = CARTESIAN_POINT('',(-29.83804936494,0.483176314833,
    42.017045454528));
#594 = CARTESIAN_POINT('',(-28.95536716122,-13.5345639171,
    42.306818181958));
#595 = CARTESIAN_POINT('',(-20.81553915263,-26.39620731986,
    42.596590908495));
#596 = CARTESIAN_POINT('',(-6.586227626069,-33.94451924654,
    42.886363637679));
#597 = CARTESIAN_POINT('',(9.881657846242,-33.13550391103,
    43.176136361853));
#598 = CARTESIAN_POINT('',(23.302587399229,-24.22882274455,
    43.465909092538));
#599 = CARTESIAN_POINT('',(30.142558404771,-10.63126900618,
    43.755681817218));
#600 = CARTESIAN_POINT('',(29.647011441035,3.405489960594,
    44.045454545768));
#601 = CARTESIAN_POINT('',(23.350838219703,14.464713070839,
    44.335227272742));
#602 = CARTESIAN_POINT('',(4.427673431275,27.108767544288,
    44.914772727133));
#603 = CARTESIAN_POINT('',(-8.199157624829,28.693491657504,
    45.204545455476));
#604 = CARTESIAN_POINT('',(-21.35706955008,23.779682254034,
    45.494318179543));
#605 = CARTESIAN_POINT('',(-31.3020275594,12.256814502584,
    45.784090912447));
#606 = CARTESIAN_POINT('',(-34.39476060492,-3.550946938276,
    46.073863633225));
#607 = CARTESIAN_POINT('',(-28.84020637857,-19.07488603557,
    46.363636365332));
#608 = CARTESIAN_POINT('',(-16.42115370923,-29.33244179978,
    46.653409090753));
#609 = CARTESIAN_POINT('',(-1.423567293863,-31.93072445202,
    46.943181817697));
#610 = CARTESIAN_POINT('',(11.864923853937,-27.38185952771,
    47.232954545817));
#611 = CARTESIAN_POINT('',(20.620257918507,-18.14647440024,
    47.522727272637));
#612 = CARTESIAN_POINT('',(27.226758868102,3.632240537523,
    48.102272727342));
#613 = CARTESIAN_POINT('',(25.077869715174,16.175385615324,
    48.39204545439));
#614 = CARTESIAN_POINT('',(16.556107078353,27.340318693863,
    48.681818181919));
#615 = CARTESIAN_POINT('',(2.642541217572,33.5121382038,48.971590909491)
  );
#616 = CARTESIAN_POINT('',(-13.38231633666,31.882948274864,
    49.261363635078));
#617 = CARTESIAN_POINT('',(-26.62539784756,22.061209637899,
    49.551136365657));
#618 = CARTESIAN_POINT('',(-32.83620600831,7.199305942759,
    49.840909088854));
#619 = CARTESIAN_POINT('',(-30.96903794977,-7.906731077963,
    50.130681819609));
#620 = CARTESIAN_POINT('',(-22.75860025782,-19.30255847184,
    50.420454544808));
#621 = CARTESIAN_POINT('',(-11.37934839015,-25.,50.710227272901));
#622 = CARTESIAN_POINT('',(11.379348390153,-24.99999999999,
    51.289772727079));
#623 = CARTESIAN_POINT('',(22.758600257818,-19.30255847189,
    51.579545455159));
#624 = CARTESIAN_POINT('',(30.969037949757,-7.906731077797,
    51.869318181358));
#625 = CARTESIAN_POINT('',(32.836206008382,7.199305942368,
    52.159090907562));
#626 = CARTESIAN_POINT('',(26.625397847424,22.061209638526,
    52.448863641652));
#627 = CARTESIAN_POINT('',(13.38231633682,31.882948274133,
    52.738636355208));
#628 = CARTESIAN_POINT('',(-2.642541217684,33.512138204422,
    53.028409099506));
#629 = CARTESIAN_POINT('',(-16.55610707829,27.340318693485,
    53.318181812307));
#630 = CARTESIAN_POINT('',(-25.07786971519,16.175385615478,
    53.607954548074));
#631 = CARTESIAN_POINT('',(-27.2267588681,3.632240537491,53.897727272064
    ));
#632 = CARTESIAN_POINT('',(-23.9235083933,-7.25711693136,54.187500000046
    ));
#633 = CARTESIAN_POINT('',(-20.6202579185,-18.14647440024,
    54.477272726772));
#634 = CARTESIAN_POINT('',(-11.86492385395,-27.38185952772,
    54.767045456451));
#635 = CARTESIAN_POINT('',(1.423567293928,-31.93072445197,
    55.056818177616));
#636 = CARTESIAN_POINT('',(16.421153709106,-29.33244179991,
    55.346590915162));
#637 = CARTESIAN_POINT('',(28.840206378754,-19.07488603537,
    55.636363630531));
#638 = CARTESIAN_POINT('',(34.394760604731,-3.550946938487,
    55.92613636716));
#639 = CARTESIAN_POINT('',(31.302027559559,12.25681450272,
    56.215909089979));
#640 = CARTESIAN_POINT('',(21.357069550009,23.779682253975,
    56.505681817854));
#641 = CARTESIAN_POINT('',(8.199157624858,28.693491657518,
    56.795454545808));
#642 = CARTESIAN_POINT('',(-4.427673431277,27.108767544287,
    57.085227272664));
#643 = CARTESIAN_POINT('',(-23.3508382197,14.464713070837,
    57.664772727252));
#644 = CARTESIAN_POINT('',(-29.64701144102,3.405489960599,
    57.954545454958));
#645 = CARTESIAN_POINT('',(-30.14255840482,-10.63126900617,
    58.244318180445));
#646 = CARTESIAN_POINT('',(-23.30258739912,-24.22882274461,
    58.534090911904));
#647 = CARTESIAN_POINT('',(-9.881657846409,-33.1355039109,
    58.823863632356));
#648 = CARTESIAN_POINT('',(6.586227626264,-33.94451924671,
    59.113636367788));
#649 = CARTESIAN_POINT('',(20.815539152466,-26.39620731971,
    59.403409087796));
#650 = CARTESIAN_POINT('',(28.955367161328,-13.53456391719,
    59.693181819828));
#651 = CARTESIAN_POINT('',(29.838049364902,0.483176314866,
    59.982954544909));
#652 = CARTESIAN_POINT('',(24.65618736214,12.106279137198,
    60.272727272795));
#653 = CARTESIAN_POINT('',(7.063476846045,26.544243530936,
    60.852272727284));
#654 = CARTESIAN_POINT('',(-5.347222441477,29.358982635941,
    61.142045454261));
#655 = CARTESIAN_POINT('',(-18.92341297021,25.758535467443,
    61.431818182757));
#656 = CARTESIAN_POINT('',(-29.94992183393,15.265929818546,
    61.721590907302));
#657 = CARTESIAN_POINT('',(-34.5771940959,-0.162572081435,
    62.011363638715));
#658 = CARTESIAN_POINT('',(-30.57099868332,-16.15620068982,
    62.301136361443));
#659 = CARTESIAN_POINT('',(-19.2171634299,-27.58164354768,
    62.590909092351));
#660 = CARTESIAN_POINT('',(-4.54647072765,-31.63743529101,62.88068181757
    ));
#661 = CARTESIAN_POINT('',(9.123899434741,-28.41297429625,
    63.170454545579));
#662 = CARTESIAN_POINT('',(18.742300212766,-20.0802328801,
    63.460227272762));
#663 = CARTESIAN_POINT('',(27.451676412799,0.94606126185,64.039772727173
    ));
#664 = CARTESIAN_POINT('',(26.54257795976,13.639435637368,
    64.329545455253));
#665 = CARTESIAN_POINT('',(19.156204751587,25.585885315662,
    64.619318179776));
#666 = CARTESIAN_POINT('',(5.914580612428,33.091753765225,
    64.909090912893));
#667 = CARTESIAN_POINT('',(-10.19280141062,33.041119542697,
    65.198863631395));
#668 = CARTESIAN_POINT('',(-24.33481259847,24.564724240728,
    65.488636368347));
#669 = CARTESIAN_POINT('',(-31.97243532051,10.383150329076,
    65.778409087696));
#670 = CARTESIAN_POINT('',(-31.59490873693,-4.833161468102,
    66.068181819692));
#671 = CARTESIAN_POINT('',(-24.54099295948,-16.97887846169,
    66.357954545056));
#672 = CARTESIAN_POINT('',(-13.77498222559,-23.76424697879,
    66.647727272714));
#673 = CARTESIAN_POINT('',(8.874125209116,-25.99498935481,
    67.227272727426));
#674 = CARTESIAN_POINT('',(20.75702979461,-21.44034429208,
    67.517045453413));
#675 = CARTESIAN_POINT('',(30.044918397594,-10.9041545452,
    67.806818185068));
#676 = CARTESIAN_POINT('',(33.383746082456,3.94612830453,68.096590903194
    ));
#677 = CARTESIAN_POINT('',(28.659565960061,19.345233526549,
    68.386363643922));
#678 = CARTESIAN_POINT('',(16.442952241177,30.417726785997,
    68.676136356594));
#679 = CARTESIAN_POINT('',(0.654947293613,33.60978243197,68.965909095653
    ));
#680 = CARTESIAN_POINT('',(-13.79656504342,28.831449857261,
    69.255681815945));
#681 = CARTESIAN_POINT('',(-23.37164787627,18.555557787455,
    69.545454546154));
#682 = CARTESIAN_POINT('',(-26.73963275184,6.283439351237,
    69.835227272611));
#683 = CARTESIAN_POINT('',(-22.29963126831,-16.03795545204,
    70.414772727392));
#684 = CARTESIAN_POINT('',(-14.49168257037,-26.08704248348,
    70.70454545402));
#685 = CARTESIAN_POINT('',(-1.713045871205,-31.91650328141,
    70.994318183134));
#686 = CARTESIAN_POINT('',(13.466999301686,-30.80075260269,
    71.284090906922));
#687 = CARTESIAN_POINT('',(26.831667120692,-21.80986980129,
    71.573863638897));
#688 = CARTESIAN_POINT('',(33.881086767211,-6.905124235036,
    71.863636361536));
#689 = CARTESIAN_POINT('',(32.352677648112,9.129659362708,72.1534090921)
  );
#690 = CARTESIAN_POINT('',(23.585045875187,21.57181770125,
    72.443181817789));
#691 = CARTESIAN_POINT('',(10.97213043816,27.751666668926,
    72.732954545481));
#692 = CARTESIAN_POINT('',(-1.749229100947,27.412219307035,
    73.022727272776));
#693 = CARTESIAN_POINT('',(-21.82060774035,16.683843910382,
    73.602272727178));
#694 = CARTESIAN_POINT('',(-29.17045659022,6.295006876412,73.89204545506
    ));
#695 = CARTESIAN_POINT('',(-31.03946033335,-7.625589163086,
    74.181818180666));
#696 = CARTESIAN_POINT('',(-25.56521899056,-21.82810136143,
    74.471590910619));
#697 = CARTESIAN_POINT('',(-13.0819222996,-32.00737555904,
    74.761363635244));
#698 = CARTESIAN_POINT('',(3.227368433526,-34.42663030589,75.05113636379
    ));
#699 = CARTESIAN_POINT('',(18.128025885041,-28.3093819889,
    75.340909091511));
#700 = CARTESIAN_POINT('',(27.489319903317,-16.30751357884,
    75.630681817495));
#701 = CARTESIAN_POINT('',(29.74173056232,-2.443790582933,
    75.920454545841));
#702 = CARTESIAN_POINT('',(25.724083941826,9.631255117505,
    76.210227272616));
#703 = CARTESIAN_POINT('',(9.631255117503,25.724083941822,
    76.789772727412));
#704 = CARTESIAN_POINT('',(-2.443790582921,29.741730562326,
    77.079545454077));
#705 = CARTESIAN_POINT('',(-16.30751357886,27.489319903332,
    77.369318182332));
#706 = CARTESIAN_POINT('',(-28.3093819889,18.128025884942,
    77.659090909679));
#707 = CARTESIAN_POINT('',(-34.42663030587,3.227368433773,
    77.948863633561));
#708 = CARTESIAN_POINT('',(-32.00737555907,-13.08192229995,
    78.238636368369));
#709 = CARTESIAN_POINT('',(-21.82810136143,-25.56521899023,
    78.528409085934));
#710 = CARTESIAN_POINT('',(-7.625589163081,-31.03946033355,
    78.818181821658));
#711 = CARTESIAN_POINT('',(6.295006876403,-29.17045659014,
    79.107954543922));
#712 = CARTESIAN_POINT('',(16.683843910383,-21.82060774036,
    79.397727273074));
#713 = CARTESIAN_POINT('',(27.412219307034,-1.749229100938,
    79.977272726974));
#714 = CARTESIAN_POINT('',(27.751666668928,10.97213043811,80.26704545541
    ));
#715 = CARTESIAN_POINT('',(21.571817701224,23.585045875311,
    80.55681818097));
#716 = CARTESIAN_POINT('',(9.129659362809,32.352677647909,
    80.846590907831));
#717 = CARTESIAN_POINT('',(-6.905124235248,33.881086767432,
    81.136363641906));
#718 = CARTESIAN_POINT('',(-21.80986980099,26.831667120537,
    81.426136354344));
#719 = CARTESIAN_POINT('',(-30.80075260297,13.46699930175,
    81.715909100506));
#720 = CARTESIAN_POINT('',(-31.91650328124,-1.713045871207,
    82.005681811661));
#721 = CARTESIAN_POINT('',(-26.08704248355,-14.49168257038,
    82.295454548293));
#722 = CARTESIAN_POINT('',(-16.03795545202,-22.29963126831,
    82.585227272067));
#723 = CARTESIAN_POINT('',(-4.877258050404,-24.51963201008,
    82.875000000002));
#724 = CARTESIAN_POINT('',(6.283439351238,-26.73963275184,
    83.164772727175));
#725 = CARTESIAN_POINT('',(18.555557787439,-23.37164787625,
    83.454545455241));
#726 = CARTESIAN_POINT('',(28.831449857301,-13.79656504348,
    83.744318179307));
#727 = CARTESIAN_POINT('',(33.609782431897,0.654947293783,
    84.034090914949));
#728 = CARTESIAN_POINT('',(30.417726786099,16.442952240859,
    84.323863626933));
#729 = CARTESIAN_POINT('',(19.345233526435,28.659565960462,
    84.613636374517));
#730 = CARTESIAN_POINT('',(3.946128304634,33.383746082107,
    84.903409081833));
#731 = CARTESIAN_POINT('',(-10.90415454527,30.044918397797,
    85.193181823559));
#732 = CARTESIAN_POINT('',(-21.44034429205,20.757029794538,
    85.482954543342));
#733 = CARTESIAN_POINT('',(-25.99498935482,8.87412520913,85.772727273176
    ));
#734 = CARTESIAN_POINT('',(-23.76424697878,-13.7749822256,
    86.352272726861));
#735 = CARTESIAN_POINT('',(-16.97887846171,-24.54099295946,
    86.642045456136));
#736 = CARTESIAN_POINT('',(-4.833161468037,-31.59490873695,
    86.931818178503));
#737 = CARTESIAN_POINT('',(10.383150328927,-31.97243532051,
    87.22159091336));
#738 = CARTESIAN_POINT('',(24.564724240945,-24.33481259842,
    87.511363633161));
#739 = CARTESIAN_POINT('',(33.041119542466,-10.1928014107,87.80113636436
    ));
#740 = CARTESIAN_POINT('',(33.091753765409,5.914580612492,
    88.090909092183));
#741 = CARTESIAN_POINT('',(25.585885315553,19.156204751557,
    88.380681816602));
#742 = CARTESIAN_POINT('',(13.639435637414,26.542577959765,
    88.670454546284));
#743 = CARTESIAN_POINT('',(0.946061261841,27.4516764128,88.96022727257)
  );
#744 = CARTESIAN_POINT('',(-20.08023288009,18.742300212763,
    89.539772727331));
#745 = CARTESIAN_POINT('',(-28.41297429626,9.123899434771,
    89.829545454682));
#746 = CARTESIAN_POINT('',(-31.637435291,-4.546470727727,90.119318180995
    ));
#747 = CARTESIAN_POINT('',(-27.58164354768,-19.21716342978,
    90.409090911227));
#748 = CARTESIAN_POINT('',(-16.15620068985,-30.57099868344,
    90.698863632823));
#749 = CARTESIAN_POINT('',(-0.162572081367,-34.57719409584,
    90.988636367766));
#750 = CARTESIAN_POINT('',(15.265929818456,-29.94992183394,
    91.27840908743));
#751 = CARTESIAN_POINT('',(25.758535467509,-18.92341297023,
    91.568181820285));
#752 = CARTESIAN_POINT('',(29.358982635909,-5.34722244147,
    91.857954544598));
#753 = CARTESIAN_POINT('',(26.544243530946,7.063476846042,
    92.147727272932));
#754 = CARTESIAN_POINT('',(12.10627913719,24.656187362139,
    92.727272727058));
#755 = CARTESIAN_POINT('',(0.483176314896,29.83804936491,93.017045455651
    ));
#756 = CARTESIAN_POINT('',(-13.53456391722,28.955367161321,
    93.306818178753));
#757 = CARTESIAN_POINT('',(-26.39620731973,20.815539152426,
    93.596590914809));
#758 = CARTESIAN_POINT('',(-33.94451924657,6.586227626424,
    93.886363628779));
#759 = CARTESIAN_POINT('',(-33.13550391112,-9.881657846681,
    94.176136370996));
#760 = CARTESIAN_POINT('',(-24.22882274441,-23.30258739883,
    94.465909085651));
#761 = CARTESIAN_POINT('',(-10.63126900628,-30.142558405,94.7556818209)
  );
#762 = CARTESIAN_POINT('',(3.405489960636,-29.64701144094,
    95.045454544513));
#763 = CARTESIAN_POINT('',(14.464713070827,-23.35083821972,
    95.335227272907));
#764 = CARTESIAN_POINT('',(20.786740307564,-13.88925582549,
    95.625000000008));
#765 = CARTESIAN_POINT('',(27.10876754428,-4.427673431293,
    95.914772728506));
#766 = CARTESIAN_POINT('',(28.693491657526,8.199157624901,
    96.204545449144));
#767 = CARTESIAN_POINT('',(23.779682253984,21.357069549933,
    96.494318194686));
#768 = CARTESIAN_POINT('',(12.256814502677,31.302027559629,
    96.784090889069));
#769 = CARTESIAN_POINT('',(-3.550946938392,34.394760604716,
    97.07386365786));
#770 = CARTESIAN_POINT('',(-19.07488603548,28.840206378697,
    97.36363634773));
#771 = CARTESIAN_POINT('',(-29.33244179981,16.421153709195,
    97.653409098501));
#772 = CARTESIAN_POINT('',(-31.93072445202,1.423567293862,
    97.943181816275));
#773 = CARTESIAN_POINT('',(-27.38185952771,-11.86492385392,
    98.232954545527));
#774 = CARTESIAN_POINT('',(-18.14647440024,-20.62025791851,
    98.522727272696));
#775 = CARTESIAN_POINT('',(-7.257116931367,-23.9235083933,
    98.812500000135));
#776 = CARTESIAN_POINT('',(3.632240537555,-27.22675886811,
    99.102272726122));
#777 = CARTESIAN_POINT('',(16.175385615217,-25.07786971515,
    99.392045458715));
#778 = CARTESIAN_POINT('',(27.340318694095,-16.55610707835,
    99.681818172764));
#779 = CARTESIAN_POINT('',(33.512138203468,-2.642541217661,
    99.97159092204));
#780 = CARTESIAN_POINT('',(31.882948275165,13.382316336884,
    100.26136362404));
#781 = CARTESIAN_POINT('',(22.061209637749,26.625397847269,
    100.55113637085));
#782 = CARTESIAN_POINT('',(7.199305942771,32.836206008549,
    100.84090908936));
#783 = CARTESIAN_POINT('',(-7.906731077927,30.969037949642,
    101.13068181697));
#784 = CARTESIAN_POINT('',(-19.30255847186,22.75860025787,
    101.42045454663));
#785 = CARTESIAN_POINT('',(-24.99999999999,11.379348390142,
    101.7102272723));
#786 = CARTESIAN_POINT('',(-25.,1.951883099593E-12,102.00000000004));
#787 = ORIENTED_EDGE('',*,*,#788,.F.);
#788 = EDGE_CURVE('',#458,#458,#789,.T.);
#789 = ( BOUNDED_CURVE() B_SPLINE_CURVE(6,(#790,#791,#792,#793,#794,#795
,#796),.UNSPECIFIED.,.T.,.F.) B_SPLINE_CURVE_WITH_KNOTS((1,6,6,1),(
    -6.28318530718,0.,6.28318530718,12.566370614359),.UNSPECIFIED.) 
CURVE() GEOMETRIC_REPRESENTATION_ITEM() RATIONAL_B_SPLINE_CURVE((
    1.669078461068,1.03672962321,1.038346699848,0.853534330196,
1.038346699848,1.03672962321,1.669078461068)) REPRESENTATION_ITEM('') );
#790 = CARTESIAN_POINT('',(-25.,1.951883099593E-12,102.00000000004));
#791 = CARTESIAN_POINT('',(-24.99999999996,-41.53857688927,
    102.0000000001));
#792 = CARTESIAN_POINT('',(26.363704763748,-47.50280958109,
    102.00000000258));
#793 = CARTESIAN_POINT('',(68.727923025212,8.964812225898E-11,
    102.00000000455));
#794 = CARTESIAN_POINT('',(26.363704763659,47.50280958119,
    102.00000000245));
#795 = CARTESIAN_POINT('',(-25.00000000003,41.538576889278,
    101.99999999999));
#796 = CARTESIAN_POINT('',(-25.,1.951883099593E-12,102.00000000004));
#797 = ORIENTED_EDGE('',*,*,#455,.F.);
#798 = ORIENTED_EDGE('',*,*,#799,.T.);
#799 = EDGE_CURVE('',#456,#456,#800,.T.);
#800 = ( BOUNDED_CURVE() B_SPLINE_CURVE(6,(#801,#802,#803,#804,#805,#806
,#807),.UNSPECIFIED.,.T.,.F.) B_SPLINE_CURVE_WITH_KNOTS((1,6,6,1),(
    -6.28318530718,0.,6.28318530718,12.566370614359),.UNSPECIFIED.) 
CURVE() GEOMETRIC_REPRESENTATION_ITEM() RATIONAL_B_SPLINE_CURVE((
    1.669078461068,1.03672962321,1.038346699848,0.853534330196,
1.038346699848,1.03672962321,1.669078461068)) REPRESENTATION_ITEM('') );
#801 = CARTESIAN_POINT('',(25.,-6.383782391595E-15,0.));
#802 = CARTESIAN_POINT('',(25.,41.538576889276,0.));
#803 = CARTESIAN_POINT('',(-26.3637047637,47.50280958114,0.));
#804 = CARTESIAN_POINT('',(-68.72792302521,8.254508188088E-14,0.));
#805 = CARTESIAN_POINT('',(-26.3637047637,-47.50280958114,0.));
#806 = CARTESIAN_POINT('',(25.,-41.53857688927,-7.105427357601E-15));
#807 = CARTESIAN_POINT('',(25.,-6.383782391595E-15,0.));
#808 = ( BOUNDED_SURFACE() B_SPLINE_SURFACE(6,11,(
    (#809,#810,#811,#812,#813,#814,#815,#816,#817,#818,#819,#820,#821
      ,#822,#823,#824,#825,#826,#827,#828,#829,#830,#831,#832,#833,#834
      ,#835,#836,#837,#838,#839,#840,#841,#842,#843,#844,#845,#846,#847
      ,#848,#849,#850,#851,#852,#853,#854,#855,#856,#857,#858,#859,#860
      ,#861,#862,#863,#864,#865,#866,#867,#868,#869,#870,#871,#872,#873
      ,#874,#875,#876,#877,#878,#879,#880,#881,#882,#883,#884,#885,#886
      ,#887,#888,#889,#890,#891,#892,#893,#894,#895,#896,#897,#898,#899
      ,#900,#901,#902,#903,#904,#905,#906,#907,#908,#909,#910,#911,#912
      ,#913,#914,#915,#916,#917,#918,#919,#920,#921,#922,#923,#924,#925
      ,#926,#927,#928,#929,#930,#931,#932,#933,#934,#935,#936,#937,#938
      ,#939,#940,#941,#942,#943,#944,#945,#946,#947,#948,#949,#950,#951
      ,#952,#953,#954,#955,#956,#957,#958,#959,#960,#961,#962,#963,#964
      ,#965,#966,#967,#968,#969,#970,#971,#972,#973,#974,#975,#976,#977
      ,#978,#979,#980,#981,#982,#983,#984,#985,#986,#987,#988,#989,#990
      ,#991,#992,#993,#994,#995,#996,#997,#998,#999,#1000,#1001,#1002
      ,#1003,#1004,#1005,#1006,#1007,#1008,#1009,#1010,#1011,#1012,#1013
      ,#1014,#1015,#1016,#1017,#1018,#1019,#1020,#1021,#1022,#1023,#1024
      ,#1025,#1026,#1027,#1028,#1029,#1030,#1031,#1032,#1033,#1034,#1035
      ,#1036,#1037,#1038,#1039,#1040,#1041,#1042,#1043,#1044,#1045,#1046
      ,#1047,#1048,#1049,#1050,#1051,#1052,#1053,#1054,#1055,#1056,#1057
      ,#1058,#1059,#1060,#1061,#1062,#1063,#1064,#1065,#1066,#1067,#1068
      ,#1069,#1070,#1071,#1072,#1073,#1074,#1075,#1076,#1077,#1078,#1079
      ,#1080,#1081,#1082,#1083,#1084,#1085,#1086,#1087,#1088,#1089,#1090
      ,#1091,#1092,#1093,#1094,#1095,#1096,#1097,#1098,#1099,#1100,#1101
      ,#1102,#1103,#1104,#1105,#1106,#1107,#1108,#1109,#1110,#1111,#1112
      ,#1113,#1114,#1115,#1116,#1117,#1118,#1119,#1120,#1121,#1122,#1123
      ,#1124,#1125,#1126,#1127,#1128,#1129,#1130,#1131,#1132,#1133,#1134
      )
    ,(#1135,#1136,#1137,#1138,#1139,#1140,#1141,#1142,#1143,#1144,#1145
      ,#1146,#1147,#1148,#1149,#1150,#1151,#1152,#1153,#1154,#1155,#1156
      ,#1157,#1158,#1159,#1160,#1161,#1162,#1163,#1164,#1165,#1166,#1167
      ,#1168,#1169,#1170,#1171,#1172,#1173,#1174,#1175,#1176,#1177,#1178
      ,#1179,#1180,#1181,#1182,#1183,#1184,#1185,#1186,#1187,#1188,#1189
      ,#1190,#1191,#1192,#1193,#1194,#1195,#1196,#1197,#1198,#1199,#1200
      ,#1201,#1202,#1203,#1204,#1205,#1206,#1207,#1208,#1209,#1210,#1211
      ,#1212,#1213,#1214,#1215,#1216,#1217,#1218,#1219,#1220,#1221,#1222
      ,#1223,#1224,#1225,#1226,#1227,#1228,#1229,#1230,#1231,#1232,#1233
      ,#1234,#1235,#1236,#1237,#1238,#1239,#1240,#1241,#1242,#1243,#1244
      ,#1245,#1246,#1247,#1248,#1249,#1250,#1251,#1252,#1253,#1254,#1255
      ,#1256,#1257,#1258,#1259,#1260,#1261,#1262,#1263,#1264,#1265,#1266
      ,#1267,#1268,#1269,#1270,#1271,#1272,#1273,#1274,#1275,#1276,#1277
      ,#1278,#1279,#1280,#1281,#1282,#1283,#1284,#1285,#1286,#1287,#1288
      ,#1289,#1290,#1291,#1292,#1293,#1294,#1295,#1296,#1297,#1298,#1299
      ,#1300,#1301,#1302,#1303,#1304,#1305,#1306,#1307,#1308,#1309,#1310
      ,#1311,#1312,#1313,#1314,#1315,#1316,#1317,#1318,#1319,#1320,#1321
      ,#1322,#1323,#1324,#1325,#1326,#1327,#1328,#1329,#1330,#1331,#1332
      ,#1333,#1334,#1335,#1336,#1337,#1338,#1339,#1340,#1341,#1342,#1343
      ,#1344,#1345,#1346,#1347,#1348,#1349,#1350,#1351,#1352,#1353,#1354
      ,#1355,#1356,#1357,#1358,#1359,#1360,#1361,#1362,#1363,#1364,#1365
      ,#1366,#1367,#1368,#1369,#1370,#1371,#1372,#1373,#1374,#1375,#1376
      ,#1377,#1378,#1379,#1380,#1381,#1382,#1383,#1384,#1385,#1386,#1387
      ,#1388,#1389,#1390,#1391,#1392,#1393,#1394,#1395,#1396,#1397,#1398
      ,#1399,#1400,#1401,#1402,#1403,#1404,#1405,#1406,#1407,#1408,#1409
      ,#1410,#1411,#1412,#1413,#1414,#1415,#1416,#1417,#1418,#1419,#1420
      ,#1421,#1422,#1423,#1424,#1425,#1426,#1427,#1428,#1429,#1430,#1431
      ,#1432,#1433,#1434,#1435,#1436,#1437,#1438,#1439,#1440,#1441,#1442
      ,#1443,#1444,#1445,#1446,#1447,#1448,#1449,#1450,#1451,#1452,#1453
      ,#1454,#1455,#1456,#1457,#1458,#1459,#1460)
    ,(#1461,#1462,#1463,#1464,#1465,#1466,#1467,#1468,#1469,#1470,#1471
      ,#1472,#1473,#1474,#1475,#1476,#1477,#1478,#1479,#1480,#1481,#1482
      ,#1483,#1484,#1485,#1486,#1487,#1488,#1489,#1490,#1491,#1492,#1493
      ,#1494,#1495,#1496,#1497,#1498,#1499,#1500,#1501,#1502,#1503,#1504
      ,#1505,#1506,#1507,#1508,#1509,#1510,#1511,#1512,#1513,#1514,#1515
      ,#1516,#1517,#1518,#1519,#1520,#1521,#1522,#1523,#1524,#1525,#1526
      ,#1527,#1528,#1529,#1530,#1531,#1532,#1533,#1534,#1535,#1536,#1537
      ,#1538,#1539,#1540,#1541,#1542,#1543,#1544,#1545,#1546,#1547,#1548
      ,#1549,#1550,#1551,#1552,#1553,#1554,#1555,#1556,#1557,#1558,#1559
      ,#1560,#1561,#1562,#1563,#1564,#1565,#1566,#1567,#1568,#1569,#1570
      ,#1571,#1572,#1573,#1574,#1575,#1576,#1577,#1578,#1579,#1580,#1581
      ,#1582,#1583,#1584,#1585,#1586,#1587,#1588,#1589,#1590,#1591,#1592
      ,#1593,#1594,#1595,#1596,#1597,#1598,#1599,#1600,#1601,#1602,#1603
      ,#1604,#1605,#1606,#1607,#1608,#1609,#1610,#1611,#1612,#1613,#1614
      ,#1615,#1616,#1617,#1618,#1619,#1620,#1621,#1622,#1623,#1624,#1625
      ,#1626,#1627,#1628,#1629,#1630,#1631,#1632,#1633,#1634,#1635,#1636
      ,#1637,#1638,#1639,#1640,#1641,#1642,#1643,#1644,#1645,#1646,#1647
      ,#1648,#1649,#1650,#1651,#1652,#1653,#1654,#1655,#1656,#1657,#1658
      ,#1659,#1660,#1661,#1662,#1663,#1664,#1665,#1666,#1667,#1668,#1669
      ,#1670,#1671,#1672,#1673,#1674,#1675,#1676,#1677,#1678,#1679,#1680
      ,#1681,#1682,#1683,#1684,#1685,#1686,#1687,#1688,#1689,#1690,#1691
      ,#1692,#1693,#1694,#1695,#1696,#1697,#1698,#1699,#1700,#1701,#1702
      ,#1703,#1704,#1705,#1706,#1707,#1708,#1709,#1710,#1711,#1712,#1713
      ,#1714,#1715,#1716,#1717,#1718,#1719,#1720,#1721,#1722,#1723,#1724
      ,#1725,#1726,#1727,#1728,#1729,#1730,#1731,#1732,#1733,#1734,#1735
      ,#1736,#1737,#1738,#1739,#1740,#1741,#1742,#1743,#1744,#1745,#1746
      ,#1747,#1748,#1749,#1750,#1751,#1752,#1753,#1754,#1755,#1756,#1757
      ,#1758,#1759,#1760,#1761,#1762,#1763,#1764,#1765,#1766,#1767,#1768
      ,#1769,#1770,#1771,#1772,#1773,#1774,#1775,#1776,#1777,#1778,#1779
      ,#1780,#1781,#1782,#1783,#1784,#1785,#1786)
    ,(#1787,#1788,#1789,#1790,#1791,#1792,#1793,#1794,#1795,#1796,#1797
      ,#1798,#1799,#1800,#1801,#1802,#1803,#1804,#1805,#1806,#1807,#1808
      ,#1809,#1810,#1811,#1812,#1813,#1814,#1815,#1816,#1817,#1818,#1819
      ,#1820,#1821,#1822,#1823,#1824,#1825,#1826,#1827,#1828,#1829,#1830
      ,#1831,#1832,#1833,#1834,#1835,#1836,#1837,#1838,#1839,#1840,#1841
      ,#1842,#1843,#1844,#1845,#1846,#1847,#1848,#1849,#1850,#1851,#1852
      ,#1853,#1854,#1855,#1856,#1857,#1858,#1859,#1860,#1861,#1862,#1863
      ,#1864,#1865,#1866,#1867,#1868,#1869,#1870,#1871,#1872,#1873,#1874
      ,#1875,#1876,#1877,#1878,#1879,#1880,#1881,#1882,#1883,#1884,#1885
      ,#1886,#1887,#1888,#1889,#1890,#1891,#1892,#1893,#1894,#1895,#1896
      ,#1897,#1898,#1899,#1900,#1901,#1902,#1903,#1904,#1905,#1906,#1907
      ,#1908,#1909,#1910,#1911,#1912,#1913,#1914,#1915,#1916,#1917,#1918
      ,#1919,#1920,#1921,#1922,#1923,#1924,#1925,#1926,#1927,#1928,#1929
      ,#1930,#1931,#1932,#1933,#1934,#1935,#1936,#1937,#1938,#1939,#1940
      ,#1941,#1942,#1943,#1944,#1945,#1946,#1947,#1948,#1949,#1950,#1951
      ,#1952,#1953,#1954,#1955,#1956,#1957,#1958,#1959,#1960,#1961,#1962
      ,#1963,#1964,#1965,#1966,#1967,#1968,#1969,#1970,#1971,#1972,#1973
      ,#1974,#1975,#1976,#1977,#1978,#1979,#1980,#1981,#1982,#1983,#1984
      ,#1985,#1986,#1987,#1988,#1989,#1990,#1991,#1992,#1993,#1994,#1995
      ,#1996,#1997,#1998,#1999,#2000,#2001,#2002,#2003,#2004,#2005,#2006
      ,#2007,#2008,#2009,#2010,#2011,#2012,#2013,#2014,#2015,#2016,#2017
      ,#2018,#2019,#2020,#2021,#2022,#2023,#2024,#2025,#2026,#2027,#2028
      ,#2029,#2030,#2031,#2032,#2033,#2034,#2035,#2036,#2037,#2038,#2039
      ,#2040,#2041,#2042,#2043,#2044,#2045,#2046,#2047,#2048,#2049,#2050
      ,#2051,#2052,#2053,#2054,#2055,#2056,#2057,#2058,#2059,#2060,#2061
      ,#2062,#2063,#2064,#2065,#2066,#2067,#2068,#2069,#2070,#2071,#2072
      ,#2073,#2074,#2075,#2076,#2077,#2078,#2079,#2080,#2081,#2082,#2083
      ,#2084,#2085,#2086,#2087,#2088,#2089,#2090,#2091,#2092,#2093,#2094
      ,#2095,#2096,#2097,#2098,#2099,#2100,#2101,#2102,#2103,#2104,#2105
      ,#2106,#2107,#2108,#2109,#2110,#2111,#2112)
    ,(#2113,#2114,#2115,#2116,#2117,#2118,#2119,#2120,#2121,#2122,#2123
      ,#2124,#2125,#2126,#2127,#2128,#2129,#2130,#2131,#2132,#2133,#2134
      ,#2135,#2136,#2137,#2138,#2139,#2140,#2141,#2142,#2143,#2144,#2145
      ,#2146,#2147,#2148,#2149,#2150,#2151,#2152,#2153,#2154,#2155,#2156
      ,#2157,#2158,#2159,#2160,#2161,#2162,#2163,#2164,#2165,#2166,#2167
      ,#2168,#2169,#2170,#2171,#2172,#2173,#2174,#2175,#2176,#2177,#2178
      ,#2179,#2180,#2181,#2182,#2183,#2184,#2185,#2186,#2187,#2188,#2189
      ,#2190,#2191,#2192,#2193,#2194,#2195,#2196,#2197,#2198,#2199,#2200
      ,#2201,#2202,#2203,#2204,#2205,#2206,#2207,#2208,#2209,#2210,#2211
      ,#2212,#2213,#2214,#2215,#2216,#2217,#2218,#2219,#2220,#2221,#2222
      ,#2223,#2224,#2225,#2226,#2227,#2228,#2229,#2230,#2231,#2232,#2233
      ,#2234,#2235,#2236,#2237,#2238,#2239,#2240,#2241,#2242,#2243,#2244
      ,#2245,#2246,#2247,#2248,#2249,#2250,#2251,#2252,#2253,#2254,#2255
      ,#2256,#2257,#2258,#2259,#2260,#2261,#2262,#2263,#2264,#2265,#2266
      ,#2267,#2268,#2269,#2270,#2271,#2272,#2273,#2274,#2275,#2276,#2277
      ,#2278,#2279,#2280,#2281,#2282,#2283,#2284,#2285,#2286,#2287,#2288
      ,#2289,#2290,#2291,#2292,#2293,#2294,#2295,#2296,#2297,#2298,#2299
      ,#2300,#2301,#2302,#2303,#2304,#2305,#2306,#2307,#2308,#2309,#2310
      ,#2311,#2312,#2313,#2314,#2315,#2316,#2317,#2318,#2319,#2320,#2321
      ,#2322,#2323,#2324,#2325,#2326,#2327,#2328,#2329,#2330,#2331,#2332
      ,#2333,#2334,#2335,#2336,#2337,#2338,#2339,#2340,#2341,#2342,#2343
      ,#2344,#2345,#2346,#2347,#2348,#2349,#2350,#2351,#2352,#2353,#2354
      ,#2355,#2356,#2357,#2358,#2359,#2360,#2361,#2362,#2363,#2364,#2365
      ,#2366,#2367,#2368,#2369,#2370,#2371,#2372,#2373,#2374,#2375,#2376
      ,#2377,#2378,#2379,#2380,#2381,#2382,#2383,#2384,#2385,#2386,#2387
      ,#2388,#2389,#2390,#2391,#2392,#2393,#2394,#2395,#2396,#2397,#2398
      ,#2399,#2400,#2401,#2402,#2403,#2404,#2405,#2406,#2407,#2408,#2409
      ,#2410,#2411,#2412,#2413,#2414,#2415,#2416,#2417,#2418,#2419,#2420
      ,#2421,#2422,#2423,#2424,#2425,#2426,#2427,#2428,#2429,#2430,#2431
      ,#2432,#2433,#2434,#2435,#2436,#2437,#2438)
    ,(#2439,#2440,#2441,#2442,#2443,#2444,#2445,#2446,#2447,#2448,#2449
      ,#2450,#2451,#2452,#2453,#2454,#2455,#2456,#2457,#2458,#2459,#2460
      ,#2461,#2462,#2463,#2464,#2465,#2466,#2467,#2468,#2469,#2470,#2471
      ,#2472,#2473,#2474,#2475,#2476,#2477,#2478,#2479,#2480,#2481,#2482
      ,#2483,#2484,#2485,#2486,#2487,#2488,#2489,#2490,#2491,#2492,#2493
      ,#2494,#2495,#2496,#2497,#2498,#2499,#2500,#2501,#2502,#2503,#2504
      ,#2505,#2506,#2507,#2508,#2509,#2510,#2511,#2512,#2513,#2514,#2515
      ,#2516,#2517,#2518,#2519,#2520,#2521,#2522,#2523,#2524,#2525,#2526
      ,#2527,#2528,#2529,#2530,#2531,#2532,#2533,#2534,#2535,#2536,#2537
      ,#2538,#2539,#2540,#2541,#2542,#2543,#2544,#2545,#2546,#2547,#2548
      ,#2549,#2550,#2551,#2552,#2553,#2554,#2555,#2556,#2557,#2558,#2559
      ,#2560,#2561,#2562,#2563,#2564,#2565,#2566,#2567,#2568,#2569,#2570
      ,#2571,#2572,#2573,#2574,#2575,#2576,#2577,#2578,#2579,#2580,#2581
      ,#2582,#2583,#2584,#2585,#2586,#2587,#2588,#2589,#2590,#2591,#2592
      ,#2593,#2594,#2595,#2596,#2597,#2598,#2599,#2600,#2601,#2602,#2603
      ,#2604,#2605,#2606,#2607,#2608,#2609,#2610,#2611,#2612,#2613,#2614
      ,#2615,#2616,#2617,#2618,#2619,#2620,#2621,#2622,#2623,#2624,#2625
      ,#2626,#2627,#2628,#2629,#2630,#2631,#2632,#2633,#2634,#2635,#2636
      ,#2637,#2638,#2639,#2640,#2641,#2642,#2643,#2644,#2645,#2646,#2647
      ,#2648,#2649,#2650,#2651,#2652,#2653,#2654,#2655,#2656,#2657,#2658
      ,#2659,#2660,#2661,#2662,#2663,#2664,#2665,#2666,#2667,#2668,#2669
      ,#2670,#2671,#2672,#2673,#2674,#2675,#2676,#2677,#2678,#2679,#2680
      ,#2681,#2682,#2683,#2684,#2685,#2686,#2687,#2688,#2689,#2690,#2691
      ,#2692,#2693,#2694,#2695,#2696,#2697,#2698,#2699,#2700,#2701,#2702
      ,#2703,#2704,#2705,#2706,#2707,#2708,#2709,#2710,#2711,#2712,#2713
      ,#2714,#2715,#2716,#2717,#2718,#2719,#2720,#2721,#2722,#2723,#2724
      ,#2725,#2726,#2727,#2728,#2729,#2730,#2731,#2732,#2733,#2734,#2735
      ,#2736,#2737,#2738,#2739,#2740,#2741,#2742,#2743,#2744,#2745,#2746
      ,#2747,#2748,#2749,#2750,#2751,#2752,#2753,#2754,#2755,#2756,#2757
      ,#2758,#2759,#2760,#2761,#2762,#2763,#2764)
    ,(#2765,#2766,#2767,#2768,#2769,#2770,#2771,#2772,#2773,#2774,#2775
      ,#2776,#2777,#2778,#2779,#2780,#2781,#2782,#2783,#2784,#2785,#2786
      ,#2787,#2788,#2789,#2790,#2791,#2792,#2793,#2794,#2795,#2796,#2797
      ,#2798,#2799,#2800,#2801,#2802,#2803,#2804,#2805,#2806,#2807,#2808
      ,#2809,#2810,#2811,#2812,#2813,#2814,#2815,#2816,#2817,#2818,#2819
      ,#2820,#2821,#2822,#2823,#2824,#2825,#2826,#2827,#2828,#2829,#2830
      ,#2831,#2832,#2833,#2834,#2835,#2836,#2837,#2838,#2839,#2840,#2841
      ,#2842,#2843,#2844,#2845,#2846,#2847,#2848,#2849,#2850,#2851,#2852
      ,#2853,#2854,#2855,#2856,#2857,#2858,#2859,#2860,#2861,#2862,#2863
      ,#2864,#2865,#2866,#2867,#2868,#2869,#2870,#2871,#2872,#2873,#2874
      ,#2875,#2876,#2877,#2878,#2879,#2880,#2881,#2882,#2883,#2884,#2885
      ,#2886,#2887,#2888,#2889,#2890,#2891,#2892,#2893,#2894,#2895,#2896
      ,#2897,#2898,#2899,#2900,#2901,#2902,#2903,#2904,#2905,#2906,#2907
      ,#2908,#2909,#2910,#2911,#2912,#2913,#2914,#2915,#2916,#2917,#2918
      ,#2919,#2920,#2921,#2922,#2923,#2924,#2925,#2926,#2927,#2928,#2929
      ,#2930,#2931,#2932,#2933,#2934,#2935,#2936,#2937,#2938,#2939,#2940
      ,#2941,#2942,#2943,#2944,#2945,#2946,#2947,#2948,#2949,#2950,#2951
      ,#2952,#2953,#2954,#2955,#2956,#2957,#2958,#2959,#2960,#2961,#2962
      ,#2963,#2964,#2965,#2966,#2967,#2968,#2969,#2970,#2971,#2972,#2973
      ,#2974,#2975,#2976,#2977,#2978,#2979,#2980,#2981,#2982,#2983,#2984
      ,#2985,#2986,#2987,#2988,#2989,#2990,#2991,#2992,#2993,#2994,#2995
      ,#2996,#2997,#2998,#2999,#3000,#3001,#3002,#3003,#3004,#3005,#3006
      ,#3007,#3008,#3009,#3010,#3011,#3012,#3013,#3014,#3015,#3016,#3017
      ,#3018,#3019,#3020,#3021,#3022,#3023,#3024,#3025,#3026,#3027,#3028
      ,#3029,#3030,#3031,#3032,#3033,#3034,#3035,#3036,#3037,#3038,#3039
      ,#3040,#3041,#3042,#3043,#3044,#3045,#3046,#3047,#3048,#3049,#3050
      ,#3051,#3052,#3053,#3054,#3055,#3056,#3057,#3058,#3059,#3060,#3061
      ,#3062,#3063,#3064,#3065,#3066,#3067,#3068,#3069,#3070,#3071,#3072
      ,#3073,#3074,#3075,#3076,#3077,#3078,#3079,#3080,#3081,#3082,#3083
      ,#3084,#3085,#3086,#3087,#3088,#3089,#3090
)),.UNSPECIFIED.,.T.,.F.,.F.) B_SPLINE_SURFACE_WITH_KNOTS((1,6,6,1),(12,
    10,10,10,10,10,10,10,10,10,10,10,10,10,10,10,10,11,10,10,10,10,10,10
    ,10,10,11,10,10,10,11,11,12),(-6.28318530718,0.,6.28318530718,
    12.566370614359),(0.,5.00701081212,10.01402162424,15.021032436361,
    20.028043248481,25.035054060601,30.042064872721,35.049075684842,
    40.056086496962,45.063097309082,50.070108121202,55.077118933323,
    60.084129745443,65.091140557563,70.098151369683,75.105162181803,
    80.112172993924,85.119183806044,90.126194618164,95.133205430284,
    100.1402162424,105.14722705452,110.15423786664,115.16124867876,
    120.16825949088,125.175270303,130.18228111512,135.18929192724,
    140.19630273936,145.20331355148,150.2103243636,155.21733517572,
160.22434598784),.UNSPECIFIED.) GEOMETRIC_REPRESENTATION_ITEM() 
RATIONAL_B_SPLINE_SURFACE((
    (1.669078461068,1.669078461068,1.669078461069,1.669078461067
      ,1.669078461069,1.669078461067,1.66907846107,1.669078461067
      ,1.669078461069,1.669078461068,1.669078461068,1.669078461068
      ,1.669078461068,1.669078461068,1.669078461069,1.669078461067
      ,1.66907846107,1.669078461067,1.669078461069,1.669078461068
      ,1.669078461068,1.669078461068,1.669078461068,1.669078461069
      ,1.669078461067,1.66907846107,1.669078461067,1.669078461069
      ,1.669078461068,1.669078461069,1.669078461068,1.669078461068
      ,1.669078461067,1.669078461071,1.669078461064,1.669078461073
      ,1.669078461064,1.669078461072,1.669078461066,1.669078461069
      ,1.669078461068,1.669078461068,1.669078461068,1.669078461068
      ,1.669078461069,1.669078461067,1.669078461069,1.669078461067
      ,1.669078461069,1.669078461068,1.669078461068,1.669078461068
      ,1.669078461068,1.669078461069,1.669078461067,1.66907846107
      ,1.669078461067,1.669078461069,1.669078461068,1.669078461069
      ,1.669078461068,1.669078461068,1.669078461067,1.66907846107
      ,1.669078461065,1.669078461073,1.669078461064,1.669078461071
      ,1.669078461067,1.669078461069,1.669078461068,1.669078461068
      ,1.669078461068,1.669078461069,1.669078461067,1.66907846107
      ,1.669078461067,1.669078461069,1.669078461068,1.669078461068
      ,1.669078461068,1.669078461068,1.669078461069,1.669078461067
      ,1.66907846107,1.669078461066,1.669078461071,1.669078461066
      ,1.669078461069,1.669078461068,1.669078461068,1.669078461068
      ,1.669078461067,1.66907846107,1.669078461065,1.669078461073
      ,1.669078461064,1.669078461071,1.669078461066,1.669078461069
      ,1.669078461068,1.669078461068,1.669078461069,1.669078461067
      ,1.66907846107,1.669078461066,1.669078461071,1.669078461066
      ,1.669078461069,1.669078461068,1.669078461068,1.669078461068
      ,1.669078461068,1.669078461069,1.669078461068,1.669078461069
      ,1.669078461068,1.669078461069,1.669078461068,1.669078461068
      ,1.669078461068,1.669078461068,1.669078461068,1.669078461069
      ,1.669078461067,1.66907846107,1.669078461067,1.669078461069
      ,1.669078461068,1.669078461068,1.669078461068,1.669078461068
      ,1.669078461069,1.669078461068,1.669078461069,1.669078461067
      ,1.669078461069,1.669078461068,1.669078461068,1.669078461068
      ,1.669078461068,1.669078461068,1.669078461068,1.669078461069
      ,1.669078461066,1.669078461071,1.669078461065,1.669078461071
      ,1.669078461067,1.669078461069,1.669078461068,1.669078461068
      ,1.669078461068,1.669078461069,1.669078461066,1.669078461071
      ,1.669078461066,1.66907846107,1.669078461067,1.669078461069
      ,1.669078461068,1.669078461068,1.669078461068,1.669078461069
      ,1.669078461067,1.66907846107,1.669078461066,1.66907846107
      ,1.669078461067,1.669078461069,1.669078461068,1.669078461068
      ,1.669078461068,1.669078461069,1.669078461067,1.66907846107
      ,1.669078461067,1.66907846107,1.669078461067,1.669078461069
      ,1.669078461068,1.669078461068,1.669078461068,1.669078461068
      ,1.669078461069,1.669078461066,1.669078461071,1.669078461066
      ,1.66907846107,1.669078461067,1.669078461069,1.669078461068
      ,1.669078461068,1.669078461068,1.66907846107,1.669078461066
      ,1.669078461071,1.669078461065,1.669078461071,1.669078461067
      ,1.669078461069,1.669078461068,1.669078461068,1.669078461068
      ,1.669078461069,1.669078461066,1.669078461071,1.669078461066
      ,1.66907846107,1.669078461067,1.669078461069,1.669078461068
      ,1.669078461068,1.669078461068,1.669078461069,1.669078461067
      ,1.66907846107,1.669078461066,1.66907846107,1.669078461067
      ,1.669078461069,1.669078461068,1.669078461068,1.669078461068
      ,1.669078461069,1.669078461068,1.669078461069,1.669078461068
      ,1.669078461069,1.669078461068,1.669078461068,1.669078461068
      ,1.669078461068,1.669078461068,1.669078461069,1.669078461066
      ,1.669078461071,1.669078461066,1.66907846107,1.669078461067
      ,1.669078461069,1.669078461068,1.669078461068,1.669078461068
      ,1.669078461069,1.669078461067,1.66907846107,1.669078461066
      ,1.66907846107,1.669078461067,1.669078461069,1.669078461068
      ,1.669078461068,1.669078461069,1.669078461068,1.669078461069
      ,1.669078461067,1.669078461069,1.669078461068,1.669078461069
      ,1.669078461068,1.669078461068,1.669078461068,1.669078461068
      ,1.669078461068,1.669078461068,1.669078461068,1.669078461069
      ,1.669078461068,1.669078461069,1.669078461068,1.669078461068
      ,1.669078461068,1.669078461068,1.669078461069,1.669078461067
      ,1.66907846107,1.669078461066,1.66907846107,1.669078461067
      ,1.669078461069,1.669078461068,1.669078461068,1.669078461068
      ,1.669078461069,1.669078461067,1.66907846107,1.669078461066
      ,1.66907846107,1.669078461067,1.669078461069,1.669078461068
      ,1.669078461068,1.669078461068,1.669078461068,1.66907846107
      ,1.669078461066,1.669078461072,1.669078461065,1.669078461071
      ,1.669078461067,1.669078461069,1.669078461068,1.669078461068
      ,1.669078461068,1.669078461068,1.669078461069,1.669078461068
      ,1.669078461069,1.669078461068,1.669078461069,1.669078461068
      ,1.669078461068,1.669078461068,1.669078461068,1.669078461068
      ,1.669078461069,1.669078461067,1.66907846107,1.669078461066
      ,1.66907846107,1.669078461067,1.669078461069,1.669078461068
      ,1.669078461068,1.669078461068)
    ,(1.03672962321,1.03672962321,1.03672962321,1.036729623209
      ,1.03672962321,1.036729623209,1.03672962321,1.03672962321
      ,1.03672962321,1.03672962321,1.03672962321,1.03672962321
      ,1.03672962321,1.036729623209,1.03672962321,1.036729623209
      ,1.036729623211,1.036729623209,1.03672962321,1.036729623209
      ,1.03672962321,1.03672962321,1.036729623209,1.03672962321
      ,1.036729623209,1.036729623211,1.036729623209,1.03672962321
      ,1.036729623209,1.03672962321,1.03672962321,1.03672962321
      ,1.036729623209,1.036729623211,1.036729623208,1.036729623212
      ,1.036729623208,1.036729623211,1.036729623209,1.03672962321
      ,1.03672962321,1.03672962321,1.03672962321,1.036729623209
      ,1.03672962321,1.036729623209,1.03672962321,1.036729623209
      ,1.03672962321,1.03672962321,1.03672962321,1.03672962321
      ,1.036729623209,1.03672962321,1.036729623209,1.036729623211
      ,1.036729623209,1.03672962321,1.036729623209,1.03672962321
      ,1.03672962321,1.03672962321,1.036729623209,1.036729623211
      ,1.036729623208,1.036729623212,1.036729623208,1.036729623211
      ,1.036729623209,1.03672962321,1.03672962321,1.03672962321
      ,1.036729623209,1.036729623211,1.036729623208,1.036729623212
      ,1.036729623208,1.036729623211,1.036729623209,1.03672962321
      ,1.03672962321,1.03672962321,1.03672962321,1.036729623209
      ,1.036729623211,1.036729623208,1.036729623212,1.036729623208
      ,1.03672962321,1.036729623209,1.03672962321,1.03672962321
      ,1.036729623209,1.036729623211,1.036729623207,1.036729623213
      ,1.036729623207,1.036729623212,1.036729623209,1.03672962321
      ,1.03672962321,1.03672962321,1.03672962321,1.036729623209
      ,1.03672962321,1.036729623209,1.036729623211,1.036729623209
      ,1.03672962321,1.036729623209,1.03672962321,1.03672962321
      ,1.036729623209,1.03672962321,1.036729623209,1.036729623211
      ,1.036729623208,1.03672962321,1.036729623209,1.03672962321
      ,1.03672962321,1.03672962321,1.036729623209,1.03672962321
      ,1.036729623209,1.03672962321,1.036729623209,1.03672962321
      ,1.036729623209,1.03672962321,1.03672962321,1.03672962321
      ,1.03672962321,1.036729623209,1.036729623211,1.036729623208
      ,1.036729623211,1.036729623209,1.03672962321,1.036729623209
      ,1.03672962321,1.03672962321,1.036729623209,1.036729623211
      ,1.036729623208,1.036729623212,1.036729623207,1.036729623212
      ,1.036729623208,1.03672962321,1.03672962321,1.03672962321
      ,1.036729623209,1.03672962321,1.036729623209,1.036729623211
      ,1.036729623208,1.036729623211,1.036729623209,1.03672962321
      ,1.03672962321,1.03672962321,1.036729623209,1.03672962321
      ,1.036729623209,1.036729623211,1.036729623208,1.036729623211
      ,1.036729623209,1.03672962321,1.03672962321,1.03672962321
      ,1.03672962321,1.03672962321,1.036729623209,1.036729623211
      ,1.036729623208,1.036729623211,1.036729623209,1.03672962321
      ,1.03672962321,1.03672962321,1.03672962321,1.036729623209
      ,1.03672962321,1.036729623208,1.036729623211,1.036729623208
      ,1.036729623211,1.036729623209,1.03672962321,1.03672962321
      ,1.03672962321,1.036729623209,1.036729623211,1.036729623208
      ,1.036729623212,1.036729623207,1.036729623211,1.036729623209
      ,1.03672962321,1.03672962321,1.03672962321,1.036729623209
      ,1.03672962321,1.036729623208,1.036729623211,1.036729623208
      ,1.036729623211,1.036729623209,1.03672962321,1.03672962321
      ,1.03672962321,1.036729623209,1.03672962321,1.036729623208
      ,1.036729623211,1.036729623208,1.036729623211,1.036729623209
      ,1.03672962321,1.03672962321,1.03672962321,1.03672962321
      ,1.036729623209,1.03672962321,1.036729623208,1.036729623211
      ,1.036729623209,1.03672962321,1.036729623209,1.03672962321
      ,1.03672962321,1.036729623209,1.03672962321,1.036729623208
      ,1.036729623211,1.036729623208,1.036729623211,1.036729623209
      ,1.03672962321,1.03672962321,1.03672962321,1.03672962321
      ,1.03672962321,1.036729623209,1.03672962321,1.036729623209
      ,1.03672962321,1.036729623209,1.03672962321,1.03672962321
      ,1.03672962321,1.03672962321,1.036729623209,1.036729623211
      ,1.036729623209,1.036729623211,1.036729623209,1.03672962321
      ,1.036729623209,1.03672962321,1.03672962321,1.03672962321
      ,1.03672962321,1.03672962321,1.036729623209,1.03672962321
      ,1.036729623209,1.03672962321,1.036729623209,1.03672962321
      ,1.03672962321,1.03672962321,1.03672962321,1.036729623209
      ,1.036729623211,1.036729623208,1.036729623211,1.036729623209
      ,1.03672962321,1.036729623209,1.03672962321,1.03672962321
      ,1.03672962321,1.036729623209,1.036729623211,1.036729623208
      ,1.036729623211,1.036729623209,1.03672962321,1.036729623209
      ,1.03672962321,1.03672962321,1.036729623209,1.036729623211
      ,1.036729623208,1.036729623212,1.036729623207,1.036729623212
      ,1.036729623208,1.03672962321,1.03672962321,1.03672962321
      ,1.03672962321,1.03672962321,1.03672962321,1.036729623209
      ,1.03672962321,1.036729623209,1.03672962321,1.03672962321
      ,1.03672962321,1.03672962321,1.03672962321,1.03672962321
      ,1.03672962321,1.036729623209,1.03672962321,1.036729623209
      ,1.03672962321,1.036729623209,1.03672962321,1.03672962321
      ,1.03672962321,1.03672962321)
    ,(1.038346699848,1.038346699847,1.038346699848,1.038346699847
      ,1.038346699848,1.038346699847,1.038346699848,1.038346699847
      ,1.038346699848,1.038346699847,1.038346699848,1.038346699847
      ,1.038346699848,1.038346699847,1.038346699849,1.038346699846
      ,1.038346699849,1.038346699846,1.038346699848,1.038346699847
      ,1.038346699848,1.038346699848,1.038346699847,1.038346699848
      ,1.038346699847,1.038346699848,1.038346699847,1.038346699848
      ,1.038346699847,1.038346699848,1.038346699847,1.038346699848
      ,1.038346699847,1.038346699849,1.038346699845,1.03834669985
      ,1.038346699845,1.038346699849,1.038346699847,1.038346699848
      ,1.038346699847,1.038346699848,1.038346699848,1.038346699847
      ,1.038346699848,1.038346699847,1.038346699848,1.038346699847
      ,1.038346699848,1.038346699847,1.038346699848,1.038346699848
      ,1.038346699847,1.038346699848,1.038346699847,1.038346699849
      ,1.038346699846,1.038346699848,1.038346699847,1.038346699848
      ,1.038346699847,1.038346699848,1.038346699847,1.038346699849
      ,1.038346699846,1.03834669985,1.038346699846,1.038346699849
      ,1.038346699847,1.038346699848,1.038346699847,1.038346699848
      ,1.038346699847,1.038346699848,1.038346699847,1.038346699849
      ,1.038346699847,1.038346699848,1.038346699847,1.038346699848
      ,1.038346699848,1.038346699847,1.038346699848,1.038346699847
      ,1.038346699849,1.038346699846,1.038346699849,1.038346699846
      ,1.038346699848,1.038346699847,1.038346699848,1.038346699848
      ,1.038346699847,1.038346699849,1.038346699845,1.03834669985
      ,1.038346699845,1.038346699849,1.038346699847,1.038346699848
      ,1.038346699847,1.038346699847,1.038346699848,1.038346699847
      ,1.038346699849,1.038346699845,1.03834669985,1.038346699846
      ,1.038346699848,1.038346699847,1.038346699848,1.038346699848
      ,1.038346699847,1.038346699848,1.038346699846,1.038346699849
      ,1.038346699846,1.038346699849,1.038346699847,1.038346699848
      ,1.038346699847,1.038346699848,1.038346699847,1.038346699848
      ,1.038346699847,1.038346699848,1.038346699847,1.038346699848
      ,1.038346699847,1.038346699848,1.038346699848,1.038346699847
      ,1.038346699848,1.038346699847,1.038346699848,1.038346699847
      ,1.038346699848,1.038346699847,1.038346699848,1.038346699847
      ,1.038346699847,1.038346699848,1.038346699847,1.038346699848
      ,1.038346699846,1.038346699849,1.038346699846,1.038346699849
      ,1.038346699847,1.038346699848,1.038346699847,1.038346699848
      ,1.038346699847,1.038346699848,1.038346699847,1.038346699849
      ,1.038346699846,1.038346699848,1.038346699847,1.038346699848
      ,1.038346699847,1.038346699848,1.038346699847,1.038346699848
      ,1.038346699847,1.038346699848,1.038346699847,1.038346699848
      ,1.038346699847,1.038346699848,1.038346699847,1.038346699848
      ,1.038346699847,1.038346699848,1.038346699847,1.038346699849
      ,1.038346699846,1.038346699849,1.038346699846,1.038346699848
      ,1.038346699847,1.038346699848,1.038346699848,1.038346699847
      ,1.038346699848,1.038346699846,1.038346699849,1.038346699846
      ,1.038346699849,1.038346699847,1.038346699848,1.038346699847
      ,1.038346699848,1.038346699847,1.038346699849,1.038346699846
      ,1.03834669985,1.038346699845,1.038346699849,1.038346699847
      ,1.038346699848,1.038346699847,1.038346699848,1.038346699847
      ,1.038346699849,1.038346699846,1.03834669985,1.038346699845
      ,1.038346699849,1.038346699847,1.038346699848,1.038346699847
      ,1.038346699848,1.038346699847,1.038346699848,1.038346699847
      ,1.038346699849,1.038346699846,1.038346699848,1.038346699847
      ,1.038346699848,1.038346699847,1.038346699848,1.038346699847
      ,1.038346699847,1.038346699848,1.038346699847,1.038346699848
      ,1.038346699847,1.038346699848,1.038346699847,1.038346699848
      ,1.038346699848,1.038346699847,1.038346699848,1.038346699847
      ,1.038346699849,1.038346699846,1.038346699848,1.038346699847
      ,1.038346699848,1.038346699847,1.038346699848,1.038346699847
      ,1.038346699848,1.038346699847,1.038346699848,1.038346699847
      ,1.038346699848,1.038346699847,1.038346699848,1.038346699848
      ,1.038346699847,1.038346699848,1.038346699847,1.038346699848
      ,1.038346699847,1.038346699848,1.038346699847,1.038346699848
      ,1.038346699847,1.038346699848,1.038346699848,1.038346699847
      ,1.038346699848,1.038346699847,1.038346699848,1.038346699848
      ,1.038346699847,1.038346699848,1.038346699847,1.038346699848
      ,1.038346699848,1.038346699847,1.038346699848,1.038346699847
      ,1.038346699848,1.038346699847,1.038346699848,1.038346699847
      ,1.038346699848,1.038346699847,1.038346699848,1.038346699847
      ,1.038346699848,1.038346699847,1.038346699849,1.038346699846
      ,1.038346699849,1.038346699847,1.038346699848,1.038346699847
      ,1.038346699848,1.038346699848,1.038346699847,1.038346699848
      ,1.038346699846,1.03834669985,1.038346699845,1.038346699849
      ,1.038346699847,1.038346699848,1.038346699847,1.038346699848
      ,1.038346699848,1.038346699847,1.038346699848,1.038346699847
      ,1.038346699848,1.038346699847,1.038346699848,1.038346699847
      ,1.038346699848,1.038346699847,1.038346699848,1.038346699847
      ,1.038346699848,1.038346699847,1.038346699849,1.038346699846
      ,1.038346699849,1.038346699847,1.038346699848,1.038346699847
      ,1.038346699848,1.038346699848)
    ,(0.853534330196,0.853534330196,0.853534330196,0.853534330196
      ,0.853534330197,0.853534330196,0.853534330197,0.853534330196
      ,0.853534330196,0.853534330196,0.853534330196,0.853534330196
      ,0.853534330196,0.853534330196,0.853534330197,0.853534330196
      ,0.853534330197,0.853534330196,0.853534330196,0.853534330196
      ,0.853534330196,0.853534330196,0.853534330196,0.853534330196
      ,0.853534330196,0.853534330197,0.853534330196,0.853534330197
      ,0.853534330196,0.853534330196,0.853534330196,0.853534330196
      ,0.853534330196,0.853534330197,0.853534330194,0.853534330198
      ,0.853534330194,0.853534330197,0.853534330195,0.853534330196
      ,0.853534330196,0.853534330196,0.853534330196,0.853534330196
      ,0.853534330197,0.853534330195,0.853534330197,0.853534330195
      ,0.853534330197,0.853534330196,0.853534330196,0.853534330196
      ,0.853534330196,0.853534330197,0.853534330195,0.853534330197
      ,0.853534330195,0.853534330197,0.853534330196,0.853534330196
      ,0.853534330196,0.853534330196,0.853534330196,0.853534330197
      ,0.853534330194,0.853534330198,0.853534330194,0.853534330198
      ,0.853534330195,0.853534330196,0.853534330196,0.853534330196
      ,0.853534330196,0.853534330197,0.853534330195,0.853534330197
      ,0.853534330195,0.853534330197,0.853534330196,0.853534330196
      ,0.853534330196,0.853534330196,0.853534330196,0.853534330195
      ,0.853534330197,0.853534330195,0.853534330198,0.853534330195
      ,0.853534330197,0.853534330196,0.853534330196,0.853534330196
      ,0.853534330196,0.853534330197,0.853534330195,0.853534330198
      ,0.853534330194,0.853534330197,0.853534330195,0.853534330196
      ,0.853534330196,0.853534330196,0.853534330196,0.853534330196
      ,0.853534330197,0.853534330195,0.853534330198,0.853534330195
      ,0.853534330197,0.853534330196,0.853534330196,0.853534330196
      ,0.853534330196,0.853534330196,0.853534330196,0.853534330196
      ,0.853534330196,0.853534330196,0.853534330196,0.853534330196
      ,0.853534330196,0.853534330196,0.853534330196,0.853534330196
      ,0.853534330196,0.853534330197,0.853534330195,0.853534330197
      ,0.853534330196,0.853534330196,0.853534330196,0.853534330196
      ,0.853534330196,0.853534330196,0.853534330197,0.853534330195
      ,0.853534330197,0.853534330196,0.853534330196,0.853534330196
      ,0.853534330196,0.853534330196,0.853534330196,0.853534330197
      ,0.853534330195,0.853534330198,0.853534330195,0.853534330197
      ,0.853534330196,0.853534330196,0.853534330196,0.853534330196
      ,0.853534330196,0.853534330196,0.853534330196,0.853534330197
      ,0.853534330195,0.853534330197,0.853534330196,0.853534330196
      ,0.853534330196,0.853534330196,0.853534330196,0.853534330196
      ,0.853534330196,0.853534330197,0.853534330196,0.853534330196
      ,0.853534330196,0.853534330196,0.853534330196,0.853534330196
      ,0.853534330196,0.853534330196,0.853534330196,0.853534330197
      ,0.853534330195,0.853534330197,0.853534330195,0.853534330197
      ,0.853534330196,0.853534330196,0.853534330196,0.853534330196
      ,0.853534330197,0.853534330195,0.853534330198,0.853534330195
      ,0.853534330197,0.853534330196,0.853534330196,0.853534330196
      ,0.853534330196,0.853534330196,0.853534330197,0.853534330195
      ,0.853534330197,0.853534330195,0.853534330197,0.853534330196
      ,0.853534330196,0.853534330196,0.853534330196,0.853534330196
      ,0.853534330197,0.853534330195,0.853534330197,0.853534330195
      ,0.853534330197,0.853534330196,0.853534330196,0.853534330196
      ,0.853534330196,0.853534330196,0.853534330196,0.853534330196
      ,0.853534330197,0.853534330196,0.853534330197,0.853534330196
      ,0.853534330196,0.853534330196,0.853534330196,0.853534330196
      ,0.853534330196,0.853534330196,0.853534330196,0.853534330196
      ,0.853534330196,0.853534330196,0.853534330196,0.853534330196
      ,0.853534330196,0.853534330196,0.853534330197,0.853534330196
      ,0.853534330197,0.853534330195,0.853534330197,0.853534330196
      ,0.853534330196,0.853534330196,0.853534330196,0.853534330196
      ,0.853534330196,0.853534330196,0.853534330197,0.853534330195
      ,0.853534330197,0.853534330196,0.853534330196,0.853534330196
      ,0.853534330196,0.853534330196,0.853534330196,0.853534330197
      ,0.853534330195,0.853534330197,0.853534330195,0.853534330197
      ,0.853534330196,0.853534330196,0.853534330196,0.853534330196
      ,0.853534330196,0.853534330196,0.853534330196,0.853534330197
      ,0.853534330196,0.853534330197,0.853534330196,0.853534330196
      ,0.853534330196,0.853534330196,0.853534330196,0.853534330196
      ,0.853534330197,0.853534330195,0.853534330197,0.853534330196
      ,0.853534330196,0.853534330196,0.853534330196,0.853534330196
      ,0.853534330196,0.853534330196,0.853534330197,0.853534330195
      ,0.853534330197,0.853534330196,0.853534330196,0.853534330196
      ,0.853534330196,0.853534330196,0.853534330196,0.853534330197
      ,0.853534330194,0.853534330198,0.853534330194,0.853534330198
      ,0.853534330195,0.853534330197,0.853534330196,0.853534330196
      ,0.853534330196,0.853534330196,0.853534330196,0.853534330196
      ,0.853534330196,0.853534330196,0.853534330196,0.853534330196
      ,0.853534330196,0.853534330196,0.853534330196,0.853534330196
      ,0.853534330196,0.853534330196,0.853534330197,0.853534330195
      ,0.853534330197,0.853534330196,0.853534330196,0.853534330196
      ,0.853534330196,0.853534330196)
    ,(1.038346699848,1.038346699847,1.038346699848,1.038346699847
      ,1.038346699848,1.038346699847,1.038346699848,1.038346699847
      ,1.038346699848,1.038346699847,1.038346699848,1.038346699847
      ,1.038346699848,1.038346699847,1.038346699848,1.038346699846
      ,1.038346699849,1.038346699847,1.038346699848,1.038346699847
      ,1.038346699848,1.038346699848,1.038346699847,1.038346699848
      ,1.038346699847,1.038346699848,1.038346699847,1.038346699848
      ,1.038346699847,1.038346699848,1.038346699847,1.038346699848
      ,1.038346699847,1.038346699849,1.038346699845,1.03834669985
      ,1.038346699845,1.038346699849,1.038346699847,1.038346699848
      ,1.038346699847,1.038346699848,1.038346699847,1.038346699848
      ,1.038346699848,1.038346699847,1.038346699848,1.038346699847
      ,1.038346699848,1.038346699847,1.038346699848,1.038346699848
      ,1.038346699847,1.038346699848,1.038346699847,1.038346699848
      ,1.038346699847,1.038346699848,1.038346699847,1.038346699848
      ,1.038346699847,1.038346699848,1.038346699847,1.038346699849
      ,1.038346699846,1.03834669985,1.038346699845,1.038346699849
      ,1.038346699847,1.038346699848,1.038346699847,1.038346699848
      ,1.038346699847,1.038346699848,1.038346699846,1.038346699849
      ,1.038346699846,1.038346699848,1.038346699847,1.038346699848
      ,1.038346699848,1.038346699847,1.038346699848,1.038346699847
      ,1.038346699849,1.038346699846,1.038346699849,1.038346699846
      ,1.038346699848,1.038346699847,1.038346699848,1.038346699848
      ,1.038346699847,1.038346699849,1.038346699846,1.03834669985
      ,1.038346699845,1.038346699849,1.038346699847,1.038346699848
      ,1.038346699847,1.038346699848,1.038346699848,1.038346699847
      ,1.038346699848,1.038346699846,1.038346699849,1.038346699847
      ,1.038346699848,1.038346699847,1.038346699848,1.038346699847
      ,1.038346699847,1.038346699848,1.038346699847,1.038346699848
      ,1.038346699847,1.038346699848,1.038346699847,1.038346699848
      ,1.038346699847,1.038346699848,1.038346699847,1.038346699848
      ,1.038346699847,1.038346699848,1.038346699847,1.038346699848
      ,1.038346699847,1.038346699848,1.038346699848,1.038346699847
      ,1.038346699848,1.038346699847,1.038346699849,1.038346699846
      ,1.038346699849,1.038346699846,1.038346699848,1.038346699847
      ,1.038346699848,1.038346699848,1.038346699847,1.038346699848
      ,1.038346699846,1.038346699849,1.038346699846,1.038346699849
      ,1.038346699847,1.038346699848,1.038346699847,1.038346699848
      ,1.038346699847,1.038346699848,1.038346699846,1.038346699849
      ,1.038346699846,1.038346699849,1.038346699847,1.038346699848
      ,1.038346699847,1.038346699848,1.038346699847,1.038346699848
      ,1.038346699847,1.038346699848,1.038346699847,1.038346699848
      ,1.038346699847,1.038346699848,1.038346699847,1.038346699848
      ,1.038346699847,1.038346699848,1.038346699847,1.038346699849
      ,1.038346699846,1.038346699849,1.038346699847,1.038346699848
      ,1.038346699847,1.038346699848,1.038346699848,1.038346699847
      ,1.038346699848,1.038346699846,1.038346699849,1.038346699846
      ,1.038346699849,1.038346699847,1.038346699848,1.038346699847
      ,1.038346699848,1.038346699847,1.038346699849,1.038346699846
      ,1.03834669985,1.038346699845,1.038346699849,1.038346699847
      ,1.038346699848,1.038346699847,1.038346699848,1.038346699847
      ,1.038346699848,1.038346699846,1.03834669985,1.038346699845
      ,1.038346699849,1.038346699847,1.038346699848,1.038346699847
      ,1.038346699848,1.038346699847,1.038346699848,1.038346699847
      ,1.038346699849,1.038346699846,1.038346699848,1.038346699847
      ,1.038346699848,1.038346699847,1.038346699848,1.038346699848
      ,1.038346699847,1.038346699848,1.038346699847,1.038346699848
      ,1.038346699847,1.038346699848,1.038346699847,1.038346699848
      ,1.038346699848,1.038346699847,1.038346699848,1.038346699846
      ,1.038346699849,1.038346699846,1.038346699848,1.038346699847
      ,1.038346699848,1.038346699847,1.038346699848,1.038346699847
      ,1.038346699848,1.038346699847,1.038346699848,1.038346699847
      ,1.038346699848,1.038346699847,1.038346699848,1.038346699848
      ,1.038346699847,1.038346699848,1.038346699847,1.038346699848
      ,1.038346699847,1.038346699848,1.038346699847,1.038346699848
      ,1.038346699847,1.038346699848,1.038346699848,1.038346699848
      ,1.038346699847,1.038346699848,1.038346699847,1.038346699848
      ,1.038346699847,1.038346699848,1.038346699847,1.038346699848
      ,1.038346699848,1.038346699847,1.038346699848,1.038346699847
      ,1.038346699849,1.038346699846,1.038346699848,1.038346699847
      ,1.038346699848,1.038346699847,1.038346699848,1.038346699847
      ,1.038346699848,1.038346699847,1.038346699849,1.038346699846
      ,1.038346699849,1.038346699847,1.038346699848,1.038346699847
      ,1.038346699848,1.038346699848,1.038346699847,1.038346699848
      ,1.038346699846,1.03834669985,1.038346699845,1.038346699849
      ,1.038346699847,1.038346699848,1.038346699847,1.038346699848
      ,1.038346699848,1.038346699847,1.038346699848,1.038346699847
      ,1.038346699848,1.038346699847,1.038346699848,1.038346699847
      ,1.038346699848,1.038346699847,1.038346699848,1.038346699847
      ,1.038346699848,1.038346699847,1.038346699849,1.038346699846
      ,1.038346699849,1.038346699847,1.038346699848,1.038346699847
      ,1.038346699848,1.038346699848)
    ,(1.03672962321,1.03672962321,1.03672962321,1.036729623209
      ,1.03672962321,1.036729623209,1.03672962321,1.036729623209
      ,1.03672962321,1.03672962321,1.03672962321,1.03672962321
      ,1.03672962321,1.036729623209,1.036729623211,1.036729623208
      ,1.036729623211,1.036729623209,1.03672962321,1.036729623209
      ,1.03672962321,1.03672962321,1.036729623209,1.03672962321
      ,1.036729623209,1.036729623211,1.036729623209,1.03672962321
      ,1.036729623209,1.03672962321,1.03672962321,1.03672962321
      ,1.036729623209,1.036729623211,1.036729623208,1.036729623212
      ,1.036729623208,1.036729623211,1.036729623209,1.03672962321
      ,1.03672962321,1.03672962321,1.03672962321,1.036729623209
      ,1.03672962321,1.036729623208,1.036729623211,1.036729623209
      ,1.03672962321,1.036729623209,1.03672962321,1.03672962321
      ,1.036729623209,1.03672962321,1.036729623209,1.036729623211
      ,1.036729623208,1.036729623211,1.036729623209,1.03672962321
      ,1.03672962321,1.03672962321,1.036729623209,1.036729623211
      ,1.036729623208,1.036729623212,1.036729623207,1.036729623211
      ,1.036729623209,1.03672962321,1.03672962321,1.03672962321
      ,1.036729623209,1.036729623211,1.036729623208,1.036729623212
      ,1.036729623208,1.036729623211,1.036729623209,1.03672962321
      ,1.03672962321,1.03672962321,1.03672962321,1.036729623209
      ,1.036729623211,1.036729623208,1.036729623211,1.036729623208
      ,1.03672962321,1.036729623209,1.03672962321,1.03672962321
      ,1.036729623209,1.036729623211,1.036729623207,1.036729623213
      ,1.036729623207,1.036729623212,1.036729623209,1.03672962321
      ,1.03672962321,1.03672962321,1.03672962321,1.036729623209
      ,1.03672962321,1.036729623209,1.036729623211,1.036729623209
      ,1.03672962321,1.036729623209,1.03672962321,1.03672962321
      ,1.036729623209,1.03672962321,1.036729623209,1.036729623211
      ,1.036729623209,1.03672962321,1.036729623209,1.03672962321
      ,1.03672962321,1.03672962321,1.03672962321,1.03672962321
      ,1.036729623209,1.03672962321,1.036729623209,1.03672962321
      ,1.036729623209,1.03672962321,1.03672962321,1.03672962321
      ,1.03672962321,1.036729623209,1.036729623211,1.036729623208
      ,1.036729623211,1.036729623209,1.03672962321,1.03672962321
      ,1.03672962321,1.03672962321,1.036729623209,1.036729623211
      ,1.036729623208,1.036729623212,1.036729623207,1.036729623211
      ,1.036729623209,1.03672962321,1.03672962321,1.03672962321
      ,1.036729623209,1.03672962321,1.036729623209,1.036729623211
      ,1.036729623208,1.036729623211,1.036729623209,1.03672962321
      ,1.03672962321,1.03672962321,1.036729623209,1.03672962321
      ,1.036729623209,1.036729623211,1.036729623209,1.03672962321
      ,1.036729623209,1.03672962321,1.03672962321,1.03672962321
      ,1.03672962321,1.03672962321,1.036729623209,1.03672962321
      ,1.036729623209,1.03672962321,1.036729623209,1.03672962321
      ,1.03672962321,1.03672962321,1.03672962321,1.036729623209
      ,1.03672962321,1.036729623208,1.036729623211,1.036729623208
      ,1.036729623211,1.036729623209,1.03672962321,1.03672962321
      ,1.03672962321,1.036729623209,1.036729623211,1.036729623208
      ,1.036729623212,1.036729623208,1.036729623211,1.036729623209
      ,1.03672962321,1.03672962321,1.03672962321,1.036729623209
      ,1.036729623211,1.036729623208,1.036729623212,1.036729623208
      ,1.036729623211,1.036729623209,1.03672962321,1.03672962321
      ,1.03672962321,1.036729623209,1.03672962321,1.036729623208
      ,1.036729623211,1.036729623208,1.036729623211,1.036729623209
      ,1.03672962321,1.03672962321,1.03672962321,1.03672962321
      ,1.036729623209,1.03672962321,1.036729623208,1.036729623211
      ,1.036729623209,1.03672962321,1.036729623209,1.03672962321
      ,1.03672962321,1.036729623209,1.03672962321,1.036729623208
      ,1.036729623211,1.036729623208,1.036729623211,1.036729623209
      ,1.03672962321,1.03672962321,1.03672962321,1.03672962321
      ,1.03672962321,1.036729623209,1.03672962321,1.036729623209
      ,1.03672962321,1.036729623209,1.03672962321,1.03672962321
      ,1.03672962321,1.03672962321,1.036729623209,1.03672962321
      ,1.036729623209,1.036729623211,1.036729623209,1.03672962321
      ,1.036729623209,1.03672962321,1.03672962321,1.03672962321
      ,1.03672962321,1.03672962321,1.036729623209,1.03672962321
      ,1.036729623209,1.03672962321,1.036729623209,1.03672962321
      ,1.03672962321,1.03672962321,1.03672962321,1.036729623209
      ,1.036729623211,1.036729623208,1.036729623211,1.036729623209
      ,1.03672962321,1.036729623209,1.03672962321,1.03672962321
      ,1.03672962321,1.036729623209,1.036729623211,1.036729623208
      ,1.036729623211,1.036729623209,1.03672962321,1.03672962321
      ,1.03672962321,1.03672962321,1.036729623209,1.036729623211
      ,1.036729623207,1.036729623213,1.036729623207,1.036729623212
      ,1.036729623208,1.03672962321,1.036729623209,1.03672962321
      ,1.03672962321,1.03672962321,1.03672962321,1.036729623209
      ,1.03672962321,1.036729623209,1.03672962321,1.03672962321
      ,1.03672962321,1.03672962321,1.03672962321,1.03672962321
      ,1.03672962321,1.036729623209,1.03672962321,1.036729623209
      ,1.03672962321,1.03672962321,1.03672962321,1.03672962321
      ,1.03672962321,1.03672962321)
    ,(1.669078461068,1.669078461068,1.669078461069,1.669078461067
      ,1.669078461069,1.669078461067,1.66907846107,1.669078461067
      ,1.669078461069,1.669078461068,1.669078461068,1.669078461068
      ,1.669078461068,1.669078461068,1.669078461069,1.669078461067
      ,1.66907846107,1.669078461067,1.669078461069,1.669078461068
      ,1.669078461068,1.669078461068,1.669078461068,1.669078461069
      ,1.669078461067,1.66907846107,1.669078461067,1.669078461069
      ,1.669078461068,1.669078461069,1.669078461068,1.669078461068
      ,1.669078461067,1.669078461071,1.669078461064,1.669078461073
      ,1.669078461064,1.669078461072,1.669078461066,1.669078461069
      ,1.669078461068,1.669078461068,1.669078461068,1.669078461068
      ,1.669078461069,1.669078461067,1.669078461069,1.669078461067
      ,1.669078461069,1.669078461068,1.669078461068,1.669078461068
      ,1.669078461068,1.669078461069,1.669078461067,1.66907846107
      ,1.669078461067,1.669078461069,1.669078461068,1.669078461069
      ,1.669078461068,1.669078461068,1.669078461067,1.66907846107
      ,1.669078461065,1.669078461073,1.669078461064,1.669078461071
      ,1.669078461067,1.669078461069,1.669078461068,1.669078461068
      ,1.669078461068,1.669078461069,1.669078461067,1.66907846107
      ,1.669078461067,1.669078461069,1.669078461068,1.669078461068
      ,1.669078461068,1.669078461068,1.669078461069,1.669078461067
      ,1.66907846107,1.669078461066,1.669078461071,1.669078461066
      ,1.669078461069,1.669078461068,1.669078461068,1.669078461068
      ,1.669078461067,1.66907846107,1.669078461065,1.669078461073
      ,1.669078461064,1.669078461071,1.669078461066,1.669078461069
      ,1.669078461068,1.669078461068,1.669078461069,1.669078461067
      ,1.66907846107,1.669078461066,1.669078461071,1.669078461066
      ,1.669078461069,1.669078461068,1.669078461068,1.669078461068
      ,1.669078461068,1.669078461069,1.669078461068,1.669078461069
      ,1.669078461068,1.669078461069,1.669078461068,1.669078461068
      ,1.669078461068,1.669078461068,1.669078461068,1.669078461069
      ,1.669078461067,1.66907846107,1.669078461067,1.669078461069
      ,1.669078461068,1.669078461068,1.669078461068,1.669078461068
      ,1.669078461069,1.669078461068,1.669078461069,1.669078461067
      ,1.669078461069,1.669078461068,1.669078461068,1.669078461068
      ,1.669078461068,1.669078461068,1.669078461068,1.669078461069
      ,1.669078461066,1.669078461071,1.669078461065,1.669078461071
      ,1.669078461067,1.669078461069,1.669078461068,1.669078461068
      ,1.669078461068,1.669078461069,1.669078461066,1.669078461071
      ,1.669078461066,1.66907846107,1.669078461067,1.669078461069
      ,1.669078461068,1.669078461068,1.669078461068,1.669078461069
      ,1.669078461067,1.66907846107,1.669078461066,1.66907846107
      ,1.669078461067,1.669078461069,1.669078461068,1.669078461068
      ,1.669078461068,1.669078461069,1.669078461067,1.66907846107
      ,1.669078461067,1.66907846107,1.669078461067,1.669078461069
      ,1.669078461068,1.669078461068,1.669078461068,1.669078461068
      ,1.669078461069,1.669078461066,1.669078461071,1.669078461066
      ,1.66907846107,1.669078461067,1.669078461069,1.669078461068
      ,1.669078461068,1.669078461068,1.66907846107,1.669078461066
      ,1.669078461071,1.669078461065,1.669078461071,1.669078461067
      ,1.669078461069,1.669078461068,1.669078461068,1.669078461068
      ,1.669078461069,1.669078461066,1.669078461071,1.669078461066
      ,1.66907846107,1.669078461067,1.669078461069,1.669078461068
      ,1.669078461068,1.669078461068,1.669078461069,1.669078461067
      ,1.66907846107,1.669078461066,1.66907846107,1.669078461067
      ,1.669078461069,1.669078461068,1.669078461068,1.669078461068
      ,1.669078461069,1.669078461068,1.669078461069,1.669078461068
      ,1.669078461069,1.669078461068,1.669078461068,1.669078461068
      ,1.669078461068,1.669078461068,1.669078461069,1.669078461066
      ,1.669078461071,1.669078461066,1.66907846107,1.669078461067
      ,1.669078461069,1.669078461068,1.669078461068,1.669078461068
      ,1.669078461069,1.669078461067,1.66907846107,1.669078461066
      ,1.66907846107,1.669078461067,1.669078461069,1.669078461068
      ,1.669078461068,1.669078461069,1.669078461068,1.669078461069
      ,1.669078461067,1.669078461069,1.669078461068,1.669078461069
      ,1.669078461068,1.669078461068,1.669078461068,1.669078461068
      ,1.669078461068,1.669078461068,1.669078461068,1.669078461069
      ,1.669078461068,1.669078461069,1.669078461068,1.669078461068
      ,1.669078461068,1.669078461068,1.669078461069,1.669078461067
      ,1.66907846107,1.669078461066,1.66907846107,1.669078461067
      ,1.669078461069,1.669078461068,1.669078461068,1.669078461068
      ,1.669078461069,1.669078461067,1.66907846107,1.669078461066
      ,1.66907846107,1.669078461067,1.669078461069,1.669078461068
      ,1.669078461068,1.669078461068,1.669078461068,1.66907846107
      ,1.669078461066,1.669078461072,1.669078461065,1.669078461071
      ,1.669078461067,1.669078461069,1.669078461068,1.669078461068
      ,1.669078461068,1.669078461068,1.669078461069,1.669078461068
      ,1.669078461069,1.669078461068,1.669078461069,1.669078461068
      ,1.669078461068,1.669078461068,1.669078461068,1.669078461068
      ,1.669078461069,1.669078461067,1.66907846107,1.669078461066
      ,1.66907846107,1.669078461067,1.669078461069,1.669078461068
,1.669078461068,1.669078461068))) REPRESENTATION_ITEM('') SURFACE() );
#809 = CARTESIAN_POINT('',(25.,-6.383782391595E-15,0.));
#810 = CARTESIAN_POINT('',(25.,11.379348390143,0.289772727326));
#811 = CARTESIAN_POINT('',(19.302558471861,22.758600257865,
    0.579545454296));
#812 = CARTESIAN_POINT('',(7.906731077917,30.969037949658,0.869318182543
    ));
#813 = CARTESIAN_POINT('',(-7.199305942674,32.836206008507,
    1.159090907691));
#814 = CARTESIAN_POINT('',(-22.061209638,26.625397847334,1.448863638312)
  );
#815 = CARTESIAN_POINT('',(-31.88294827477,13.382316336835,1.73863636166
    ));
#816 = CARTESIAN_POINT('',(-33.51213820385,-2.642541217651,
    2.028409092384));
#817 = CARTESIAN_POINT('',(-27.34031869384,-16.55610707833,2.3181818174)
  );
#818 = CARTESIAN_POINT('',(-16.17538561533,-25.07786971517,
    2.607954545738));
#819 = CARTESIAN_POINT('',(-3.632240537524,-27.2267588681,2.897727272673
    ));
#820 = CARTESIAN_POINT('',(18.146474400247,-20.6202579185,3.477272727335
    ));
#821 = CARTESIAN_POINT('',(27.381859527708,-11.86492385392,
    3.767045454275));
#822 = CARTESIAN_POINT('',(31.930724452049,1.423567293814,4.05681818248)
  );
#823 = CARTESIAN_POINT('',(29.332441799717,16.421153709357,
    4.346590908063));
#824 = CARTESIAN_POINT('',(19.074886035707,28.84020637838,4.636363637467
    ));
#825 = CARTESIAN_POINT('',(3.550946938101,34.394760605128,4.926136362836
    ));
#826 = CARTESIAN_POINT('',(-12.25681450241,31.302027559254,
    5.215909091276));
#827 = CARTESIAN_POINT('',(-23.77968225413,21.357069550174,
    5.505681818109));
#828 = CARTESIAN_POINT('',(-28.69349165746,8.199157624798,5.795454545451
    ));
#829 = CARTESIAN_POINT('',(-27.10876754429,-4.427673431266,
    6.085227272726));
#830 = CARTESIAN_POINT('',(-14.46471307082,-23.35083821971,
    6.664772727301));
#831 = CARTESIAN_POINT('',(-3.405489960641,-29.64701144098,
    6.954545454308));
#832 = CARTESIAN_POINT('',(10.631269006302,-30.1425584049,7.244318182621
    ));
#833 = CARTESIAN_POINT('',(24.228822744351,-23.30258739902,
    7.534090907418));
#834 = CARTESIAN_POINT('',(33.135503911286,-9.881657846449,
    7.823863638809));
#835 = CARTESIAN_POINT('',(33.944519246319,6.586227626208,8.113636361064
    ));
#836 = CARTESIAN_POINT('',(26.39620732001,20.815539152581,8.403409092881
    ));
#837 = CARTESIAN_POINT('',(13.534563917035,28.955367161235,
    8.693181817118));
#838 = CARTESIAN_POINT('',(-0.483176314815,29.838049364942,
    8.982954545833));
#839 = CARTESIAN_POINT('',(-12.1062791372,24.656187362134,9.272727272666
    ));
#840 = CARTESIAN_POINT('',(-26.54424353092,7.063476846045,9.852272727319
    ));
#841 = CARTESIAN_POINT('',(-29.35898263596,-5.34722244147,
    10.142045454392));
#842 = CARTESIAN_POINT('',(-25.75853546741,-18.92341297022,
    10.43181818221));
#843 = CARTESIAN_POINT('',(-15.26592981853,-29.94992183394,
    10.721590908394));
#844 = CARTESIAN_POINT('',(0.162572081335,-34.57719409586,
    11.011363637296));
#845 = CARTESIAN_POINT('',(16.156200690005,-30.57099868339,
    11.301136362713));
#846 = CARTESIAN_POINT('',(27.581643547503,-19.21716342983,
    11.590909091592));
#847 = CARTESIAN_POINT('',(31.637435291132,-4.546470727696,
    11.880681817816));
#848 = CARTESIAN_POINT('',(28.412974296208,9.123899434762,
    12.170454545605));
#849 = CARTESIAN_POINT('',(20.080232880112,18.742300212761,
    12.460227272681));
#850 = CARTESIAN_POINT('',(-0.946061261855,27.451676412805,
    13.039772727357));
#851 = CARTESIAN_POINT('',(-13.63943563735,26.542577959734,
    13.329545454032));
#852 = CARTESIAN_POINT('',(-25.58588531569,19.156204751642,
    13.619318183322));
#853 = CARTESIAN_POINT('',(-33.09175376517,5.91458061236,13.909090906248
    ));
#854 = CARTESIAN_POINT('',(-33.04111954273,-10.19280141059,14.1988636402
    ));
#855 = CARTESIAN_POINT('',(-24.56472424074,-24.33481259846,
    14.488636359858));
#856 = CARTESIAN_POINT('',(-10.383150329,-31.97243532055,14.778409093636
    ));
#857 = CARTESIAN_POINT('',(4.833161468038,-31.5949087369,15.06818181678)
  );
#858 = CARTESIAN_POINT('',(16.978878461732,-24.54099295949,
    15.357954545949));
#859 = CARTESIAN_POINT('',(23.764246978784,-13.77498222559,
    15.647727272627));
#860 = CARTESIAN_POINT('',(25.994989354825,8.874125209116,
    16.227272727391));
#861 = CARTESIAN_POINT('',(21.440344292048,20.757029794601,
    16.517045454052));
#862 = CARTESIAN_POINT('',(10.9041545453,30.044918397638,16.806818182854
    ));
#863 = CARTESIAN_POINT('',(-3.946128304692,33.383746082339,
    17.096590907879));
#864 = CARTESIAN_POINT('',(-19.34523352636,28.659565960258,
    17.386363636972));
#865 = CARTESIAN_POINT('',(-30.41772678614,16.44295224095,
    17.676136364113));
#866 = CARTESIAN_POINT('',(-33.60978243188,0.654947293795,
    17.965909089708));
#867 = CARTESIAN_POINT('',(-28.83144985729,-13.79656504353,
    18.255681819331));
#868 = CARTESIAN_POINT('',(-18.55555778744,-23.37164787622,
    18.545454544816));
#869 = CARTESIAN_POINT('',(-6.283439351238,-26.73963275185,
    18.835227272947));
#870 = CARTESIAN_POINT('',(16.037955452045,-22.29963126829,
    19.414772726977));
#871 = CARTESIAN_POINT('',(26.087042483469,-14.49168257046,
    19.704545456072));
#872 = CARTESIAN_POINT('',(31.916503281432,-1.713045870987,
    19.994318178031));
#873 = CARTESIAN_POINT('',(30.80075260267,13.466999301338,
    20.284090915164));
#874 = CARTESIAN_POINT('',(21.809869801348,26.831667121086,
    20.573863629643));
#875 = CARTESIAN_POINT('',(6.905124234963,33.881086766878,
    20.863636368849));
#876 = CARTESIAN_POINT('',(-9.129659362642,32.352677648327,
    21.15340908818));
#877 = CARTESIAN_POINT('',(-21.57181770129,23.585045875083,
    21.443181819081));
#878 = CARTESIAN_POINT('',(-27.75166666891,10.972130438195,
    21.732954545285));
#879 = CARTESIAN_POINT('',(-27.41221930703,-1.749229100954,
    22.022727272775));
#880 = CARTESIAN_POINT('',(-16.68384391037,-21.82060774034,
    22.602272727158));
#881 = CARTESIAN_POINT('',(-6.29500687642,-29.17045659023,
    22.892045455316));
#882 = CARTESIAN_POINT('',(7.6255891631,-31.03946033333,23.181818179643)
  );
#883 = CARTESIAN_POINT('',(21.828101361427,-25.56521899055,
    23.471590913085));
#884 = CARTESIAN_POINT('',(32.007375559044,-13.08192229965,
    23.761363631183));
#885 = CARTESIAN_POINT('',(34.426630305918,3.227368433606,
    24.051136368551));
#886 = CARTESIAN_POINT('',(28.309381988876,18.128025884967,
    24.340909087513));
#887 = CARTESIAN_POINT('',(16.30751357887,27.489319903364,
    24.630681819856));
#888 = CARTESIAN_POINT('',(2.443790582922,29.741730562301,
    24.920454544916));
#889 = CARTESIAN_POINT('',(-9.631255117503,25.724083941828,
    25.210227272813));
#890 = CARTESIAN_POINT('',(-25.72408394182,9.631255117501,
    25.789772727223));
#891 = CARTESIAN_POINT('',(-29.74173056232,-2.443790582912,
    26.079545454622));
#892 = CARTESIAN_POINT('',(-27.48931990329,-16.30751357891,
    26.369318181893));
#893 = CARTESIAN_POINT('',(-18.12802588512,-28.30938198875,
    26.65909090854));
#894 = CARTESIAN_POINT('',(-3.227368433381,-34.42663030614,
    26.948863637602));
#895 = CARTESIAN_POINT('',(13.081922299414,-32.00737555877,
    27.238636361989));
#896 = CARTESIAN_POINT('',(25.565218990736,-21.82810136166,
    27.528409092364));
#897 = CARTESIAN_POINT('',(31.039460333245,-7.625589162958,
    27.818181817361));
#898 = CARTESIAN_POINT('',(29.170456590261,6.295006876361,
    28.107954545699));
#899 = CARTESIAN_POINT('',(21.820607740347,16.683843910393,
    28.397727272755));
#900 = CARTESIAN_POINT('',(1.749229100946,27.412219307022,
    28.977272727131));
#901 = CARTESIAN_POINT('',(-10.97213043813,27.75166666899,
    29.267045455384));
#902 = CARTESIAN_POINT('',(-23.58504587524,21.571817701081,
    29.556818180023));
#903 = CARTESIAN_POINT('',(-32.35267764802,9.129659362996,
    29.846590911141));
#904 = CARTESIAN_POINT('',(-33.8810867673,-6.905124235377,
    30.136363635513));
#905 = CARTESIAN_POINT('',(-26.8316671206,-21.80986980098,30.42613636258
    ));
#906 = CARTESIAN_POINT('',(-13.46699930175,-30.8007526029,
    30.715909093054));
#907 = CARTESIAN_POINT('',(1.713045871242,-31.9165032813,31.005681816412
    ));
#908 = CARTESIAN_POINT('',(14.491682570364,-26.08704248351,
    31.295454546219));
#909 = CARTESIAN_POINT('',(22.299631268316,-16.03795545203,
    31.585227272642));
#910 = CARTESIAN_POINT('',(26.739632751848,6.283439351232,
    32.164772727194));
#911 = CARTESIAN_POINT('',(23.371647876256,18.555557787459,
    32.454545455467));
#912 = CARTESIAN_POINT('',(13.796565043491,28.831449857271,
    32.744318178997));
#913 = CARTESIAN_POINT('',(-0.654947293771,33.609782431912,
    33.03409091444));
#914 = CARTESIAN_POINT('',(-16.44295224092,30.417726786121,
    33.323863629301));
#915 = CARTESIAN_POINT('',(-28.65956596035,19.345233526391,
    33.613636370411));
#916 = CARTESIAN_POINT('',(-33.38374608222,3.946128304668,
    33.903409086171));
#917 = CARTESIAN_POINT('',(-30.04491839772,-10.90415454528,
    34.193181820559));
#918 = CARTESIAN_POINT('',(-20.75702979456,-21.44034429205,
    34.482954544659));
#919 = CARTESIAN_POINT('',(-8.874125209124,-25.99498935482,
    34.772727272873));
#920 = CARTESIAN_POINT('',(13.774982225602,-23.76424697878,
    35.352272727148));
#921 = CARTESIAN_POINT('',(24.540992959481,-16.97887846173,
    35.642045454974));
#922 = CARTESIAN_POINT('',(31.594908736925,-4.833161468005,
    35.931818181081));
#923 = CARTESIAN_POINT('',(31.97243532056,10.383150328915,
    36.221590909716));
#924 = CARTESIAN_POINT('',(24.33481259841,24.564724240914,36.51136363649
    ));
#925 = CARTESIAN_POINT('',(10.192801410686,33.041119542532,
    36.801136362616));
#926 = CARTESIAN_POINT('',(-5.914580612459,33.09175376534,
    37.090909092284));
#927 = CARTESIAN_POINT('',(-19.15620475157,25.5858853156,37.38068181718)
  );
#928 = CARTESIAN_POINT('',(-26.54257795975,13.639435637391,
    37.670454545859));
#929 = CARTESIAN_POINT('',(-27.4516764128,0.946061261847,37.960227272691
    ));
#930 = CARTESIAN_POINT('',(-18.74230021276,-20.0802328801,
    38.539772727221));
#931 = CARTESIAN_POINT('',(-9.123899434757,-28.41297429625,
    38.829545454948));
#932 = CARTESIAN_POINT('',(4.546470727675,-31.637435291,39.119318181002)
  );
#933 = CARTESIAN_POINT('',(19.217163429885,-27.5816435477,
    39.409090909821));
#934 = CARTESIAN_POINT('',(30.570998683323,-16.15620068979,
    39.698863636558));
#935 = CARTESIAN_POINT('',(34.577194095917,-0.162572081454,
    39.988636362273));
#936 = CARTESIAN_POINT('',(29.949921833939,15.265929818559,
    40.278409092779));
#937 = CARTESIAN_POINT('',(18.923412970197,25.75853546743,
    40.568181816766));
#938 = CARTESIAN_POINT('',(5.347222441492,29.35898263595,40.857954546076
    ));
#939 = CARTESIAN_POINT('',(-7.06347684605,26.544243530933,
    41.147727272622));
#940 = CARTESIAN_POINT('',(-24.65618736213,12.106279137205,
    41.72727272731));
#941 = CARTESIAN_POINT('',(-29.83804936494,0.483176314833,
    42.017045454528));
#942 = CARTESIAN_POINT('',(-28.95536716122,-13.5345639171,
    42.306818181958));
#943 = CARTESIAN_POINT('',(-20.81553915263,-26.39620731986,
    42.596590908495));
#944 = CARTESIAN_POINT('',(-6.586227626069,-33.94451924654,
    42.886363637679));
#945 = CARTESIAN_POINT('',(9.881657846242,-33.13550391103,
    43.176136361853));
#946 = CARTESIAN_POINT('',(23.302587399229,-24.22882274455,
    43.465909092538));
#947 = CARTESIAN_POINT('',(30.142558404771,-10.63126900618,
    43.755681817218));
#948 = CARTESIAN_POINT('',(29.647011441035,3.405489960594,
    44.045454545768));
#949 = CARTESIAN_POINT('',(23.350838219703,14.464713070839,
    44.335227272742));
#950 = CARTESIAN_POINT('',(4.427673431275,27.108767544288,
    44.914772727133));
#951 = CARTESIAN_POINT('',(-8.199157624829,28.693491657504,
    45.204545455476));
#952 = CARTESIAN_POINT('',(-21.35706955008,23.779682254034,
    45.494318179543));
#953 = CARTESIAN_POINT('',(-31.3020275594,12.256814502584,
    45.784090912447));
#954 = CARTESIAN_POINT('',(-34.39476060492,-3.550946938276,
    46.073863633225));
#955 = CARTESIAN_POINT('',(-28.84020637857,-19.07488603557,
    46.363636365332));
#956 = CARTESIAN_POINT('',(-16.42115370923,-29.33244179978,
    46.653409090753));
#957 = CARTESIAN_POINT('',(-1.423567293863,-31.93072445202,
    46.943181817697));
#958 = CARTESIAN_POINT('',(11.864923853937,-27.38185952771,
    47.232954545817));
#959 = CARTESIAN_POINT('',(20.620257918507,-18.14647440024,
    47.522727272637));
#960 = CARTESIAN_POINT('',(27.226758868102,3.632240537523,
    48.102272727342));
#961 = CARTESIAN_POINT('',(25.077869715174,16.175385615324,
    48.39204545439));
#962 = CARTESIAN_POINT('',(16.556107078353,27.340318693863,
    48.681818181919));
#963 = CARTESIAN_POINT('',(2.642541217572,33.5121382038,48.971590909491)
  );
#964 = CARTESIAN_POINT('',(-13.38231633666,31.882948274864,
    49.261363635078));
#965 = CARTESIAN_POINT('',(-26.62539784756,22.061209637899,
    49.551136365657));
#966 = CARTESIAN_POINT('',(-32.83620600831,7.199305942759,
    49.840909088854));
#967 = CARTESIAN_POINT('',(-30.96903794977,-7.906731077963,
    50.130681819609));
#968 = CARTESIAN_POINT('',(-22.75860025782,-19.30255847184,
    50.420454544808));
#969 = CARTESIAN_POINT('',(-11.37934839015,-25.,50.710227272901));
#970 = CARTESIAN_POINT('',(11.379348390153,-24.99999999999,
    51.289772727079));
#971 = CARTESIAN_POINT('',(22.758600257818,-19.30255847189,
    51.579545455159));
#972 = CARTESIAN_POINT('',(30.969037949757,-7.906731077797,
    51.869318181358));
#973 = CARTESIAN_POINT('',(32.836206008382,7.199305942368,
    52.159090907562));
#974 = CARTESIAN_POINT('',(26.625397847424,22.061209638526,
    52.448863641652));
#975 = CARTESIAN_POINT('',(13.38231633682,31.882948274133,
    52.738636355208));
#976 = CARTESIAN_POINT('',(-2.642541217684,33.512138204422,
    53.028409099506));
#977 = CARTESIAN_POINT('',(-16.55610707829,27.340318693485,
    53.318181812307));
#978 = CARTESIAN_POINT('',(-25.07786971519,16.175385615478,
    53.607954548074));
#979 = CARTESIAN_POINT('',(-27.2267588681,3.632240537491,53.897727272064
    ));
#980 = CARTESIAN_POINT('',(-23.9235083933,-7.25711693136,54.187500000046
    ));
#981 = CARTESIAN_POINT('',(-20.6202579185,-18.14647440024,
    54.477272726772));
#982 = CARTESIAN_POINT('',(-11.86492385395,-27.38185952772,
    54.767045456451));
#983 = CARTESIAN_POINT('',(1.423567293928,-31.93072445197,
    55.056818177616));
#984 = CARTESIAN_POINT('',(16.421153709106,-29.33244179991,
    55.346590915162));
#985 = CARTESIAN_POINT('',(28.840206378754,-19.07488603537,
    55.636363630531));
#986 = CARTESIAN_POINT('',(34.394760604731,-3.550946938487,
    55.92613636716));
#987 = CARTESIAN_POINT('',(31.302027559559,12.25681450272,
    56.215909089979));
#988 = CARTESIAN_POINT('',(21.357069550009,23.779682253975,
    56.505681817854));
#989 = CARTESIAN_POINT('',(8.199157624858,28.693491657518,
    56.795454545808));
#990 = CARTESIAN_POINT('',(-4.427673431277,27.108767544287,
    57.085227272664));
#991 = CARTESIAN_POINT('',(-23.3508382197,14.464713070837,
    57.664772727252));
#992 = CARTESIAN_POINT('',(-29.64701144102,3.405489960599,
    57.954545454958));
#993 = CARTESIAN_POINT('',(-30.14255840482,-10.63126900617,
    58.244318180445));
#994 = CARTESIAN_POINT('',(-23.30258739912,-24.22882274461,
    58.534090911904));
#995 = CARTESIAN_POINT('',(-9.881657846409,-33.1355039109,
    58.823863632356));
#996 = CARTESIAN_POINT('',(6.586227626264,-33.94451924671,
    59.113636367788));
#997 = CARTESIAN_POINT('',(20.815539152466,-26.39620731971,
    59.403409087796));
#998 = CARTESIAN_POINT('',(28.955367161328,-13.53456391719,
    59.693181819828));
#999 = CARTESIAN_POINT('',(29.838049364902,0.483176314866,
    59.982954544909));
#1000 = CARTESIAN_POINT('',(24.65618736214,12.106279137198,
    60.272727272795));
#1001 = CARTESIAN_POINT('',(7.063476846045,26.544243530936,
    60.852272727284));
#1002 = CARTESIAN_POINT('',(-5.347222441477,29.358982635941,
    61.142045454261));
#1003 = CARTESIAN_POINT('',(-18.92341297021,25.758535467443,
    61.431818182757));
#1004 = CARTESIAN_POINT('',(-29.94992183393,15.265929818546,
    61.721590907302));
#1005 = CARTESIAN_POINT('',(-34.5771940959,-0.162572081435,
    62.011363638715));
#1006 = CARTESIAN_POINT('',(-30.57099868332,-16.15620068982,
    62.301136361443));
#1007 = CARTESIAN_POINT('',(-19.2171634299,-27.58164354768,
    62.590909092351));
#1008 = CARTESIAN_POINT('',(-4.54647072765,-31.63743529101,
    62.88068181757));
#1009 = CARTESIAN_POINT('',(9.123899434741,-28.41297429625,
    63.170454545579));
#1010 = CARTESIAN_POINT('',(18.742300212766,-20.0802328801,
    63.460227272762));
#1011 = CARTESIAN_POINT('',(27.451676412799,0.94606126185,
    64.039772727173));
#1012 = CARTESIAN_POINT('',(26.54257795976,13.639435637368,
    64.329545455253));
#1013 = CARTESIAN_POINT('',(19.156204751587,25.585885315662,
    64.619318179776));
#1014 = CARTESIAN_POINT('',(5.914580612428,33.091753765225,
    64.909090912893));
#1015 = CARTESIAN_POINT('',(-10.19280141062,33.041119542697,
    65.198863631395));
#1016 = CARTESIAN_POINT('',(-24.33481259847,24.564724240728,
    65.488636368347));
#1017 = CARTESIAN_POINT('',(-31.97243532051,10.383150329076,
    65.778409087696));
#1018 = CARTESIAN_POINT('',(-31.59490873693,-4.833161468102,
    66.068181819692));
#1019 = CARTESIAN_POINT('',(-24.54099295948,-16.97887846169,
    66.357954545056));
#1020 = CARTESIAN_POINT('',(-13.77498222559,-23.76424697879,
    66.647727272714));
#1021 = CARTESIAN_POINT('',(8.874125209116,-25.99498935481,
    67.227272727426));
#1022 = CARTESIAN_POINT('',(20.75702979461,-21.44034429208,
    67.517045453413));
#1023 = CARTESIAN_POINT('',(30.044918397594,-10.9041545452,
    67.806818185068));
#1024 = CARTESIAN_POINT('',(33.383746082456,3.94612830453,
    68.096590903194));
#1025 = CARTESIAN_POINT('',(28.659565960061,19.345233526549,
    68.386363643922));
#1026 = CARTESIAN_POINT('',(16.442952241177,30.417726785997,
    68.676136356594));
#1027 = CARTESIAN_POINT('',(0.654947293613,33.60978243197,
    68.965909095653));
#1028 = CARTESIAN_POINT('',(-13.79656504342,28.831449857261,
    69.255681815945));
#1029 = CARTESIAN_POINT('',(-23.37164787627,18.555557787455,
    69.545454546154));
#1030 = CARTESIAN_POINT('',(-26.73963275184,6.283439351237,
    69.835227272611));
#1031 = CARTESIAN_POINT('',(-22.29963126831,-16.03795545204,
    70.414772727392));
#1032 = CARTESIAN_POINT('',(-14.49168257037,-26.08704248348,
    70.70454545402));
#1033 = CARTESIAN_POINT('',(-1.713045871205,-31.91650328141,
    70.994318183134));
#1034 = CARTESIAN_POINT('',(13.466999301686,-30.80075260269,
    71.284090906922));
#1035 = CARTESIAN_POINT('',(26.831667120692,-21.80986980129,
    71.573863638897));
#1036 = CARTESIAN_POINT('',(33.881086767211,-6.905124235036,
    71.863636361536));
#1037 = CARTESIAN_POINT('',(32.352677648112,9.129659362708,72.1534090921
    ));
#1038 = CARTESIAN_POINT('',(23.585045875187,21.57181770125,
    72.443181817789));
#1039 = CARTESIAN_POINT('',(10.97213043816,27.751666668926,
    72.732954545481));
#1040 = CARTESIAN_POINT('',(-1.749229100947,27.412219307035,
    73.022727272776));
#1041 = CARTESIAN_POINT('',(-21.82060774035,16.683843910382,
    73.602272727178));
#1042 = CARTESIAN_POINT('',(-29.17045659022,6.295006876412,
    73.89204545506));
#1043 = CARTESIAN_POINT('',(-31.03946033335,-7.625589163086,
    74.181818180666));
#1044 = CARTESIAN_POINT('',(-25.56521899056,-21.82810136143,
    74.471590910619));
#1045 = CARTESIAN_POINT('',(-13.0819222996,-32.00737555904,
    74.761363635244));
#1046 = CARTESIAN_POINT('',(3.227368433526,-34.42663030589,
    75.05113636379));
#1047 = CARTESIAN_POINT('',(18.128025885041,-28.3093819889,
    75.340909091511));
#1048 = CARTESIAN_POINT('',(27.489319903317,-16.30751357884,
    75.630681817495));
#1049 = CARTESIAN_POINT('',(29.74173056232,-2.443790582933,
    75.920454545841));
#1050 = CARTESIAN_POINT('',(25.724083941826,9.631255117505,
    76.210227272616));
#1051 = CARTESIAN_POINT('',(9.631255117503,25.724083941822,
    76.789772727412));
#1052 = CARTESIAN_POINT('',(-2.443790582921,29.741730562326,
    77.079545454077));
#1053 = CARTESIAN_POINT('',(-16.30751357886,27.489319903332,
    77.369318182332));
#1054 = CARTESIAN_POINT('',(-28.3093819889,18.128025884942,
    77.659090909679));
#1055 = CARTESIAN_POINT('',(-34.42663030587,3.227368433773,
    77.948863633561));
#1056 = CARTESIAN_POINT('',(-32.00737555907,-13.08192229995,
    78.238636368369));
#1057 = CARTESIAN_POINT('',(-21.82810136143,-25.56521899023,
    78.528409085934));
#1058 = CARTESIAN_POINT('',(-7.625589163081,-31.03946033355,
    78.818181821658));
#1059 = CARTESIAN_POINT('',(6.295006876403,-29.17045659014,
    79.107954543922));
#1060 = CARTESIAN_POINT('',(16.683843910383,-21.82060774036,
    79.397727273074));
#1061 = CARTESIAN_POINT('',(27.412219307034,-1.749229100938,
    79.977272726974));
#1062 = CARTESIAN_POINT('',(27.751666668928,10.97213043811,
    80.26704545541));
#1063 = CARTESIAN_POINT('',(21.571817701224,23.585045875311,
    80.55681818097));
#1064 = CARTESIAN_POINT('',(9.129659362809,32.352677647909,
    80.846590907831));
#1065 = CARTESIAN_POINT('',(-6.905124235248,33.881086767432,
    81.136363641906));
#1066 = CARTESIAN_POINT('',(-21.80986980099,26.831667120537,
    81.426136354344));
#1067 = CARTESIAN_POINT('',(-30.80075260297,13.46699930175,
    81.715909100506));
#1068 = CARTESIAN_POINT('',(-31.91650328124,-1.713045871207,
    82.005681811661));
#1069 = CARTESIAN_POINT('',(-26.08704248355,-14.49168257038,
    82.295454548293));
#1070 = CARTESIAN_POINT('',(-16.03795545202,-22.29963126831,
    82.585227272067));
#1071 = CARTESIAN_POINT('',(-4.877258050404,-24.51963201008,
    82.875000000002));
#1072 = CARTESIAN_POINT('',(6.283439351238,-26.73963275184,
    83.164772727175));
#1073 = CARTESIAN_POINT('',(18.555557787439,-23.37164787625,
    83.454545455241));
#1074 = CARTESIAN_POINT('',(28.831449857301,-13.79656504348,
    83.744318179307));
#1075 = CARTESIAN_POINT('',(33.609782431897,0.654947293783,
    84.034090914949));
#1076 = CARTESIAN_POINT('',(30.417726786099,16.442952240859,
    84.323863626933));
#1077 = CARTESIAN_POINT('',(19.345233526435,28.659565960462,
    84.613636374517));
#1078 = CARTESIAN_POINT('',(3.946128304634,33.383746082107,
    84.903409081833));
#1079 = CARTESIAN_POINT('',(-10.90415454527,30.044918397797,
    85.193181823559));
#1080 = CARTESIAN_POINT('',(-21.44034429205,20.757029794538,
    85.482954543342));
#1081 = CARTESIAN_POINT('',(-25.99498935482,8.87412520913,
    85.772727273176));
#1082 = CARTESIAN_POINT('',(-23.76424697878,-13.7749822256,
    86.352272726861));
#1083 = CARTESIAN_POINT('',(-16.97887846171,-24.54099295946,
    86.642045456136));
#1084 = CARTESIAN_POINT('',(-4.833161468037,-31.59490873695,
    86.931818178503));
#1085 = CARTESIAN_POINT('',(10.383150328927,-31.97243532051,
    87.22159091336));
#1086 = CARTESIAN_POINT('',(24.564724240945,-24.33481259842,
    87.511363633161));
#1087 = CARTESIAN_POINT('',(33.041119542466,-10.1928014107,
    87.80113636436));
#1088 = CARTESIAN_POINT('',(33.091753765409,5.914580612492,
    88.090909092183));
#1089 = CARTESIAN_POINT('',(25.585885315553,19.156204751557,
    88.380681816602));
#1090 = CARTESIAN_POINT('',(13.639435637414,26.542577959765,
    88.670454546284));
#1091 = CARTESIAN_POINT('',(0.946061261841,27.4516764128,88.96022727257)
  );
#1092 = CARTESIAN_POINT('',(-20.08023288009,18.742300212763,
    89.539772727331));
#1093 = CARTESIAN_POINT('',(-28.41297429626,9.123899434771,
    89.829545454682));
#1094 = CARTESIAN_POINT('',(-31.637435291,-4.546470727727,
    90.119318180995));
#1095 = CARTESIAN_POINT('',(-27.58164354768,-19.21716342978,
    90.409090911227));
#1096 = CARTESIAN_POINT('',(-16.15620068985,-30.57099868344,
    90.698863632823));
#1097 = CARTESIAN_POINT('',(-0.162572081367,-34.57719409584,
    90.988636367766));
#1098 = CARTESIAN_POINT('',(15.265929818456,-29.94992183394,
    91.27840908743));
#1099 = CARTESIAN_POINT('',(25.758535467509,-18.92341297023,
    91.568181820285));
#1100 = CARTESIAN_POINT('',(29.358982635909,-5.34722244147,
    91.857954544598));
#1101 = CARTESIAN_POINT('',(26.544243530946,7.063476846042,
    92.147727272932));
#1102 = CARTESIAN_POINT('',(12.10627913719,24.656187362139,
    92.727272727058));
#1103 = CARTESIAN_POINT('',(0.483176314896,29.83804936491,
    93.017045455651));
#1104 = CARTESIAN_POINT('',(-13.53456391722,28.955367161321,
    93.306818178753));
#1105 = CARTESIAN_POINT('',(-26.39620731973,20.815539152426,
    93.596590914809));
#1106 = CARTESIAN_POINT('',(-33.94451924657,6.586227626424,
    93.886363628779));
#1107 = CARTESIAN_POINT('',(-33.13550391112,-9.881657846681,
    94.176136370996));
#1108 = CARTESIAN_POINT('',(-24.22882274441,-23.30258739883,
    94.465909085651));
#1109 = CARTESIAN_POINT('',(-10.63126900628,-30.142558405,94.7556818209)
  );
#1110 = CARTESIAN_POINT('',(3.405489960636,-29.64701144094,
    95.045454544513));
#1111 = CARTESIAN_POINT('',(14.464713070827,-23.35083821972,
    95.335227272907));
#1112 = CARTESIAN_POINT('',(20.786740307564,-13.88925582549,
    95.625000000008));
#1113 = CARTESIAN_POINT('',(27.10876754428,-4.427673431293,
    95.914772728506));
#1114 = CARTESIAN_POINT('',(28.693491657526,8.199157624901,
    96.204545449144));
#1115 = CARTESIAN_POINT('',(23.779682253984,21.357069549933,
    96.494318194686));
#1116 = CARTESIAN_POINT('',(12.256814502677,31.302027559629,
    96.784090889069));
#1117 = CARTESIAN_POINT('',(-3.550946938392,34.394760604716,
    97.07386365786));
#1118 = CARTESIAN_POINT('',(-19.07488603548,28.840206378697,
    97.36363634773));
#1119 = CARTESIAN_POINT('',(-29.33244179981,16.421153709195,
    97.653409098501));
#1120 = CARTESIAN_POINT('',(-31.93072445202,1.423567293862,
    97.943181816275));
#1121 = CARTESIAN_POINT('',(-27.38185952771,-11.86492385392,
    98.232954545527));
#1122 = CARTESIAN_POINT('',(-18.14647440024,-20.62025791851,
    98.522727272696));
#1123 = CARTESIAN_POINT('',(-7.257116931367,-23.9235083933,
    98.812500000135));
#1124 = CARTESIAN_POINT('',(3.632240537555,-27.22675886811,
    99.102272726122));
#1125 = CARTESIAN_POINT('',(16.175385615217,-25.07786971515,
    99.392045458715));
#1126 = CARTESIAN_POINT('',(27.340318694095,-16.55610707835,
    99.681818172764));
#1127 = CARTESIAN_POINT('',(33.512138203468,-2.642541217661,
    99.97159092204));
#1128 = CARTESIAN_POINT('',(31.882948275165,13.382316336884,
    100.26136362404));
#1129 = CARTESIAN_POINT('',(22.061209637749,26.625397847269,
    100.55113637085));
#1130 = CARTESIAN_POINT('',(7.199305942771,32.836206008549,
    100.84090908936));
#1131 = CARTESIAN_POINT('',(-7.906731077927,30.969037949642,
    101.13068181697));
#1132 = CARTESIAN_POINT('',(-19.30255847186,22.75860025787,
    101.42045454663));
#1133 = CARTESIAN_POINT('',(-24.99999999999,11.379348390142,
    101.7102272723));
#1134 = CARTESIAN_POINT('',(-25.,1.951883099593E-12,102.00000000004));
#1135 = CARTESIAN_POINT('',(25.,41.538576889276,0.));
#1136 = CARTESIAN_POINT('',(6.092722478608,52.917925279421,0.28977272728
    ));
#1137 = CARTESIAN_POINT('',(-18.51183620002,54.830632628018,
    0.579545454477));
#1138 = CARTESIAN_POINT('',(-43.5496594744,44.106412220108,
    0.869318182207));
#1139 = CARTESIAN_POINT('',(-61.75807668183,20.874249077751,
    1.159090907977));
#1140 = CARTESIAN_POINT('',(-66.30045504366,-10.03025227863,
    1.448863638411));
#1141 = CARTESIAN_POINT('',(-54.11824333871,-39.5925755814,
    1.738636361089));
#1142 = CARTESIAN_POINT('',(-29.1214421296,-58.32440241213,
    2.028409093129));
#1143 = CARTESIAN_POINT('',(0.168366375326,-61.98322427949,
    2.318181816867));
#1144 = CARTESIAN_POINT('',(25.492575161424,-51.95396968229,
    2.607954545946));
#1145 = CARTESIAN_POINT('',(41.606192129818,-33.26188298138,
    2.897727272654));
#1146 = CARTESIAN_POINT('',(52.407921161427,9.530890966613,
    3.477272727305));
#1147 = CARTESIAN_POINT('',(47.095941598857,33.631215243865,
    3.767045454621));
#1148 = CARTESIAN_POINT('',(29.56540607246,54.477841395759,
    4.056818181322));
#1149 = CARTESIAN_POINT('',(2.047987563874,65.158269288919,
    4.346590910466));
#1150 = CARTESIAN_POINT('',(-28.84435917824,60.533951164689,
    4.636363633995));
#1151 = CARTESIAN_POINT('',(-53.59742936934,40.294811924712,
    4.926136366434));
#1152 = CARTESIAN_POINT('',(-64.26648165636,10.936802278296,
    5.215909088614));
#1153 = CARTESIAN_POINT('',(-59.26537327232,-18.15389683067,
    5.505681819484));
#1154 = CARTESIAN_POINT('',(-42.31674523749,-39.47631475512,
    5.795454544988));
#1155 = CARTESIAN_POINT('',(-19.75199741302,-49.47005843131,
    6.085227272804));
#1156 = CARTESIAN_POINT('',(24.333710481233,-47.38458206312,
    6.664772727241));
#1157 = CARTESIAN_POINT('',(45.854296614067,-35.30537970204,
    6.954545454483));
#1158 = CARTESIAN_POINT('',(60.714428193927,-12.47824700734,
    7.244318182438));
#1159 = CARTESIAN_POINT('',(62.947075498658,16.954645266882,
    7.534090907158));
#1160 = CARTESIAN_POINT('',(49.554304057106,45.174409228723,
    7.823863640018));
#1161 = CARTESIAN_POINT('',(23.001218362452,62.986508533885,
    8.113636359013));
#1162 = CARTESIAN_POINT('',(-8.189707638586,64.67397464899,
    8.403409094952));
#1163 = CARTESIAN_POINT('',(-34.57602588288,51.443628115733,
    8.693181815783));
#1164 = CARTESIAN_POINT('',(-50.06038062813,29.035231106249,
    8.982954546357));
#1165 = CARTESIAN_POINT('',(-53.07359651824,4.541083090366,
    9.272727272578));
#1166 = CARTESIAN_POINT('',(-38.28051457455,-37.04092718853,
    9.852272727366));
#1167 = CARTESIAN_POINT('',(-20.47434221165,-54.1284367492,
    10.14204545431));
#1168 = CARTESIAN_POINT('',(5.683530311705,-61.72232920336,
    10.431818182285));
#1169 = CARTESIAN_POINT('',(34.497155430275,-55.31492183529,
    10.721590908451));
#1170 = CARTESIAN_POINT('',(57.614069492468,-34.30707355267,
    11.011363636976));
#1171 = CARTESIAN_POINT('',(66.951231872544,-3.726775327186,
    11.301136363249));
#1172 = CARTESIAN_POINT('',(59.511788374915,26.610925439881,
    11.590909091069));
#1173 = CARTESIAN_POINT('',(39.191592246063,48.020490798482,
    11.880681818166));
#1174 = CARTESIAN_POINT('',(13.253222369101,56.33328013663,
    12.170454545428));
#1175 = CARTESIAN_POINT('',(-11.06090625894,52.106472109911,
    12.460227272757));
#1176 = CARTESIAN_POINT('',(-46.55820411811,25.879754874746,
    13.039772727218));
#1177 = CARTESIAN_POINT('',(-57.74107225582,3.880068118803,
    13.329545454801));
#1178 = CARTESIAN_POINT('',(-57.41474466923,-23.35584581942,
    13.619318181504));
#1179 = CARTESIAN_POINT('',(-42.91908423954,-49.06879372707,
    13.909090908748));
#1180 = CARTESIAN_POINT('',(-16.10534091804,-65.0920447821,
    14.198863638284));
#1181 = CARTESIAN_POINT('',(15.868615105027,-65.15016007449,
    14.488636360187));
#1182 = CARTESIAN_POINT('',(42.74042820487,-49.22448684716,
    14.778409094537));
#1183 = CARTESIAN_POINT('',(57.329463293263,-23.56440276797,
    15.068181815783));
#1184 = CARTESIAN_POINT('',(57.754795384752,3.670144979602,
    15.357954546403));
#1185 = CARTESIAN_POINT('',(46.651973311229,25.710337788225,
    15.64772727259));
#1186 = CARTESIAN_POINT('',(11.250248062356,52.065919771118,
    16.227272727295));
#1187 = CARTESIAN_POINT('',(-13.04835483469,56.381085391604,
    16.517045455106));
#1188 = CARTESIAN_POINT('',(-39.01677156873,48.162640874035,
    16.806818179265));
#1189 = CARTESIAN_POINT('',(-59.4146604547,26.827083931432,
    17.096590915468));
#1190 = CARTESIAN_POINT('',(-66.96433688324,-3.483372866993,
    17.386363625816));
#1191 = CARTESIAN_POINT('',(-57.73840023638,-34.09741105513,
    17.676136375832));
#1192 = CARTESIAN_POINT('',(-34.69800556456,-55.18915399474,
    17.965909081013));
#1193 = CARTESIAN_POINT('',(-5.907862746348,-61.70126090207,
    18.255681823671));
#1194 = CARTESIAN_POINT('',(20.277441907151,-54.20250643561,
    18.545454543614));
#1195 = CARTESIAN_POINT('',(38.145612290708,-37.17983789558,
    18.835227272887));
#1196 = CARTESIAN_POINT('',(53.089753373944,4.348122557945,
    19.414772727488));
#1197 = CARTESIAN_POINT('',(50.165597310764,28.853062237808,
    19.704545452332));
#1198 = CARTESIAN_POINT('',(34.762802788061,51.317599132008,
    19.994318188331));
#1199 = CARTESIAN_POINT('',(8.424753164811,64.643776546488,
    20.284090897657));
#1200 = CARTESIAN_POINT('',(-22.77210091385,63.069705225574,
    20.573863649734));
#1201 = CARTESIAN_POINT('',(-49.3897608671,45.354248162235,
    20.863636353058));
#1202 = CARTESIAN_POINT('',(-62.88502689441,17.1833553298,
    21.153409096502));
#1203 = CARTESIAN_POINT('',(-60.75938735582,-12.2574584448,
    21.443181816333));
#1204 = CARTESIAN_POINT('',(-45.98233402552,-35.13845915349,
    21.732954545801));
#1205 = CARTESIAN_POINT('',(-24.50579980604,-47.29581227623,
    22.022727272659));
#1206 = CARTESIAN_POINT('',(19.572035784441,-49.54153306401,
    22.602272727468));
#1207 = CARTESIAN_POINT('',(42.172963287466,-39.62988167428,
    22.892045453453));
#1208 = CARTESIAN_POINT('',(59.198989534892,-18.36921546675,
    23.181818184152));
#1209 = CARTESIAN_POINT('',(64.305813977473,10.703111684435,
    23.471590906728));
#1210 = CARTESIAN_POINT('',(53.743552936294,40.099710925912,
    23.761363636329));
#1211 = CARTESIAN_POINT('',(29.064218665575,60.428697630189,
    24.051136367144));
#1212 = CARTESIAN_POINT('',(-1.811113916348,65.165283508596,
    24.340909085887));
#1213 = CARTESIAN_POINT('',(-29.36717554805,54.584956164915,
    24.630681821959));
#1214 = CARTESIAN_POINT('',(-46.97337589173,33.802193885961,
    24.920454543849));
#1215 = CARTESIAN_POINT('',(-52.37292866587,9.721338691696,
    25.210227272999));
#1216 = CARTESIAN_POINT('',(-41.72682919196,-33.11041843083,
    25.78977272719));
#1217 = CARTESIAN_POINT('',(-25.68126723849,-51.86095705755,
    26.079545454261));
#1218 = CARTESIAN_POINT('',(-0.393683642625,-61.98220270668,
    26.369318183326));
#1219 = CARTESIAN_POINT('',(28.909231740773,-58.42987789079,
    26.659090905431));
#1220 = CARTESIAN_POINT('',(53.97396075933,-39.78904195299,
    26.94886364218));
#1221 = CARTESIAN_POINT('',(66.263555529555,-10.27119817299,
    27.238636357155));
#1222 = CARTESIAN_POINT('',(61.83354966197,20.649611246754,
    27.528409096084));
#1223 = CARTESIAN_POINT('',(43.709705201925,43.94781121336,
    27.81818181527));
#1224 = CARTESIAN_POINT('',(18.711031505575,54.76297703868,
    28.107954546564));
#1225 = CARTESIAN_POINT('',(-5.90031758332,52.939723605312,
    28.397727272473));
#1226 = CARTESIAN_POINT('',(-43.79735407408,30.318638808344,
    28.977272727595));
#1227 = CARTESIAN_POINT('',(-57.08272003106,9.520999309649,
    29.267045452384));
#1228 = CARTESIAN_POINT('',(-59.42755019361,-17.61575194557,
    29.556818188911));
#1229 = CARTESIAN_POINT('',(-47.52199996485,-44.6257081827,
    29.846590894112));
#1230 = CARTESIAN_POINT('',(-22.40792538106,-63.20000932053,
    30.136363658426));
#1231 = CARTESIAN_POINT('',(9.406370999845,-66.39184053069,
    30.426136340348));
#1232 = CARTESIAN_POINT('',(37.709777926851,-53.17675203203,
    30.715909108659));
#1233 = CARTESIAN_POINT('',(54.743690885155,-29.07020377826,
    31.005681808631));
#1234 = CARTESIAN_POINT('',(57.8364273743,-2.008487655352,31.29545454883
    ));
#1235 = CARTESIAN_POINT('',(48.94738509525,21.013842469788,
    31.585227272132));
#1236 = CARTESIAN_POINT('',(16.29942760795,50.712490993175,
    32.164772727762));
#1237 = CARTESIAN_POINT('',(-7.459210683767,57.388557482407,
    32.45454545285));
#1238 = CARTESIAN_POINT('',(-34.1081308125,51.755036966828,
    32.744318184974));
#1239 = CARTESIAN_POINT('',(-56.49904858713,32.521559302625,
    33.03409090625));
#1240 = CARTESIAN_POINT('',(-66.98331553094,3.097053330197,
    33.323863635746));
#1241 = CARTESIAN_POINT('',(-60.80250479297,-28.27386982361,
    33.61363636883));
#1242 = CARTESIAN_POINT('',(-39.94040822985,-51.52240385119,
    33.903409083931));
#1243 = CARTESIAN_POINT('',(-11.92719592265,-60.82508065588,
    34.193181823296));
#1244 = CARTESIAN_POINT('',(14.867025802728,-55.92904342013,
    34.482954543324));
#1245 = CARTESIAN_POINT('',(34.317669352854,-40.73973064703,
    34.772727273062));
#1246 = CARTESIAN_POINT('',(53.260302239441,-0.876520646605,
    35.352272727221));
#1247 = CARTESIAN_POINT('',(52.752130898566,23.797038462369,
    35.642045453732));
#1248 = CARTESIAN_POINT('',(39.625414705861,47.663140354574,
    35.931818185139));
#1249 = CARTESIAN_POINT('',(14.720383794103,63.506728867041,
    36.221590901733));
#1250 = CARTESIAN_POINT('',(-16.480534878,64.998063581932,
    36.511363647305));
#1251 = CARTESIAN_POINT('',(-44.70644196018,49.976898171048,
    36.801136352155));
#1252 = CARTESIAN_POINT('',(-60.89795495258,23.264423288818,
    37.090909099551));
#1253 = CARTESIAN_POINT('',(-61.66825532216,-6.242974037095,
    37.380681813609));
#1254 = CARTESIAN_POINT('',(-49.20508780092,-30.46220098126,
    37.670454547045));
#1255 = CARTESIAN_POINT('',(-29.0235979508,-44.66608159439,
    37.96022727245));
#1256 = CARTESIAN_POINT('',(14.621871684303,-51.22137201918,
    38.539772727515));
#1257 = CARTESIAN_POINT('',(38.085481267387,-43.57272622323,
    38.829545453199));
#1258 = CARTESIAN_POINT('',(57.113432253484,-24.08327833674,
    39.119318186249));
#1259 = CARTESIAN_POINT('',(65.045252299485,4.348501281444,
    39.409090899536));
#1260 = CARTESIAN_POINT('',(57.415222040816,34.638830489703,
    39.698863650699));
#1261 = CARTESIAN_POINT('',(34.847314636821,57.288925333284,
    39.988636348319));
#1262 = CARTESIAN_POINT('',(4.584921834949,65.029015064382,
    40.278409102696));
#1263 = CARTESIAN_POINT('',(-23.87550326446,57.200601248255,
    40.568181811801));
#1264 = CARTESIAN_POINT('',(-43.43399186565,38.243623059686,
    40.857954547694));
#1265 = CARTESIAN_POINT('',(-51.1678808807,14.807972487377,
    41.147727272373));
#1266 = CARTESIAN_POINT('',(-44.77129163391,-28.86103824379,
    41.727272727481));
#1267 = CARTESIAN_POINT('',(-30.64086762332,-49.09402799892,
    42.01704545383));
#1268 = CARTESIAN_POINT('',(-6.467106207776,-61.64515371588,
    42.30681818402));
#1269 = CARTESIAN_POINT('',(23.042896345756,-60.9821222801,
    42.596590904225));
#1270 = CARTESIAN_POINT('',(49.814053278967,-44.88782012925,
    42.886363643962));
#1271 = CARTESIAN_POINT('',(64.937724923926,-16.71670376519,
    43.176136355201));
#1272 = CARTESIAN_POINT('',(63.55982006345,14.489430008929,
    43.465909097661));
#1273 = CARTESIAN_POINT('',(47.806869803101,39.451890182152,
    43.755681814351));
#1274 = CARTESIAN_POINT('',(23.988643179812,52.66527653505,
    44.045454546919));
#1275 = CARTESIAN_POINT('',(-0.682905623737,53.26313662288,
    44.335227272406));
#1276 = CARTESIAN_POINT('',(-40.61471156863,34.465537675733,
    44.914772727641));
#1277 = CARTESIAN_POINT('',(-55.87463000562,15.070238076347,
    45.204545452454));
#1278 = CARTESIAN_POINT('',(-60.86803592875,-11.70600876111,
    45.494318187938));
#1279 = CARTESIAN_POINT('',(-51.66725284382,-39.75285265638,
    45.784090897439));
#1280 = CARTESIAN_POINT('',(-28.49470928173,-60.69932324004,
    46.073863651884));
#1281 = CARTESIAN_POINT('',(2.853538405136,-66.994131254,46.363636348852
    ));
#1282 = CARTESIAN_POINT('',(32.315961871531,-56.61689603326,
    46.653409101048));
#1283 = CARTESIAN_POINT('',(51.630706807779,-34.2960428324,
    46.943181813298));
#1284 = CARTESIAN_POINT('',(57.361062951741,-7.667777456463,
    47.232954546979));
#1285 = CARTESIAN_POINT('',(50.771406803638,16.114972360937,
    47.52272727252));
#1286 = CARTESIAN_POINT('',(21.191634754855,48.870673204854,
    48.102272727387));
#1287 = CARTESIAN_POINT('',(-1.798230252087,57.843346392182,
    48.392045454623));
#1288 = CARTESIAN_POINT('',(-28.87101012235,54.849003762657,
    48.681818180445));
#1289 = CARTESIAN_POINT('',(-53.03931997771,37.902834279049,
    48.971590913721));
#1290 = CARTESIAN_POINT('',(-66.35720825384,9.647653209174,
    49.261363627427));
#1291 = CARTESIAN_POINT('',(-63.28104797454,-22.17803576553,
    49.551136375005));
#1292 = CARTESIAN_POINT('',(-44.79816293843,-47.35946479836,
    49.840909081078));
#1293 = CARTESIAN_POINT('',(-17.83166367959,-59.36312162907,
    50.130681823911));
#1294 = CARTESIAN_POINT('',(9.313432112376,-57.11695314424,
    50.420454543416));
#1295 = CARTESIAN_POINT('',(30.159228499124,-43.90727752126,
    50.710227272974));
#1296 = CARTESIAN_POINT('',(52.917925279418,-6.092722478791,
    51.28977272734));
#1297 = CARTESIAN_POINT('',(54.830632627817,18.511836200876,
    51.579545452277));
#1298 = CARTESIAN_POINT('',(44.106412221449,43.5496594726,
    51.869318191568));
#1299 = CARTESIAN_POINT('',(20.874249073531,61.758076683759,
    52.159090885036));
#1300 = CARTESIAN_POINT('',(-10.03025227038,66.300455043384,
    52.448863676108));
#1301 = CARTESIAN_POINT('',(-39.59257559223,54.118243336578,
    52.738636317612));
#1302 = CARTESIAN_POINT('',(-58.32440240237,29.121442132776,
    53.028409128727));
#1303 = CARTESIAN_POINT('',(-61.98322428555,-0.168366377718,
    53.318181796415));
#1304 = CARTESIAN_POINT('',(-51.95396967978,-25.49257516034,
    53.60795455378));
#1305 = CARTESIAN_POINT('',(-33.26188298199,-41.60619213008,
    53.897727270944));
#1306 = CARTESIAN_POINT('',(-11.86549600733,-47.0070566456,
    54.187500000049));
#1307 = CARTESIAN_POINT('',(9.530890965804,-52.40792116164,
    54.477272727698));
#1308 = CARTESIAN_POINT('',(33.631215247185,-47.09594159797,
    54.767045451874));
#1309 = CARTESIAN_POINT('',(54.477841387913,-29.56540607467,
    55.056818189904));
#1310 = CARTESIAN_POINT('',(65.158269301102,-2.047987560046,
    55.346590893416));
#1311 = CARTESIAN_POINT('',(60.533951151802,28.844359173438,
    55.636363657454));
#1312 = CARTESIAN_POINT('',(40.29481193392,53.59742937378,
    55.926136343404));
#1313 = CARTESIAN_POINT('',(10.936802274094,64.266481653399,
    56.215909104926));
#1314 = CARTESIAN_POINT('',(-18.15389682969,59.265373273718,
    56.5056818113));
#1315 = CARTESIAN_POINT('',(-39.47631475508,42.31674523707,
    56.795454547688));
#1316 = CARTESIAN_POINT('',(-49.47005843138,19.75199741309,
    57.085227272365));
#1317 = CARTESIAN_POINT('',(-47.38458206308,-24.33371048127,
    57.664772727573));
#1318 = CARTESIAN_POINT('',(-35.30537970227,-45.85429661404,
    57.954545453596));
#1319 = CARTESIAN_POINT('',(-12.47824700653,-60.71442819358,
    58.244318183259));
#1320 = CARTESIAN_POINT('',(16.954645264998,-62.94707550016,
    58.534090908754));
#1321 = CARTESIAN_POINT('',(45.17440923174,-49.55430405379,
    58.823863633442));
#1322 = CARTESIAN_POINT('',(62.986508530443,-23.00121836702,
    59.113636369991));
#1323 = CARTESIAN_POINT('',(64.673974651792,8.189707642721,
    59.40340908386));
#1324 = CARTESIAN_POINT('',(51.44362811416,34.576025880433,
    59.693181822999));
#1325 = CARTESIAN_POINT('',(29.03523110679,50.060380629003,
    59.982954543481));
#1326 = CARTESIAN_POINT('',(4.541083090319,53.073596518153,
    60.272727273081));
#1327 = CARTESIAN_POINT('',(-37.04092718859,38.280514574502,
    60.852272727085));
#1328 = CARTESIAN_POINT('',(-54.12843674848,20.47434221232,
    61.142045454949));
#1329 = CARTESIAN_POINT('',(-61.72232920566,-5.683530313556,
    61.43181818116));
#1330 = CARTESIAN_POINT('',(-55.31492183072,-34.49715542728,
    61.721590909832));
#1331 = CARTESIAN_POINT('',(-34.30707355903,-57.61406949561,
    62.011363635943));
#1332 = CARTESIAN_POINT('',(-3.726775320841,-66.95123187038,
    62.301136363487));
#1333 = CARTESIAN_POINT('',(26.610925435389,-59.51178837575,
    62.590909091454));
#1334 = CARTESIAN_POINT('',(48.020490800636,-39.19159224598,
    62.880681817661));
#1335 = CARTESIAN_POINT('',(56.333280136027,-13.25322236903,
    63.17045454575));
#1336 = CARTESIAN_POINT('',(52.106472109931,11.060906258948,
    63.460227272615));
#1337 = CARTESIAN_POINT('',(25.879754874854,46.558204118043,
    64.039772727473));
#1338 = CARTESIAN_POINT('',(3.880068117984,57.74107225629,
    64.329545453547));
#1339 = CARTESIAN_POINT('',(-23.3558458172,57.414744668011,
    64.61931818382));
#1340 = CARTESIAN_POINT('',(-49.0687937308,42.919084241505,
    64.909090907404));
#1341 = CARTESIAN_POINT('',(-65.09204477783,16.105340915928,
    65.198863635376));
#1342 = CARTESIAN_POINT('',(-65.15016007789,-15.86861510347,
    65.48863636809));
#1343 = CARTESIAN_POINT('',(-49.22448684534,-42.7404282056,
    65.778409085233));
#1344 = CARTESIAN_POINT('',(-23.56440276856,-57.32946329306,
    66.068181822298));
#1345 = CARTESIAN_POINT('',(3.670144979685,-57.75479538476,
    66.357954543678));
#1346 = CARTESIAN_POINT('',(25.710337788229,-46.65197331122,
    66.647727273105));
#1347 = CARTESIAN_POINT('',(52.065919771117,-11.25024806237,
    67.227272726951));
#1348 = CARTESIAN_POINT('',(56.381085391599,13.048354834777,
    67.517045455831));
#1349 = CARTESIAN_POINT('',(48.162640874053,39.016771568551,
    67.806818179058));
#1350 = CARTESIAN_POINT('',(26.827083931353,59.414660454918,
    68.096590912491));
#1351 = CARTESIAN_POINT('',(-3.483372866753,66.96433688317,
    68.386363634677));
#1352 = CARTESIAN_POINT('',(-34.09741105559,57.738400236241,
    68.67613636203));
#1353 = CARTESIAN_POINT('',(-55.18915399412,34.69800556481,
    68.965909094523));
#1354 = CARTESIAN_POINT('',(-61.70126090272,5.907862746152,
    69.255681815137));
#1355 = CARTESIAN_POINT('',(-54.20250643506,-20.27744190703,
    69.54545454682));
#1356 = CARTESIAN_POINT('',(-37.17983789596,-38.14561229076,
    69.835227272496));
#1357 = CARTESIAN_POINT('',(4.348122558704,-53.08975337383,
    70.414772727351));
#1358 = CARTESIAN_POINT('',(28.853062233244,-50.16559731144,
    70.704545454732));
#1359 = CARTESIAN_POINT('',(51.317599143964,-34.76280278619,
    70.994318180899));
#1360 = CARTESIAN_POINT('',(64.643776526803,-8.424753168152,
    71.284090911074));
#1361 = CARTESIAN_POINT('',(63.069705247581,22.772100918083,
    71.573863633696));
#1362 = CARTESIAN_POINT('',(45.354248145342,49.389760863253,
    71.863636366038));
#1363 = CARTESIAN_POINT('',(17.183355338419,62.885026896881,
    72.153409089454));
#1364 = CARTESIAN_POINT('',(-12.2574584474,60.759387354774,
    72.443181818746));
#1365 = CARTESIAN_POINT('',(-35.13845915319,45.982334025755,
    72.732954545378));
#1366 = CARTESIAN_POINT('',(-47.29581227621,24.505799806074,
    73.022727272664));
#1367 = CARTESIAN_POINT('',(-49.54153306397,-19.57203578456,
    73.602272727467));
#1368 = CARTESIAN_POINT('',(-39.62988167461,-42.1729632865,
    73.892045453126));
#1369 = CARTESIAN_POINT('',(-18.36921546601,-59.19898953779,
    74.181818186094));
#1370 = CARTESIAN_POINT('',(10.703111683672,-64.30581397194,
    74.471590900954));
#1371 = CARTESIAN_POINT('',(40.099710925925,-53.74355294369,
    74.761363647199));
#1372 = CARTESIAN_POINT('',(60.42869763129,-29.06421865837,
    75.051136353228));
#1373 = CARTESIAN_POINT('',(65.165283506934,1.811113911244,
    75.340909098167));
#1374 = CARTESIAN_POINT('',(54.584956166248,29.367175550636,
    75.630681814625));
#1375 = CARTESIAN_POINT('',(33.802193885318,46.973375890855,
    75.920454546568));
#1376 = CARTESIAN_POINT('',(9.721338691869,52.372928666049,
    76.210227272595));
#1377 = CARTESIAN_POINT('',(-33.11041843102,41.726829191785,
    76.7897727273));
#1378 = CARTESIAN_POINT('',(-51.86095705675,25.681267239355,
    77.079545455543));
#1379 = CARTESIAN_POINT('',(-61.98220270816,0.39368364038,
    77.369318176505));
#1380 = CARTESIAN_POINT('',(-58.42987788972,-28.9092317369,
    77.659090923735));
#1381 = CARTESIAN_POINT('',(-39.78904195185,-53.97396076401,
    77.948863610577));
#1382 = CARTESIAN_POINT('',(-10.27119817671,-66.26355552545,
    78.238636394559));
#1383 = CARTESIAN_POINT('',(20.64961125107,-61.83354966462,
    78.528409065239));
#1384 = CARTESIAN_POINT('',(43.947811210478,-43.70970520068,
    78.818181832734));
#1385 = CARTESIAN_POINT('',(54.762977039782,-18.71103150594,
    79.107954540298));
#1386 = CARTESIAN_POINT('',(52.939723605178,5.900317583338,
    79.397727273449));
#1387 = CARTESIAN_POINT('',(30.318638808285,43.797354074161,
    79.977272727122));
#1388 = CARTESIAN_POINT('',(9.520999310532,57.082720030333,
    80.267045452362));
#1389 = CARTESIAN_POINT('',(-17.6157519482,59.427550195996,
    80.556818192344));
#1390 = CARTESIAN_POINT('',(-44.62570817811,47.521999959983,
    80.84659088237));
#1391 = CARTESIAN_POINT('',(-63.20000932586,22.4079253881,
    81.136363681083));
#1392 = CARTESIAN_POINT('',(-66.3918405265,-9.406371007316,
    81.426136311262));
#1393 = CARTESIAN_POINT('',(-53.17675203415,-37.70977792097,
    81.715909134582));
#1394 = CARTESIAN_POINT('',(-29.0702037777,-54.74369088855,
    82.005681792604));
#1395 = CARTESIAN_POINT('',(-2.008487655327,-57.83642737287,
    82.295454555419));
#1396 = CARTESIAN_POINT('',(21.013842469721,-48.94738509567,
    82.585227270556));
#1397 = CARTESIAN_POINT('',(35.863166731495,-32.62340635151,
    82.875000000053));
#1398 = CARTESIAN_POINT('',(50.712490993202,-16.29942760799,
    83.164772727342));
#1399 = CARTESIAN_POINT('',(57.388557482533,7.459210683552,
    83.454545454699));
#1400 = CARTESIAN_POINT('',(51.755036965473,34.108130813096,
    83.744318178897));
#1401 = CARTESIAN_POINT('',(32.521559307248,56.499048586487,
    84.03409092008));
#1402 = CARTESIAN_POINT('',(3.097053321068,66.983315531014,
    84.323863613641));
#1403 = CARTESIAN_POINT('',(-28.27386981168,60.802504793754,
    84.613636394014));
#1404 = CARTESIAN_POINT('',(-51.52240386191,39.9404082287,
    84.903409063478));
#1405 = CARTESIAN_POINT('',(-60.82508064929,11.927195923537,
    85.193181834819));
#1406 = CARTESIAN_POINT('',(-55.9290434227,-14.8670258031,
    85.482954539231));
#1407 = CARTESIAN_POINT('',(-40.73973064655,-34.31766935278,
    85.772727273636));
#1408 = CARTESIAN_POINT('',(-0.876520646941,-53.26030223948,
    86.352272727097));
#1409 = CARTESIAN_POINT('',(23.797038463425,-52.7521308984,
    86.642045452664));
#1410 = CARTESIAN_POINT('',(47.663140352407,-39.62541470649,
    86.931818189577));
#1411 = CARTESIAN_POINT('',(63.50672886999,-14.72038379243,87.221590892)
  );
#1412 = CARTESIAN_POINT('',(64.998063579375,16.48053487496,
    87.511363661548));
#1413 = CARTESIAN_POINT('',(49.976898172197,44.706441964074,
    87.801136337467));
#1414 = CARTESIAN_POINT('',(23.264423288921,60.89795494913,
    88.090909110339));
#1415 = CARTESIAN_POINT('',(-6.24297403757,61.668255324223,
    88.380681808084));
#1416 = CARTESIAN_POINT('',(-30.46220098099,49.205087800183,
    88.670454548854));
#1417 = CARTESIAN_POINT('',(-44.66608159443,29.02359795089,
    88.960227272198));
#1418 = CARTESIAN_POINT('',(-51.2213720192,-14.62187168425,
    89.539772727621));
#1419 = CARTESIAN_POINT('',(-43.57272622309,-38.0854812681,
    89.829545453866));
#1420 = CARTESIAN_POINT('',(-24.08327833673,-57.11343225104,
    90.119318181935));
#1421 = CARTESIAN_POINT('',(4.348501280472,-65.04525230458,
    90.409090911917));
#1422 = CARTESIAN_POINT('',(34.638830492437,-57.41522203328,
    90.698863628591));
#1423 = CARTESIAN_POINT('',(57.288925329115,-34.8473146449,
    90.98863637509));
#1424 = CARTESIAN_POINT('',(65.029015068465,-4.584921828724,
    91.278409080081));
#1425 = CARTESIAN_POINT('',(57.200601245575,23.875503261081,
    91.568181824922));
#1426 = CARTESIAN_POINT('',(38.243623060845,43.433991866881,
    91.857954542913));
#1427 = CARTESIAN_POINT('',(14.807972487082,51.167880880445,
    92.147727273073));
#1428 = CARTESIAN_POINT('',(-28.86103824343,44.771291634212,
    92.727272727295));
#1429 = CARTESIAN_POINT('',(-49.09402800091,30.640867621958,
    93.017045453674));
#1430 = CARTESIAN_POINT('',(-61.64515371025,6.467106211018,
    93.306818183588));
#1431 = CARTESIAN_POINT('',(-60.98212229057,-23.04289635058,
    93.596590908352));
#1432 = CARTESIAN_POINT('',(-44.88782011544,-49.81405327429,
    93.886363633224));
#1433 = CARTESIAN_POINT('',(-16.71670377839,-64.93772492662,
    94.176136370967));
#1434 = CARTESIAN_POINT('',(14.489430017977,-63.55982006294,
    94.465909082765));
#1435 = CARTESIAN_POINT('',(39.451890177838,-47.80686980261,
    94.755681823634));
#1436 = CARTESIAN_POINT('',(52.665276536353,-23.98864318021,
    95.045454543317));
#1437 = CARTESIAN_POINT('',(53.263136622718,0.682905623818,
    95.335227273057));
#1438 = CARTESIAN_POINT('',(43.864337149257,20.648808596227,
    95.625000000108));
#1439 = CARTESIAN_POINT('',(34.465537674448,40.614711569611,
    95.914772725644));
#1440 = CARTESIAN_POINT('',(15.07023808242,55.874630001173,
    96.204545462345));
#1441 = CARTESIAN_POINT('',(-11.70600877634,60.86803593922,
    96.494318160218));
#1442 = CARTESIAN_POINT('',(-39.75285263136,51.667252828354,
    96.784090948949));
#1443 = CARTESIAN_POINT('',(-60.69932326856,28.494709296423,
    97.073863584892));
#1444 = CARTESIAN_POINT('',(-66.99413123118,-2.853538413372,
    97.363636411044));
#1445 = CARTESIAN_POINT('',(-56.61689604585,-32.31596186988,
    97.653409059447));
#1446 = CARTESIAN_POINT('',(-34.29604282792,-51.63070680667,
    97.94318183309));
#1447 = CARTESIAN_POINT('',(-7.667777457282,-57.36106295256,
    98.232954540655));
#1448 = CARTESIAN_POINT('',(16.114972360909,-50.77140680359,
    98.522727273617));
#1449 = CARTESIAN_POINT('',(32.49282278294,-35.98152077906,
    98.812500000003));
#1450 = CARTESIAN_POINT('',(48.87067320429,-21.19163475662,
    99.102272728568));
#1451 = CARTESIAN_POINT('',(57.843346394382,1.798230259002,
    99.392045447813));
#1452 = CARTESIAN_POINT('',(54.849003757819,28.871010106029,
    99.681818201031));
#1453 = CARTESIAN_POINT('',(37.90283428563,53.039320003557,
    99.971590872639));
#1454 = CARTESIAN_POINT('',(9.647653203973,66.357208225463,
    100.26136368536));
#1455 = CARTESIAN_POINT('',(-22.17803576427,63.281047996238,
    100.55113631598));
#1456 = CARTESIAN_POINT('',(-47.35946479639,44.798162927214,
    100.84090912453));
#1457 = CARTESIAN_POINT('',(-59.36312163164,17.831663683181,
    101.13068180123));
#1458 = CARTESIAN_POINT('',(-57.11695314273,-9.313432112888,
    101.4204545513));
#1459 = CARTESIAN_POINT('',(-43.90727752175,-30.15922849915,
    101.71022727149));
#1460 = CARTESIAN_POINT('',(-24.99999999996,-41.53857688927,
    102.0000000001));
#1461 = CARTESIAN_POINT('',(-26.3637047637,47.50280958114,0.));
#1462 = CARTESIAN_POINT('',(-47.98574555221,35.502738327642,
    0.289772729938));
#1463 = CARTESIAN_POINT('',(-63.59937628954,12.676989655227,
    0.579545441983));
#1464 = CARTESIAN_POINT('',(-67.18268144221,-17.63466529108,
    0.869318218643));
#1465 = CARTESIAN_POINT('',(-54.80046662964,-48.30685201685,
    1.159090837574));
#1466 = CARTESIAN_POINT('',(-27.32663941215,-69.9965427331,1.44886373645
    ));
#1467 = CARTESIAN_POINT('',(8.194200381868,-74.69348231472,
    1.738636261747));
#1468 = CARTESIAN_POINT('',(40.361290026704,-60.89014173197,
    2.028409167202));
#1469 = CARTESIAN_POINT('',(60.290147668977,-34.49046534684,
    2.318181777674));
#1470 = CARTESIAN_POINT('',(64.708494428975,-4.289228382493,
    2.607954560117));
#1471 = CARTESIAN_POINT('',(55.56427436637,21.810264075076,
    2.897727269944));
#1472 = CARTESIAN_POINT('',(20.044475674078,56.225396396268,
    3.477272730377));
#1473 = CARTESIAN_POINT('',(-6.330801682313,64.540744349137,
    3.76704544115));
#1474 = CARTESIAN_POINT('',(-36.37742552556,59.170744612922,
    4.056818214559));
#1475 = CARTESIAN_POINT('',(-62.13451095316,38.418037987265,
    4.346590858302));
#1476 = CARTESIAN_POINT('',(-74.91501980863,5.831039677247,
    4.636363690788));
#1477 = CARTESIAN_POINT('',(-69.09855522749,-29.5237342702,
    4.926136324335));
#1478 = CARTESIAN_POINT('',(-46.55196862415,-56.29882157078,
    5.215909108876));
#1479 = CARTESIAN_POINT('',(-15.50401143038,-67.70612775219,
    5.505681814644));
#1480 = CARTESIAN_POINT('',(14.679348772461,-63.16726566078,
    5.795454545292));
#1481 = CARTESIAN_POINT('',(37.000578877752,-46.84050989884,
    6.085227272658));
#1482 = CARTESIAN_POINT('',(59.622953855863,-2.859996234959,
    6.664772728771));
#1483 = CARTESIAN_POINT('',(59.923906842807,24.793388631682,
    6.954545442131));
#1484 = CARTESIAN_POINT('',(46.06306298799,51.987386295429,
    7.244318223884));
#1485 = CARTESIAN_POINT('',(18.727073708475,70.611187534307,
    7.534090821199));
#1486 = CARTESIAN_POINT('',(-16.16672527396,73.381865673935,
    7.823863765308));
#1487 = CARTESIAN_POINT('',(-48.3107039962,57.552906965833,
    8.113636227526));
#1488 = CARTESIAN_POINT('',(-67.38793639512,28.204771234724,
    8.403409195596));
#1489 = CARTESIAN_POINT('',(-69.29130158113,-4.817637539854,
    8.693181761594));
#1490 = CARTESIAN_POINT('',(-56.18611438634,-32.38375026771,
    8.982954565611));
#1491 = CARTESIAN_POINT('',(-34.08287217092,-49.00442867204,
    9.272727269476));
#1492 = CARTESIAN_POINT('',(14.570784159723,-57.88582256417,
    9.85227272973));
#1493 = CARTESIAN_POINT('',(41.120785599584,-50.14646271566,
    10.142045446293));
#1494 = CARTESIAN_POINT('',(63.120228265608,-28.98846130776,
    10.431818202938));
#1495 = CARTESIAN_POINT('',(73.006876058305,2.576653579651,
    10.721590871707));
#1496 = CARTESIAN_POINT('',(65.529114538392,36.772222709674,
    11.011363685775));
#1497 = CARTESIAN_POINT('',(41.050841005003,62.937188318893,
    11.301136315432));
#1498 = CARTESIAN_POINT('',(7.428597881389,72.673647398694,
    11.590909126049));
#1499 = CARTESIAN_POINT('',(-24.72439479804,64.909155036807,
    11.880681799691));
#1500 = CARTESIAN_POINT('',(-47.29928493504,44.366252670663,
    12.170454552963));
#1501 = CARTESIAN_POINT('',(-56.78804997378,18.390040376802,
    12.460227270431));
#1502 = CARTESIAN_POINT('',(-51.16360310148,-30.74673840654,
    13.039772731455));
#1503 = CARTESIAN_POINT('',(-36.05043889129,-53.90688812041,
    13.329545428999));
#1504 = CARTESIAN_POINT('',(-9.417392804121,-68.81719856745,
    13.619318256876));
#1505 = CARTESIAN_POINT('',(23.65848119237,-69.11526142539,
    13.909090766419));
#1506 = CARTESIAN_POINT('',(54.210921013737,-52.03304007444,
    14.198863830225));
#1507 = CARTESIAN_POINT('',(72.143564248965,-21.01350416766,
    14.488636171172));
#1508 = CARTESIAN_POINT('',(71.700752680767,13.987321325443,
    14.778409231035));
#1509 = CARTESIAN_POINT('',(54.937075648208,42.501903780873,
    15.068181745501));
#1510 = CARTESIAN_POINT('',(28.725599064106,58.141436942863,
    15.357954571234));
#1511 = CARTESIAN_POINT('',(1.113470653855,59.681122543049,
    15.647727267564));
#1512 = CARTESIAN_POINT('',(-44.27480418714,40.035208494013,
    16.227272733175));
#1513 = CARTESIAN_POINT('',(-62.05056563329,18.849775477514,
    16.517045430442));
#1514 = CARTESIAN_POINT('',(-68.58767793558,-10.96469524783,
    16.806818231782));
#1515 = CARTESIAN_POINT('',(-59.27148688979,-42.7028562848,
    17.096590851656));
#1516 = CARTESIAN_POINT('',(-34.05591513333,-66.98101120766,
    17.386363663416));
#1517 = CARTESIAN_POINT('',(0.833501533852,-75.13698486183,
    17.676136389489));
#1518 = CARTESIAN_POINT('',(34.198661815809,-64.55303729034,
    17.965909030769));
#1519 = CARTESIAN_POINT('',(56.619177346013,-40.233852191,
    18.255681874615));
#1520 = CARTESIAN_POINT('',(63.976487442478,-10.61111615542,
    18.545454514501));
#1521 = CARTESIAN_POINT('',(57.434496911916,16.258990414711,
    18.835227283182));
#1522 = CARTESIAN_POINT('',(25.459008614722,53.989953558956,
    19.414772713422));
#1523 = CARTESIAN_POINT('',(2.578204775866E-02,64.850490105352,
    19.704545524599));
#1524 = CARTESIAN_POINT('',(-30.40251108413,62.451432516737,
    19.994318010279));
#1525 = CARTESIAN_POINT('',(-58.06969010659,44.32329172927,
    20.284091181069));
#1526 = CARTESIAN_POINT('',(-73.98274164645,13.145917620197,
    20.573863339002));
#1527 = CARTESIAN_POINT('',(-71.65965882714,-22.60872662477,
    20.863636591063));
#1528 = CARTESIAN_POINT('',(-51.84605765235,-51.46483651976,
    21.153408974508));
#1529 = CARTESIAN_POINT('',(-22.06571640715,-65.86044537668,
    21.443181854895));
#1530 = CARTESIAN_POINT('',(8.417188954015,-64.30192579954,
    21.732954539215));
#1531 = CARTESIAN_POINT('',(32.231238145368,-50.24165097297,
    22.022727274724));
#1532 = CARTESIAN_POINT('',(59.055524384003,-8.690296006659,
    22.602272722151));
#1533 = CARTESIAN_POINT('',(62.065533906252,18.800431704982,
    22.892045489582));
#1534 = CARTESIAN_POINT('',(50.936911683848,47.222083105384,
    23.181818082307));
#1535 = CARTESIAN_POINT('',(25.558004414905,68.435601165888,
    23.471591093611));
#1536 = CARTESIAN_POINT('',(-8.896197459421,74.613128099906,
    23.761363393923));
#1537 = CARTESIAN_POINT('',(-42.43690337995,62.011051052297,
    24.051136597288));
#1538 = CARTESIAN_POINT('',(-64.29889405304,34.674130363646,
    24.340908926643));
#1539 = CARTESIAN_POINT('',(-69.42985607367,1.997295934873,
    24.630681900698));
#1540 = CARTESIAN_POINT('',(-59.08972548477,-26.72061140091,
    24.920454518436));
#1541 = CARTESIAN_POINT('',(-38.72202778726,-45.42775328928,
    25.210227277043));
#1542 = CARTESIAN_POINT('',(8.826819057966,-59.03527310241,
    25.789772724947));
#1543 = CARTESIAN_POINT('',(36.007564904035,-53.93553560385,
    26.079545456924));
#1544 = CARTESIAN_POINT('',(59.97492103563,-35.03573821479,
    26.369318190467));
#1545 = CARTESIAN_POINT('',(72.907884207561,-4.591678927014,
    26.659090871308));
#1546 = CARTESIAN_POINT('',(68.817882058887,30.17217799057,
    26.948863713273));
#1547 = CARTESIAN_POINT('',(47.022093200528,58.610442511839,
    27.238636265407));
#1548 = CARTESIAN_POINT('',(14.516090250036,71.595574001414,
    27.528409175892));
#1549 = CARTESIAN_POINT('',(-18.24313032224,67.020014188187,
    27.818181770395));
#1550 = CARTESIAN_POINT('',(-42.72287273586,48.788757686886,
    28.107954560261));
#1551 = CARTESIAN_POINT('',(-54.71206082303,23.867689568815,
    28.397727273514));
#1552 = CARTESIAN_POINT('',(-53.93094374141,-25.58377439135,
    28.977272720908));
#1553 = CARTESIAN_POINT('',(-41.16064519055,-50.11375079729,
    29.26704549196));
#1554 = CARTESIAN_POINT('',(-16.11731049715,-67.56275902125,
    29.556818105666));
#1555 = CARTESIAN_POINT('',(16.770078868843,-71.10138924313,
    29.846590985217));
#1556 = CARTESIAN_POINT('',(48.849750810664,-57.09608619352,
    30.136363629697));
#1557 = CARTESIAN_POINT('',(69.736489690951,-27.98362427919,
    30.426136275581));
#1558 = CARTESIAN_POINT('',(72.726491189803,6.892065820566,
    30.715909223258));
#1559 = CARTESIAN_POINT('',(58.838453682923,36.912470442298,
    31.005681717004));
#1560 = CARTESIAN_POINT('',(34.28613483641,55.045868957862,
    31.29545458803));
#1561 = CARTESIAN_POINT('',(6.957881951439,59.284602416082,
    31.58522726765));
#1562 = CARTESIAN_POINT('',(-40.13747225373,44.182117717864,
    32.164772724112));
#1563 = CARTESIAN_POINT('',(-59.90417411544,24.841027652749,
    32.454545497005));
#1564 = CARTESIAN_POINT('',(-69.33213758191,-4.189129182203,
    32.744318049985));
#1565 = CARTESIAN_POINT('',(-63.1716903531,-36.68760872577,
    33.034091161699));
#1566 = CARTESIAN_POINT('',(-40.45721375143,-63.32041590146,
    33.323863298997));
#1567 = CARTESIAN_POINT('',(-6.535224404624,-74.85687719406,
    33.61363669154));
#1568 = CARTESIAN_POINT('',(27.706681801436,-67.59425179682,
    33.903408858398));
#1569 = CARTESIAN_POINT('',(52.40293339508,-45.58976505103,
    34.193181936442));
#1570 = CARTESIAN_POINT('',(62.628351906847,-16.83081307693,
    34.48295450543));
#1571 = CARTESIAN_POINT('',(58.751593856385,10.551133787903,
    34.772727280016));
#1572 = CARTESIAN_POINT('',(30.628357383239,51.234557956158,
    35.352272721373));
#1573 = CARTESIAN_POINT('',(6.38211749337,64.535690184157,
    35.642045473152));
#1574 = CARTESIAN_POINT('',(-24.13480386946,65.130679003226,
    35.931818153722));
#1575 = CARTESIAN_POINT('',(-53.44562635324,49.801687915248,
    36.221590923399));
#1576 = CARTESIAN_POINT('',(-72.33796929263,20.334193218402,
    36.511363665651));
#1577 = CARTESIAN_POINT('',(-73.53064069675,-15.475984602,
    36.801136290192));
#1578 = CARTESIAN_POINT('',(-56.64084082623,-46.13521695173,
    37.090909175471));
#1579 = CARTESIAN_POINT('',(-28.41491646494,-63.38049091036,
    37.380681760209));
#1580 = CARTESIAN_POINT('',(2.073967003489,-64.8173232421,
    37.670454568323));
#1581 = CARTESIAN_POINT('',(27.151492970132,-53.15893748349,
    37.960227270427));
#1582 = CARTESIAN_POINT('',(57.919357929549,-14.4369034765,
    38.539772725167));
#1583 = CARTESIAN_POINT('',(63.609435947879,12.626416338662,
    38.829545472198));
#1584 = CARTESIAN_POINT('',(55.320210080979,42.00200545428,
    39.119318148515));
#1585 = CARTESIAN_POINT('',(32.142797555558,65.600942524448,
    39.409090930775));
#1586 = CARTESIAN_POINT('',(-1.53999438263,75.125825342062,
    39.698863666737));
#1587 = CARTESIAN_POINT('',(-36.15441220483,65.871994795243,
    39.98863627466));
#1588 = CARTESIAN_POINT('',(-60.59061819706,40.809558675906,
    40.278409199531));
#1589 = CARTESIAN_POINT('',(-68.89976310601,8.792994352787,
    40.568181739642));
#1590 = CARTESIAN_POINT('',(-61.42427022226,-20.8001384383,
    40.857954579151));
#1591 = CARTESIAN_POINT('',(-42.98826910886,-41.41358380904,
    41.147727267086));
#1592 = CARTESIAN_POINT('',(2.997846863765,-59.61618168873,
    41.727272729374));
#1593 = CARTESIAN_POINT('',(30.547571673806,-57.20517979983,
    42.017045452859));
#1594 = CARTESIAN_POINT('',(56.252022532203,-40.74560181077,
    42.306818191573));
#1595 = CARTESIAN_POINT('',(72.106749574211,-11.7157910549,
    42.596590872692));
#1596 = CARTESIAN_POINT('',(71.443895757143,23.281558702983,
    42.886363713118));
#1597 = CARTESIAN_POINT('',(52.540496933028,53.719246104195,
    43.176136261486));
#1598 = CARTESIAN_POINT('',(21.463784734223,69.82799608788,
    43.46590918332));
#1599 = CARTESIAN_POINT('',(-11.58617452864,68.485433966662,
    43.755681763445));
#1600 = CARTESIAN_POINT('',(-37.73501591745,52.741400295289,
    44.045454563793));
#1601 = CARTESIAN_POINT('',(-52.10916461805,29.115479863411,
    44.335227272831));
#1602 = CARTESIAN_POINT('',(-56.17889991108,-20.17442464445,
    44.914772721068));
#1603 = CARTESIAN_POINT('',(-45.87445197839,-45.83799065183,
    45.204545496514));
#1604 = CARTESIAN_POINT('',(-22.6620096726,-65.65765319088,
    45.494318080912));
#1605 = CARTESIAN_POINT('',(9.720171506094,-72.4027717841,
    45.784091053596));
#1606 = CARTESIAN_POINT('',(43.018130818532,-61.60926582364,
    46.073863508807));
#1607 = CARTESIAN_POINT('',(66.657814601861,-34.68424676748,
    46.363636422076));
#1608 = CARTESIAN_POINT('',(73.051833840724,-0.269564056894,
    46.653409099819));
#1609 = CARTESIAN_POINT('',(62.173185240963,30.967549837703,
    46.943181786713));
#1610 = CARTESIAN_POINT('',(39.516476388036,51.420179163485,
    47.232954565548));
#1611 = CARTESIAN_POINT('',(12.735285042597,58.317139159734,
    47.522727267968));
#1612 = CARTESIAN_POINT('',(-35.61359452208,47.90352899505,
    48.102272730889));
#1613 = CARTESIAN_POINT('',(-57.18087264821,30.593047156688,
    48.392045446584));
#1614 = CARTESIAN_POINT('',(-69.40889085681,2.626780474919,
    48.681818186957));
#1615 = CARTESIAN_POINT('',(-66.46351588333,-30.31903941704,
    48.971590929751));
#1616 = CARTESIAN_POINT('',(-46.46888730653,-59.050010403,
    49.261363570049));
#1617 = CARTESIAN_POINT('',(-13.84101254639,-73.85585685373,
    49.551136467632));
#1618 = CARTESIAN_POINT('',(20.947871291787,-69.98449672332,
    49.840908985786));
#1619 = CARTESIAN_POINT('',(47.682020547827,-50.50662354455,
    50.130681890549));
#1620 = CARTESIAN_POINT('',(60.677071107887,-22.88842007012,
    50.420454513041));
#1621 = CARTESIAN_POINT('',(59.502880834473,4.741663975342,
    50.710227281214));
#1622 = CARTESIAN_POINT('',(35.502738327866,47.985745551986,
    51.289772718179));
#1623 = CARTESIAN_POINT('',(12.676989653916,63.599376290353,
    51.579545480307));
#1624 = CARTESIAN_POINT('',(-17.63466528721,67.182681441648,
    51.869318175354));
#1625 = CARTESIAN_POINT('',(-48.30685202436,54.800466626874,
    52.15909079701));
#1626 = CARTESIAN_POINT('',(-69.99654272275,27.326639421761,
    52.448863954608));
#1627 = CARTESIAN_POINT('',(-74.69348232518,-8.194200397485,
    52.738635883533));
#1628 = CARTESIAN_POINT('',(-60.89014172406,-40.36129001113,
    53.028409566732));
#1629 = CARTESIAN_POINT('',(-34.49046535124,-60.29014767915,
    53.318181498721));
#1630 = CARTESIAN_POINT('',(-4.289228380778,-64.70849442465,
    53.607954686474));
#1631 = CARTESIAN_POINT('',(21.810264074659,-55.56427436743,
    53.897727236986));
#1632 = CARTESIAN_POINT('',(39.017830235708,-37.80437502014,
    54.187500002675));
#1633 = CARTESIAN_POINT('',(56.225396395607,-20.04447567533,
    54.477272702356));
#1634 = CARTESIAN_POINT('',(64.54074435183,6.330801687484,
    54.767045546142));
#1635 = CARTESIAN_POINT('',(59.170744606763,36.377425513155,
    55.05681798427));
#1636 = CARTESIAN_POINT('',(38.418037996248,62.134510972993,
    55.346591187917));
#1637 = CARTESIAN_POINT('',(5.831039668821,74.915019786632,
    55.636363377522));
#1638 = CARTESIAN_POINT('',(-29.52373426558,69.098555244557,
    55.926136509015));
#1639 = CARTESIAN_POINT('',(-56.29882157158,46.551968615098,
    56.215909065099));
#1640 = CARTESIAN_POINT('',(-67.70612775298,15.504011433449,
    56.505681792034));
#1641 = CARTESIAN_POINT('',(-63.16726566014,-14.67934877298,
    56.795454566237));
#1642 = CARTESIAN_POINT('',(-46.840509899,-37.00057887774,
    57.085227269015));
#1643 = CARTESIAN_POINT('',(-2.859996234854,-59.62295385586,
    57.664772726784));
#1644 = CARTESIAN_POINT('',(24.793388631339,-59.923906843,
    57.954545472714));
#1645 = CARTESIAN_POINT('',(51.987386296088,-46.06306298671,
    58.244318119208));
#1646 = CARTESIAN_POINT('',(70.611187533696,-18.72707371236,
    58.534091040544));
#1647 = CARTESIAN_POINT('',(73.381865673756,16.166725281363,
    58.823863444883));
#1648 = CARTESIAN_POINT('',(57.55290696705,48.310703986738,
    59.113636566284));
#1649 = CARTESIAN_POINT('',(28.204771233209,67.38793640338,
    59.403408935891));
#1650 = CARTESIAN_POINT('',(-4.817637538838,69.291301576307,
    59.693181901711));
#1651 = CARTESIAN_POINT('',(-32.38375026809,56.186114388046,
    59.982954517245));
#1652 = CARTESIAN_POINT('',(-49.00442867199,34.082872170753,
    60.272727276317));
#1653 = CARTESIAN_POINT('',(-57.88582256416,-14.57078415986,
    60.852272727773));
#1654 = CARTESIAN_POINT('',(-50.1464627157,-41.12078559791,
    61.142045440176));
#1655 = CARTESIAN_POINT('',(-28.98846130805,-63.12022827061,
    61.431818229597));
#1656 = CARTESIAN_POINT('',(2.576653581166,-73.00687604917,
    61.721590817339));
#1657 = CARTESIAN_POINT('',(36.772222706265,-65.52911454988,
    62.011363758166));
#1658 = CARTESIAN_POINT('',(62.937188323561,-41.05084099472,
    62.301136248548));
#1659 = CARTESIAN_POINT('',(72.673647394513,-7.42859788782,
    62.590909168028));
#1660 = CARTESIAN_POINT('',(64.909155039232,24.724394800714,
    62.880681784314));
#1661 = CARTESIAN_POINT('',(44.36625266987,47.299284934418,
    63.170454553144));
#1662 = CARTESIAN_POINT('',(18.390040376825,56.788049973801,
    63.460227274061));
#1663 = CARTESIAN_POINT('',(-30.74673840634,51.163603101546,
    64.039772722835));
#1664 = CARTESIAN_POINT('',(-53.90688812191,36.050438890792,
    64.329545487105));
#1665 = CARTESIAN_POINT('',(-68.81719856343,9.417392805522,
    64.619318086884));
#1666 = CARTESIAN_POINT('',(-69.11526143204,-23.65848119479,
    64.909091088527));
#1667 = CARTESIAN_POINT('',(-52.03304006697,-54.21092101086,
    65.198863397599));
#1668 = CARTESIAN_POINT('',(-21.01350417348,-72.14356425132,
    65.488636594812));
#1669 = CARTESIAN_POINT('',(13.987321328495,-71.70075267945,
    65.778408929632));
#1670 = CARTESIAN_POINT('',(42.501903779886,-54.93707564864,
    66.068181895933));
#1671 = CARTESIAN_POINT('',(58.141436943014,-28.72559906405,
    66.357954524098));
#1672 = CARTESIAN_POINT('',(59.681122543043,-1.113470653844,
    66.647727272475));
#1673 = CARTESIAN_POINT('',(40.035208494042,44.274804187123,
    67.227272734584));
#1674 = CARTESIAN_POINT('',(18.849775477349,62.050565633361,
    67.517045399804));
#1675 = CARTESIAN_POINT('',(-10.96469524744,68.58767793548,
    67.806818339536));
#1676 = CARTESIAN_POINT('',(-42.70285628539,59.271486889751,
    68.096590621896));
#1677 = CARTESIAN_POINT('',(-66.98101120704,34.055915133824,
    68.386364006382));
#1678 = CARTESIAN_POINT('',(-75.13698486237,-0.833501534867,
    68.676136016511));
#1679 = CARTESIAN_POINT('',(-64.55303728982,-34.19866181456,
    68.965909326862));
#1680 = CARTESIAN_POINT('',(-40.23385219156,-56.61917734715,
    69.255681705629));
#1681 = CARTESIAN_POINT('',(-10.61111615491,-63.97648744161,
    69.545454581107));
#1682 = CARTESIAN_POINT('',(16.258990414353,-57.43449691245,
    69.83522726679));
#1683 = CARTESIAN_POINT('',(53.989953559691,-25.45900861363,
    70.414772733213));
#1684 = CARTESIAN_POINT('',(64.85049010095,-2.578205428645E-02,
    70.704545428844));
#1685 = CARTESIAN_POINT('',(62.451432528145,30.40251110131,
    70.994318246283));
#1686 = CARTESIAN_POINT('',(44.323291710826,58.06969007805,
    71.28409080215));
#1687 = CARTESIAN_POINT('',(13.145917640251,73.982741678897,
    71.573863762693));
#1688 = CARTESIAN_POINT('',(-22.60872663951,71.659658801566,
    71.863636257074));
#1689 = CARTESIAN_POINT('',(-51.46483651277,51.846057666015,
    72.15340915321));
#1690 = CARTESIAN_POINT('',(-65.86044537849,22.065716402644,
    72.443181796064));
#1691 = CARTESIAN_POINT('',(-64.30192579943,-8.417188953341,
    72.732954548139));
#1692 = CARTESIAN_POINT('',(-50.241650973,-32.23123814531,
    73.022727274688));
#1693 = CARTESIAN_POINT('',(-8.690296006448,-59.05552438408,
    73.60227272321));
#1694 = CARTESIAN_POINT('',(18.800431703399,-62.0655339056,
    73.892045476125));
#1695 = CARTESIAN_POINT('',(47.222083109805,-50.93691168617,
    74.181818135717));
#1696 = CARTESIAN_POINT('',(68.435601158243,-25.55800440959,
    74.471590965259));
#1697 = CARTESIAN_POINT('',(74.613128108945,8.896197450974,
    74.761363604874));
#1698 = CARTESIAN_POINT('',(62.0110510448,42.436903389622,
    75.051136350379));
#1699 = CARTESIAN_POINT('',(34.674130367948,64.298894045054,
    75.34090913368));
#1700 = CARTESIAN_POINT('',(1.997295933266,69.429856078336,
    75.630681778584));
#1701 = CARTESIAN_POINT('',(-26.72061140058,59.089725482953,
    75.920454566106));
#1702 = CARTESIAN_POINT('',(-45.42775328929,38.722027787673,
    76.210227267053));
#1703 = CARTESIAN_POINT('',(-59.03527310242,-8.826819058407,
    76.789772734226));
#1704 = CARTESIAN_POINT('',(-53.935535604,-36.00756490205,
    77.079545432053));
#1705 = CARTESIAN_POINT('',(-35.03573821363,-59.97492104008,
    77.369318203426));
#1706 = CARTESIAN_POINT('',(-4.591678930824,-72.9078842016,
    77.659090949227));
#1707 = CARTESIAN_POINT('',(30.17217799816,-68.81788206322,
    77.948863477392));
#1708 = CARTESIAN_POINT('',(58.610442501826,-47.02209319995,
    78.238636622901));
#1709 = CARTESIAN_POINT('',(71.595574010282,-14.51609024812,
    78.528408824122));
#1710 = CARTESIAN_POINT('',(67.020014182957,18.243130320322,
    78.818182001365));
#1711 = CARTESIAN_POINT('',(48.788757688755,42.722872736727,
    79.107954465951));
#1712 = CARTESIAN_POINT('',(23.867689568615,54.712060822903,
    79.397727290233));
#1713 = CARTESIAN_POINT('',(-25.5837743915,53.930943741405,
    79.977272712799));
#1714 = CARTESIAN_POINT('',(-50.11375079542,41.160645190904,
    80.26704549261));
#1715 = CARTESIAN_POINT('',(-67.5627590271,16.117310496428,
    80.556818156712));
#1716 = CARTESIAN_POINT('',(-71.10138923205,-16.77007886848,
    80.846590810261));
#1717 = CARTESIAN_POINT('',(-57.09608620808,-48.84975080937,
    81.136363965394));
#1718 = CARTESIAN_POINT('',(-27.98362426533,-69.7364896943,
    81.42613584438));
#1719 = CARTESIAN_POINT('',(6.892065810929,-72.7264911856,
    81.715909612841));
#1720 = CARTESIAN_POINT('',(36.912470447146,-58.83845368621,
    82.005681468625));
#1721 = CARTESIAN_POINT('',(55.045868956115,-34.2861348347,
    82.295454696617));
#1722 = CARTESIAN_POINT('',(59.284602416535,-6.957881952017,
    82.585227237375));
#1723 = CARTESIAN_POINT('',(51.733360066878,16.589795151268,
    82.87500000039));
#1724 = CARTESIAN_POINT('',(44.182117717951,40.137472253713,
    83.164772721821));
#1725 = CARTESIAN_POINT('',(24.841027653162,59.904174115361,
    83.454545490288));
#1726 = CARTESIAN_POINT('',(-4.189129184497,69.332137580912,
    83.744318054105));
#1727 = CARTESIAN_POINT('',(-36.68760871965,63.171690358033,
    84.034091207409));
#1728 = CARTESIAN_POINT('',(-63.32041591205,40.45721374034,
    84.323863154064));
#1729 = CARTESIAN_POINT('',(-74.85687718126,6.535224420092,
    84.613636922352));
#1730 = CARTESIAN_POINT('',(-67.59425180777,-27.70668181586,
    84.903408623698));
#1731 = CARTESIAN_POINT('',(-45.58976504452,-52.40293338602,
    85.193182095102));
#1732 = CARTESIAN_POINT('',(-16.83081307944,-62.62835191043,
    85.482954436988));
#1733 = CARTESIAN_POINT('',(10.551133788367,-58.75159385572,
    85.772727295372));
#1734 = CARTESIAN_POINT('',(51.234557955819,-30.62835738369,
    86.352272707297));
#1735 = CARTESIAN_POINT('',(64.535690185169,-6.38211749192,
    86.642045528157));
#1736 = CARTESIAN_POINT('',(65.130679001498,24.13480386614,
    86.931818034251));
#1737 = CARTESIAN_POINT('',(49.801687916605,53.445626358739,
    87.221591088133));
#1738 = CARTESIAN_POINT('',(20.334193219225,72.337969285986,
    87.511363521266));
#1739 = CARTESIAN_POINT('',(-15.47598460554,73.530640702696,
    87.801136357587));
#1740 = CARTESIAN_POINT('',(-46.13521694728,56.640840822329,
    88.090909182774));
#1741 = CARTESIAN_POINT('',(-63.3804909135,28.414916466766,
    88.380681726202));
#1742 = CARTESIAN_POINT('',(-64.81732324085,-2.073967004024,
    88.670454590793));
#1743 = CARTESIAN_POINT('',(-53.15893748364,-27.15149297008,
    88.960227264315));
#1744 = CARTESIAN_POINT('',(-14.43690347658,-57.91935792951,
    89.539772730607));
#1745 = CARTESIAN_POINT('',(12.626416339726,-63.60943594855,
    89.829545459769));
#1746 = CARTESIAN_POINT('',(42.002005451196,-55.32021007812,
    90.119318144437));
#1747 = CARTESIAN_POINT('',(65.6009425298,-32.14279756271,
    90.409091010462));
#1748 = CARTESIAN_POINT('',(75.125825335698,1.539994394795,
    90.698863464246));
#1749 = CARTESIAN_POINT('',(65.871994800568,36.154412190247,
    90.988636567807));
#1750 = CARTESIAN_POINT('',(40.809558672882,60.59061820941,
    91.278408916935));
#1751 = CARTESIAN_POINT('',(8.792994353854,68.899763098703,
    91.568181924069));
#1752 = CARTESIAN_POINT('',(-20.80013843847,61.424270225166,
    91.857954502347));
#1753 = CARTESIAN_POINT('',(-41.41358380907,42.988269108178,
    92.147727282841));
#1754 = CARTESIAN_POINT('',(-59.61618168868,-2.997846862963,
    92.727272717103));
#1755 = CARTESIAN_POINT('',(-57.20517980043,-30.54757167791,
    93.017045506383));
#1756 = CARTESIAN_POINT('',(-40.7456018083,-56.25202252141,
    93.306818036405));
#1757 = CARTESIAN_POINT('',(-11.71579106105,-72.10674959274,
    93.596591185964));
#1758 = CARTESIAN_POINT('',(23.281558713345,-71.44389573483,
    93.886363259915));
#1759 = CARTESIAN_POINT('',(53.719246091943,-52.54049695216,
    94.176136739074));
#1760 = CARTESIAN_POINT('',(69.827996098063,-21.46378472271,
    94.46590881491));
#1761 = CARTESIAN_POINT('',(68.485433960846,11.586174524015,
    94.755681965134));
#1762 = CARTESIAN_POINT('',(52.74140029738,37.735015918553,
    95.045454492711));
#1763 = CARTESIAN_POINT('',(29.115479863107,52.109164617956,
    95.335227283442));
#1764 = CARTESIAN_POINT('',(4.470527609373,54.14403226455,
    95.625000000169));
#1765 = CARTESIAN_POINT('',(-20.17442464714,56.178899910619,
    95.914772786761));
#1766 = CARTESIAN_POINT('',(-45.8379906393,45.8744519808,96.204545197547
    ));
#1767 = CARTESIAN_POINT('',(-65.6576532214,22.662009665791,
    96.494318789043));
#1768 = CARTESIAN_POINT('',(-72.40277173616,-9.720171492953,
    96.784089970735));
#1769 = CARTESIAN_POINT('',(-61.60926587457,-43.01813083681,
    97.073864637233));
#1770 = CARTESIAN_POINT('',(-34.6842467311,-66.65781458325,
    97.363635628339));
#1771 = CARTESIAN_POINT('',(-0.269564073386,-73.05183385429,
    97.653409438244));
#1772 = CARTESIAN_POINT('',(30.967549841488,-62.17318523421,
    97.943181732925));
#1773 = CARTESIAN_POINT('',(51.42017916356,-39.51647638997,
    98.232954548358));
#1774 = CARTESIAN_POINT('',(58.317139159642,-12.73528504258,
    98.52272727043));
#1775 = CARTESIAN_POINT('',(53.110334077226,11.439154740009,
    98.812500007109));
#1776 = CARTESIAN_POINT('',(47.903528996573,35.61359451933,
    99.102272671964));
#1777 = CARTESIAN_POINT('',(30.593047150679,57.180872658963,
    99.392045649112));
#1778 = CARTESIAN_POINT('',(2.626780489573,69.408890831901,
    99.681817768644));
#1779 = CARTESIAN_POINT('',(-30.31903944153,66.463515921367,
    99.971591485374));
#1780 = CARTESIAN_POINT('',(-59.05001037366,46.468887267319,
    100.26136310956));
#1781 = CARTESIAN_POINT('',(-73.85585687937,13.841012572935,
    100.55113664565));
#1782 = CARTESIAN_POINT('',(-69.98449670697,-20.94787130223,
    100.84090906331));
#1783 = CARTESIAN_POINT('',(-50.50662355205,-47.6820205469,
    101.13068173663));
#1784 = CARTESIAN_POINT('',(-22.88842006771,-60.6770711066,
    101.42045461071));
#1785 = CARTESIAN_POINT('',(4.741663974806,-59.5028808351,
    101.71022725059));
#1786 = CARTESIAN_POINT('',(26.363704763748,-47.50280958109,
    102.00000000258));
#1787 = CARTESIAN_POINT('',(-68.72792302521,8.254508188088E-14,0.));
#1788 = CARTESIAN_POINT('',(-68.72792302522,-31.28315920767,
    0.289772732192));
#1789 = CARTESIAN_POINT('',(-53.06499011467,-62.5660530758,
    0.579545431438));
#1790 = CARTESIAN_POINT('',(-21.73652819067,-85.13750623211,
    0.869318249153));
#1791 = CARTESIAN_POINT('',(19.79173377036,-90.27056959966,
    1.159090779079));
#1792 = CARTESIAN_POINT('',(60.648844743484,-73.19633170127,
    1.448863817287));
#1793 = CARTESIAN_POINT('',(87.649952556667,-36.78955232759,
    1.738636180421));
#1794 = CARTESIAN_POINT('',(92.128786227595,7.264654803343,
    2.028409227451));
#1795 = CARTESIAN_POINT('',(75.161732727837,45.514674103203,
    2.318181745965));
#1796 = CARTESIAN_POINT('',(44.468026306327,68.941995980078,
    2.607954571566));
#1797 = CARTESIAN_POINT('',(9.985453921404,74.849543508071,
    2.897727267728));
#1798 = CARTESIAN_POINT('',(-49.88677982892,56.687499959768,
    3.47727273295));
#1799 = CARTESIAN_POINT('',(-75.27593336368,32.618062932143,
    3.767045429602));
#1800 = CARTESIAN_POINT('',(-87.78129487011,-3.913552935518,
    4.056818243437));
#1801 = CARTESIAN_POINT('',(-80.63831212599,-45.14367151846,
    4.346590812241));
#1802 = CARTESIAN_POINT('',(-52.43909191368,-79.28509937805,
    4.636363742022));
#1803 = CARTESIAN_POINT('',(-9.76196836478,-94.55521834668,
    4.926136285054));
#1804 = CARTESIAN_POINT('',(33.695416182174,-86.05293365105,
    5.215909128968));
#1805 = CARTESIAN_POINT('',(65.373126843471,-58.71308126683,5.5056818089
    ));
#1806 = CARTESIAN_POINT('',(78.881763444012,-22.5404429712,
    5.795454546135));
#1807 = CARTESIAN_POINT('',(74.525171562716,12.172191952081,
    6.085227272437));
#1808 = CARTESIAN_POINT('',(39.765187461573,64.194184468002,
    6.664772730113));
#1809 = CARTESIAN_POINT('',(9.362090070678,81.503100817802,
    6.954545431706));
#1810 = CARTESIAN_POINT('',(-29.22660150708,82.865417330728,
    7.244318258341));
#1811 = CARTESIAN_POINT('',(-66.60786659567,64.061537363881,
    7.534090750565));
#1812 = CARTESIAN_POINT('',(-91.09337447925,27.165832738818,
    7.82386386719));
#1813 = CARTESIAN_POINT('',(-93.31745223633,-18.10630976175,
    8.11363612161));
#1814 = CARTESIAN_POINT('',(-72.56626019958,-57.22435093899,
    8.403409276028));
#1815 = CARTESIAN_POINT('',(-37.20809867662,-79.6016898001,
    8.693181718572));
#1816 = CARTESIAN_POINT('',(1.328308179576,-82.0282864046,8.982954580833
    ));
#1817 = CARTESIAN_POINT('',(33.281576827473,-67.78274188367,
    9.272727267029));
#1818 = CARTESIAN_POINT('',(72.973229045094,-19.41832372002,
    9.852272731616));
#1819 = CARTESIAN_POINT('',(80.711275955201,14.700139701359,
    10.142045439802));
#1820 = CARTESIAN_POINT('',(70.813225692223,52.022674782201,
    10.431818219825));
#1821 = CARTESIAN_POINT('',(41.96782602242,82.335836923124,
    10.721590841426));
#1822 = CARTESIAN_POINT('',(-0.446929720954,95.056749343777,
    11.011363726292));
#1823 = CARTESIAN_POINT('',(-44.41528463342,84.043249788287,
    11.301136275458));
#1824 = CARTESIAN_POINT('',(-75.82516303181,52.83022915512,
    11.590909155451));
#1825 = CARTESIAN_POINT('',(-86.97500867225,12.498779606283,
    11.880681784075));
#1826 = CARTESIAN_POINT('',(-78.11058842203,-25.0826663196,
    12.170454559376));
#1827 = CARTESIAN_POINT('',(-55.20290798703,-51.52477465412,
    12.460227268421));
#1828 = CARTESIAN_POINT('',(2.600833021829,-75.46786813591,
    13.039772735121));
#1829 = CARTESIAN_POINT('',(37.496403310392,-72.96865020004,
    13.329545406759));
#1830 = CARTESIAN_POINT('',(70.338590243264,-52.66264661203,
    13.619318321307));
#1831 = CARTESIAN_POINT('',(90.973100249639,-16.2598736714,
    13.909090645922));
#1832 = CARTESIAN_POINT('',(90.833900792846,28.021202875995,
    14.19886399089));
#1833 = CARTESIAN_POINT('',(67.531299093811,66.899245033215,
    14.488636014918));
#1834 = CARTESIAN_POINT('',(28.54449425121,87.895962985885,
    14.778409342441));
#1835 = CARTESIAN_POINT('',(-13.28692597059,86.85809820406,
    15.068181688812));
#1836 = CARTESIAN_POINT('',(-46.67692207899,67.466059011263,
    15.357954591134));
#1837 = CARTESIAN_POINT('',(-65.33069348453,37.869036721606,
    15.647727263466));
#1838 = CARTESIAN_POINT('',(-71.46326509666,-24.39600777042,
    16.227272738145));
#1839 = CARTESIAN_POINT('',(-58.94201328707,-57.06350184295,
    16.51704540877));
#1840 = CARTESIAN_POINT('',(-29.97679576232,-82.59699354449,
    16.806818279626));
#1841 = CARTESIAN_POINT('',(10.848368074446,-91.7758212648,
    17.09659078945));
#1842 = CARTESIAN_POINT('',(53.182308864746,-78.78849770019,
    17.38636370851));
#1843 = CARTESIAN_POINT('',(83.621887361209,-45.20359826476,
    17.676136385954));
#1844 = CARTESIAN_POINT('',(92.397221634094,-1.80052666928,
    17.965909000313));
#1845 = CARTESIAN_POINT('',(79.261026636196,37.9283704044,
    18.255681911147));
#1846 = CARTESIAN_POINT('',(51.011397901896,64.251392651014,
    18.54545449201));
#1847 = CARTESIAN_POINT('',(17.27390944016,73.510376859195,
    18.835227291748));
#1848 = CARTESIAN_POINT('',(-44.09021470839,61.304293652535,
    19.414772701175));
#1849 = CARTESIAN_POINT('',(-71.71632992783,39.83932976602,
    19.704545588928));
#1850 = CARTESIAN_POINT('',(-87.74219918364,4.70936339389,
    19.994317850412));
#1851 = CARTESIAN_POINT('',(-84.67487024067,-37.02235565452,
    20.284091436941));
#1852 = CARTESIAN_POINT('',(-59.95788201864,-73.76339011071,
    20.573863057332));
#1853 = CARTESIAN_POINT('',(-18.98299395911,-93.14306891441,
    20.863636807318));
#1854 = CARTESIAN_POINT('',(25.098501087026,-88.94129358321,
    21.153408863371));
#1855 = CARTESIAN_POINT('',(59.303449038819,-64.83804868391,
    21.443181890175));
#1856 = CARTESIAN_POINT('',(76.292576431125,-30.16366945338,
    21.732954533131));
#1857 = CARTESIAN_POINT('',(75.359395938549,4.808835321768,
    22.022727276574));
#1858 = CARTESIAN_POINT('',(45.865837602545,59.987401963636,
    22.602272717378));
#1859 = CARTESIAN_POINT('',(17.305709916988,80.192995817322,
    22.892045521716));
#1860 = CARTESIAN_POINT('',(-20.96363619073,85.331105588644,
    23.181817992661));
#1861 = CARTESIAN_POINT('',(-60.00800281757,70.281776176618,
    23.471591255693));
#1862 = CARTESIAN_POINT('',(-87.99201774251,35.963733874728,
    23.761363187606));
#1863 = CARTESIAN_POINT('',(-94.64283189939,-8.872413097208,
    24.051136788772));
#1864 = CARTESIAN_POINT('',(-77.82580106324,-49.83606275506,
    24.340908797437));
#1865 = CARTESIAN_POINT('',(-44.83126150747,-75.5713544693,
    24.63068196294));
#1866 = CARTESIAN_POINT('',(-6.71826604847,-81.76349475648,
    24.920454498841));
#1867 = CARTESIAN_POINT('',(26.4774464154,-70.71851444061,
    25.210227280141));
#1868 = CARTESIAN_POINT('',(70.718514440537,-26.47744641541,
    25.78977272314));
#1869 = CARTESIAN_POINT('',(81.763494756431,6.718266048857,
    26.079545459575));
#1870 = CARTESIAN_POINT('',(75.571354471274,44.831261505455,
    26.369318194545));
#1871 = CARTESIAN_POINT('',(49.836062747788,77.825801068426,
    26.659090847095));
#1872 = CARTESIAN_POINT('',(8.872413111996,94.642831890482,
    26.948863766116));
#1873 = CARTESIAN_POINT('',(-35.96373389404,87.992017753126,
    27.238636195857));
#1874 = CARTESIAN_POINT('',(-70.28177615935,60.008002808798,
    27.528409236999));
#1875 = CARTESIAN_POINT('',(-85.33110559888,20.963636195662,
    27.81818173604));
#1876 = CARTESIAN_POINT('',(-80.19299581377,-17.30570991851,
    28.107954570457));
#1877 = CARTESIAN_POINT('',(-59.98740196385,-45.86583760252,
    28.397727274731));
#1878 = CARTESIAN_POINT('',(-4.808835322516,-75.35939593801,
    28.977272714806));
#1879 = CARTESIAN_POINT('',(30.163669459605,-76.29257643382,
    29.267045528396));
#1880 = CARTESIAN_POINT('',(64.838048665978,-59.30344903563,
    29.556818025765));
#1881 = CARTESIAN_POINT('',(88.941293614923,-25.09850108277,
    29.846591081893));
#1882 = CARTESIAN_POINT('',(93.143068875867,18.982993938034,
    30.136363577026));
#1883 = CARTESIAN_POINT('',(73.763390143877,59.95788205512,
    30.426136250279));
#1884 = CARTESIAN_POINT('',(37.022355634453,84.674870203016,
    30.715909298035));
#1885 = CARTESIAN_POINT('',(-4.709363385578,87.742199208441,
    31.005681651278));
#1886 = CARTESIAN_POINT('',(-39.83932976807,71.71632991799,
    31.295454617055));
#1887 = CARTESIAN_POINT('',(-61.30429365235,44.090214709963,
    31.585227264599));
#1888 = CARTESIAN_POINT('',(-73.5103768592,-17.27390944054,
    32.164772720386));
#1889 = CARTESIAN_POINT('',(-64.25139265177,-51.01139790334,
    32.45454553672));
#1890 = CARTESIAN_POINT('',(-37.92837040131,-79.26102663044,
    32.744317931123));
#1891 = CARTESIAN_POINT('',(1.800526661642,-92.39722164497,
    33.034091382692));
#1892 = CARTESIAN_POINT('',(45.203598277662,-83.62188734758,
    33.323863013162));
#1893 = CARTESIAN_POINT('',(78.7884976845,-53.18230887681,33.61363695966
    ));
#1894 = CARTESIAN_POINT('',(91.775821278199,-10.84836806711,
    33.903408675237));
#1895 = CARTESIAN_POINT('',(82.596993536595,29.976795759353,
    34.193182026293));
#1896 = CARTESIAN_POINT('',(57.063501846031,58.942013287727,
    34.482954475865));
#1897 = CARTESIAN_POINT('',(24.39600776982,71.463265096613,
    34.772727285514));
#1898 = CARTESIAN_POINT('',(-37.86903672099,65.330693484585,
    35.352272716456));
#1899 = CARTESIAN_POINT('',(-67.46605901374,46.676922078934,
    35.642045490738));
#1900 = CARTESIAN_POINT('',(-86.85809819806,13.286925970685,
    35.931818122686));
#1901 = CARTESIAN_POINT('',(-87.89596299545,-28.54449425101,
    36.221590951346));
#1902 = CARTESIAN_POINT('',(-66.89924502254,-67.53129909451,
    36.511363667139));
#1903 = CARTESIAN_POINT('',(-28.02120288455,-90.83390079153,
    36.801136252276));
#1904 = CARTESIAN_POINT('',(16.259873676213,-90.97310025108,
    37.090909228932));
#1905 = CARTESIAN_POINT('',(52.66264661014,-70.33859024224,
    37.38068172066));
#1906 = CARTESIAN_POINT('',(72.968650200473,-37.49640331089,
    37.670454584382));
#1907 = CARTESIAN_POINT('',(75.467868135867,-2.600833021719,
    37.960227269061));
#1908 = CARTESIAN_POINT('',(51.524774654179,55.202907986852,
    38.539772722864));
#1909 = CARTESIAN_POINT('',(25.082666319287,78.110588422634,
    38.829545490064));
#1910 = CARTESIAN_POINT('',(-12.4987796047,86.97500867147,39.1193181108)
  );
#1911 = CARTESIAN_POINT('',(-52.83022915917,75.825163031448,
    39.409090969475));
#1912 = CARTESIAN_POINT('',(-84.04324978125,44.415284636456,
    39.698863662172));
#1913 = CARTESIAN_POINT('',(-95.05674935208,0.446929715709,
    39.98863623147));
#1914 = CARTESIAN_POINT('',(-82.33583691624,-41.96782601705,
    40.278409266913));
#1915 = CARTESIAN_POINT('',(-52.02267478613,-70.81322569563,
    40.568181686378));
#1916 = CARTESIAN_POINT('',(-14.70013970001,-80.71127595387,
    40.857954603059));
#1917 = CARTESIAN_POINT('',(19.418323719856,-72.97322904527,
    41.14772726304));
#1918 = CARTESIAN_POINT('',(67.782741883579,-33.28157682751,
    41.727272730719));
#1919 = CARTESIAN_POINT('',(82.028286405577,-1.328308178887,
    42.017045452945));
#1920 = CARTESIAN_POINT('',(79.601689797543,37.208098674248,
    42.306818195188));
#1921 = CARTESIAN_POINT('',(57.22435094265,72.566260204143,42.5965908521
    ));
#1922 = CARTESIAN_POINT('',(18.106309759263,93.317452230184,
    42.886363762191));
#1923 = CARTESIAN_POINT('',(-27.16583273907,91.093374485188,
    43.176136192627));
#1924 = CARTESIAN_POINT('',(-64.06153736179,66.60786659162,
    43.46590924747));
#1925 = CARTESIAN_POINT('',(-82.86541733249,29.226601508987,
    43.755681725096));
#1926 = CARTESIAN_POINT('',(-81.50310081716,-9.362090071101,
    44.045454576249));
#1927 = CARTESIAN_POINT('',(-64.19418446796,-39.76518746162,
    44.335227273607));
#1928 = CARTESIAN_POINT('',(-12.17219195247,-74.52517156241,
    44.914772715005));
#1929 = CARTESIAN_POINT('',(22.540442973705,-78.88176344591,
    45.204545536666));
#1930 = CARTESIAN_POINT('',(58.713081260081,-65.37312683866,
    45.494317982048));
#1931 = CARTESIAN_POINT('',(86.052933662181,-33.69541618973,
    45.784091201326));
#1932 = CARTESIAN_POINT('',(94.555218334161,9.761968372654,
    46.073863367257));
#1933 = CARTESIAN_POINT('',(79.285099387819,52.439091907976,
    46.363636503263));
#1934 = CARTESIAN_POINT('',(45.143671513365,80.638312128655,
    46.653409085819));
#1935 = CARTESIAN_POINT('',(3.913552937192,87.781294869421,
    46.943181770335));
#1936 = CARTESIAN_POINT('',(-32.61806293234,75.275933363727,
    47.232954579398));
#1937 = CARTESIAN_POINT('',(-56.68749995977,49.886779828949,
    47.52272726436));
#1938 = CARTESIAN_POINT('',(-74.84954350804,-9.985453921336,
    48.102272733722));
#1939 = CARTESIAN_POINT('',(-68.9419959803,-44.46802630665,
    48.392045439661));
#1940 = CARTESIAN_POINT('',(-45.51467410233,-75.16173272682,
    48.681818194188));
#1941 = CARTESIAN_POINT('',(-7.264654805727,-92.12878622946,
    48.971590937633));
#1942 = CARTESIAN_POINT('',(36.789552331813,-87.64995255415,
    49.261363532381));
#1943 = CARTESIAN_POINT('',(73.196331695901,-60.64884474596,
    49.551136532231));
#1944 = CARTESIAN_POINT('',(90.270569604359,-19.79173376874,
    49.840908917006));
#1945 = CARTESIAN_POINT('',(85.137506229244,21.736528189946,
    50.13068194008));
#1946 = CARTESIAN_POINT('',(62.566053077019,53.064990114825,
    50.420454489746));
#1947 = CARTESIAN_POINT('',(31.283159207374,68.72792302521,
    50.710227287917));
#1948 = CARTESIAN_POINT('',(-31.28315920724,68.72792302519,
    51.289772710294));
#1949 = CARTESIAN_POINT('',(-62.56605307784,53.064990114336,
    51.579545507062));
#1950 = CARTESIAN_POINT('',(-85.1375062277,21.736528193518,51.8693181491
    ));
#1951 = CARTESIAN_POINT('',(-90.27056960476,-19.79173377975,
    52.159090752827));
#1952 = CARTESIAN_POINT('',(-73.19633169941,-60.64884472474,
    52.448864140838));
#1953 = CARTESIAN_POINT('',(-36.78955232421,-87.64995258151,
    52.738635572945));
#1954 = CARTESIAN_POINT('',(7.264654797433,-92.12878620506,
    53.028409891126));
#1955 = CARTESIAN_POINT('',(45.514674107829,-75.16173274189,
    53.318181273237));
#1956 = CARTESIAN_POINT('',(68.94199597796,-44.46802630049,
    53.607954788718));
#1957 = CARTESIAN_POINT('',(74.849543508603,-9.985453922839,
    53.897727210391));
#1958 = CARTESIAN_POINT('',(65.768521733886,19.95066295387,
    54.187500004838));
#1959 = CARTESIAN_POINT('',(56.687499960254,49.886779827084,
    54.477272680286));
#1960 = CARTESIAN_POINT('',(32.618062930081,75.275933371259,
    54.767045629668));
#1961 = CARTESIAN_POINT('',(-3.91355293023,87.781294852181,
    55.056817799159));
#1962 = CARTESIAN_POINT('',(-45.14367152781,80.638312153922,
    55.346591458263));
#1963 = CARTESIAN_POINT('',(-79.28509936607,52.439091883997,
    55.636363112656));
#1964 = CARTESIAN_POINT('',(-94.55521835793,9.761968386188,
    55.926136675594));
#1965 = CARTESIAN_POINT('',(-86.05293364337,-33.69541619215,
    56.215909013383));
#1966 = CARTESIAN_POINT('',(-58.71308127053,-65.37312684097,
    56.505681784417));
#1967 = CARTESIAN_POINT('',(-22.54044297004,-78.88176344403,
    56.795454579163));
#1968 = CARTESIAN_POINT('',(12.172191951908,-74.52517156284,
    57.085227266628));
#1969 = CARTESIAN_POINT('',(64.19418446812,-39.76518746149,
    57.664772725729));
#1970 = CARTESIAN_POINT('',(81.503100817603,-9.36209007115,57.9545454902
    ));
#1971 = CARTESIAN_POINT('',(82.865417330351,29.22660150887,
    58.24431806283));
#1972 = CARTESIAN_POINT('',(64.061537366538,66.607866591358,
    58.534091153212));
#1973 = CARTESIAN_POINT('',(27.165832732319,91.093374486379,
    58.823863287997));
#1974 = CARTESIAN_POINT('',(-18.10630975235,93.317452228009,
    59.113636725398));
#1975 = CARTESIAN_POINT('',(-57.22435094769,72.566260206494,
    59.403408818818));
#1976 = CARTESIAN_POINT('',(-79.60168979487,37.208098672686,
    59.693181962628));
#1977 = CARTESIAN_POINT('',(-82.02828640647,-1.328308178199,
    59.982954497408));
#1978 = CARTESIAN_POINT('',(-67.78274188347,-33.2815768276,
    60.272727278624));
#1979 = CARTESIAN_POINT('',(-19.41832371988,-72.97322904522,
    60.852272728593));
#1980 = CARTESIAN_POINT('',(14.700139699776,-80.71127595358,
    61.142045427122));
#1981 = CARTESIAN_POINT('',(52.022674786513,-70.81322569741,
    61.431818271562));
#1982 = CARTESIAN_POINT('',(82.335836916253,-41.96782601208,
    61.721590737858));
#1983 = CARTESIAN_POINT('',(95.05674935089,0.44692970663,62.011363862475
    ));
#1984 = CARTESIAN_POINT('',(84.043249783588,44.415284647651,
    62.301136151165));
#1985 = CARTESIAN_POINT('',(52.830229156756,75.825163021821,
    62.590909232318));
#1986 = CARTESIAN_POINT('',(12.498779606326,86.975008676996,
    62.880681756695));
#1987 = CARTESIAN_POINT('',(-25.08266631985,78.110588420724,
    63.170454559028));
#1988 = CARTESIAN_POINT('',(-51.52477465411,55.202907987069,
    63.460227275438));
#1989 = CARTESIAN_POINT('',(-75.46786813577,-2.600833021578,
    64.039772718632));
#1990 = CARTESIAN_POINT('',(-72.96865020105,-37.49640331227,
    64.329545516937));
#1991 = CARTESIAN_POINT('',(-52.66264660937,-70.33859023818,
    64.619318001831));
#1992 = CARTESIAN_POINT('',(-16.2598736757,-90.97310025811,
    64.909091244838));
#1993 = CARTESIAN_POINT('',(28.02120288075,-90.83390078321,
    65.198863196465));
#1994 = CARTESIAN_POINT('',(66.899245029536,-67.53129910139,
    65.488636782127));
#1995 = CARTESIAN_POINT('',(87.895962987839,-28.54449424718,
    65.778408804406));
#1996 = CARTESIAN_POINT('',(86.858098203377,13.286925969278,
    66.068181953375));
#1997 = CARTESIAN_POINT('',(67.466059011416,46.676922079184,
    66.357954509689));
#1998 = CARTESIAN_POINT('',(37.869036721578,65.330693484543,
    66.647727271461));
#1999 = CARTESIAN_POINT('',(-24.39600777037,71.46326509668,
    67.22727274148));
#2000 = CARTESIAN_POINT('',(-57.06350184321,58.942013286983,
    67.517045350542));
#2001 = CARTESIAN_POINT('',(-82.59699354392,29.976795762614,
    67.806818479481));
#2002 = CARTESIAN_POINT('',(-91.77582126548,-10.8483680751,
    68.096590370483));
#2003 = CARTESIAN_POINT('',(-78.78849769985,-53.18230886358,
    68.386364324629));
#2004 = CARTESIAN_POINT('',(-45.20359826453,-83.62188736282,
    68.676135724668));
#2005 = CARTESIAN_POINT('',(-1.800526669798,-92.39722163229,
    68.965909519922));
#2006 = CARTESIAN_POINT('',(37.928370404846,-79.26102663788,
    69.255681616327));
#2007 = CARTESIAN_POINT('',(64.25139265074,-51.01139790056,
    69.545454608547));
#2008 = CARTESIAN_POINT('',(73.510376859334,-17.27390944102,
    69.835227262228));
#2009 = CARTESIAN_POINT('',(61.30429365227,44.090214710147,
    70.414772738101));
#2010 = CARTESIAN_POINT('',(39.839329767626,71.716329917337,
    70.704545406592));
#2011 = CARTESIAN_POINT('',(4.709363389476,87.742199211104,
    70.994318303037));
#2012 = CARTESIAN_POINT('',(-37.02235564666,84.674870195507,
    71.284090707058));
#2013 = CARTESIAN_POINT('',(-73.76339012054,59.957882069123,
    71.573863875669));
#2014 = CARTESIAN_POINT('',(-93.14306890562,18.98299392028,
    71.863636161503));
#2015 = CARTESIAN_POINT('',(-88.94129358875,-25.09850106708,
    72.153409209149));
#2016 = CARTESIAN_POINT('',(-64.83804868159,-59.30344904497,
    72.443181776137));
#2017 = CARTESIAN_POINT('',(-30.16366945388,-76.29257643034,
    72.732954550551));
#2018 = CARTESIAN_POINT('',(4.808835321696,-75.35939593852,
    73.022727276497));
#2019 = CARTESIAN_POINT('',(59.98740196392,-45.86583760243,
    73.602272719335));
#2020 = CARTESIAN_POINT('',(80.192995815155,-17.3057099178,
    73.892045497533));
#2021 = CARTESIAN_POINT('',(85.33110559515,20.963636192504,
    74.181818087324));
#2022 = CARTESIAN_POINT('',(70.281776164222,60.008002815791,
    74.471591030485));
#2023 = CARTESIAN_POINT('',(35.963733891324,87.992017742472,
    74.76136355489));
#2024 = CARTESIAN_POINT('',(-8.872413113361,94.642831902067,
    75.051136361348));
#2025 = CARTESIAN_POINT('',(-49.8360627436,77.825801059299,
    75.340909154579));
#2026 = CARTESIAN_POINT('',(-75.57135447509,44.831261510608,
    75.630681752474));
#2027 = CARTESIAN_POINT('',(-81.76349475451,6.71826604697,
    75.920454581304));
#2028 = CARTESIAN_POINT('',(-70.718514441,-26.477446415,76.210227262507)
  );
#2029 = CARTESIAN_POINT('',(-26.47744641501,-70.71851444097,
    76.789772740079));
#2030 = CARTESIAN_POINT('',(6.718266046902,-81.76349475461,
    77.079545410831));
#2031 = CARTESIAN_POINT('',(44.831261510698,-75.57135447466,
    77.369318232982));
#2032 = CARTESIAN_POINT('',(77.825801059094,-49.83606274522,
    77.659090952519));
#2033 = CARTESIAN_POINT('',(94.642831902245,-8.872413109648,
    77.94886339654));
#2034 = CARTESIAN_POINT('',(87.992017742287,35.963733885818,
    78.238636778194));
#2035 = CARTESIAN_POINT('',(60.008002816215,70.28177616904,
    78.52840865136));
#2036 = CARTESIAN_POINT('',(20.963636192006,85.331105592383,
    78.818182126476));
#2037 = CARTESIAN_POINT('',(-17.30570991736,80.192995816269,
    79.107954409203));
#2038 = CARTESIAN_POINT('',(-45.86583760262,59.987401963563,
    79.397727303604));
#2039 = CARTESIAN_POINT('',(-75.35939593814,4.808835322362,
    79.977272700799));
#2040 = CARTESIAN_POINT('',(-76.29257643231,-30.16366945749,
    80.267045529656));
#2041 = CARTESIAN_POINT('',(-59.30344904067,-64.83804867215,
    80.556818112962));
#2042 = CARTESIAN_POINT('',(-25.0985010723,-88.9412936043,80.84659078293
    ));
#2043 = CARTESIAN_POINT('',(18.982993922649,-93.14306888799,
    81.136364150437));
#2044 = CARTESIAN_POINT('',(59.957882071746,-73.76339013453,
    81.426135513679));
#2045 = CARTESIAN_POINT('',(84.674870189727,-37.02235563905,
    81.715909964296));
#2046 = CARTESIAN_POINT('',(87.742199216227,4.709363386694,
    82.00568122546));
#2047 = CARTESIAN_POINT('',(71.716329914705,39.83932976819,
    82.295454804084));
#2048 = CARTESIAN_POINT('',(44.090214710939,61.304293652187,
    82.585227211915));
#2049 = CARTESIAN_POINT('',(13.40815263451,67.40733525581,
    82.875000000604));
#2050 = CARTESIAN_POINT('',(-17.27390944043,73.510376859251,
    83.164772717056));
#2051 = CARTESIAN_POINT('',(-51.01139790286,64.251392652088,
    83.454545520327));
#2052 = CARTESIAN_POINT('',(-79.26102663177,37.928370398229,
    83.744317951686));
#2053 = CARTESIAN_POINT('',(-92.39722164345,-1.800526651235,
    84.034091437935));
#2054 = CARTESIAN_POINT('',(-83.62188734794,-45.20359829815,
    84.323862791764));
#2055 = CARTESIAN_POINT('',(-53.18230887822,-78.78849765771,
    84.613637333537));
#2056 = CARTESIAN_POINT('',(-10.84836806484,-91.7758213023,
    84.903408284116));
#2057 = CARTESIAN_POINT('',(29.976795757573,-82.59699352178,
    85.193182295585));
#2058 = CARTESIAN_POINT('',(58.942013288505,-57.06350185183,
    85.482954357842));
#2059 = CARTESIAN_POINT('',(71.463265096471,-24.39600776874,
    85.772727312721));
#2060 = CARTESIAN_POINT('',(65.330693484654,37.86903672025,
    86.352272690667));
#2061 = CARTESIAN_POINT('',(46.676922078649,67.466059016074,
    86.642045594811));
#2062 = CARTESIAN_POINT('',(13.286925971919,86.858098193233,
    86.931817892152));
#2063 = CARTESIAN_POINT('',(-28.54449425455,87.895963002122,
    87.221591276877));
#2064 = CARTESIAN_POINT('',(-67.53129908773,66.899245016688,
    87.511363369711));
#2065 = CARTESIAN_POINT('',(-90.8339008004,28.021202887237,
    87.801136408149));
#2066 = CARTESIAN_POINT('',(-90.97310024315,-16.25987367602,
    88.09090921958));
#2067 = CARTESIAN_POINT('',(-70.33859024699,-52.6626466112,
    88.380681669432));
#2068 = CARTESIAN_POINT('',(-37.49640330918,-72.96865019986,
    88.670454622132));
#2069 = CARTESIAN_POINT('',(-2.600833021908,-75.46786813595,
    88.960227258283));
#2070 = CARTESIAN_POINT('',(55.20290798674,-51.52477465422,
    89.539772732703));
#2071 = CARTESIAN_POINT('',(78.110588424299,-25.08266631898,
    89.829545465669));
#2072 = CARTESIAN_POINT('',(86.975008665818,12.498779604717,
    90.119318112326));
#2073 = CARTESIAN_POINT('',(75.825163043283,52.830229156954,
    90.409091090866));
#2074 = CARTESIAN_POINT('',(44.415284619051,84.043249787528,
    90.698863334045));
#2075 = CARTESIAN_POINT('',(0.446929734264,95.056749342471,
    90.988636717503));
#2076 = CARTESIAN_POINT('',(-41.96782603125,82.33583692574,
    91.27840879166));
#2077 = CARTESIAN_POINT('',(-70.81322568797,52.022674779852,
    91.568181999984));
#2078 = CARTESIAN_POINT('',(-80.71127595665,14.700139702759,
    91.857954471019));
#2079 = CARTESIAN_POINT('',(-72.97322904468,-19.41832372056,
    92.14772729072));
#2080 = CARTESIAN_POINT('',(-33.28157682818,-67.78274188272,
    92.727272708397));
#2081 = CARTESIAN_POINT('',(-1.328308175777,-82.02828641023,
    93.017045552361));
#2082 = CARTESIAN_POINT('',(37.208098666973,-79.60168978454,
    93.30681790888));
#2083 = CARTESIAN_POINT('',(72.56626021473,-57.22435096662,
    93.596591423136));
#2084 = CARTESIAN_POINT('',(93.317452220428,-18.10630972783,
    93.886362946336));
#2085 = CARTESIAN_POINT('',(91.093374490127,27.165832709175,
    94.17613704279));
#2086 = CARTESIAN_POINT('',(66.607866591555,64.061537382239,
    94.465908597572));
#2087 = CARTESIAN_POINT('',(29.226601507226,82.865417322759,
    94.755682078425));
#2088 = CARTESIAN_POINT('',(-9.36209006994,81.503100820096,
    95.045454452465));
#2089 = CARTESIAN_POINT('',(-39.76518746185,64.194184467612,
    95.335227291821));
#2090 = CARTESIAN_POINT('',(-57.1451795121,38.183188210102,
    95.625000000095));
#2091 = CARTESIAN_POINT('',(-74.52517156465,12.172191949567,
    95.914772840785));
#2092 = CARTESIAN_POINT('',(-78.88176343572,-22.54044295996,
    96.204544962473));
#2093 = CARTESIAN_POINT('',(-65.37312686262,-58.71308129449,
    96.494319351213));
#2094 = CARTESIAN_POINT('',(-33.69541615435,-86.05293360574,
    96.784089088309));
#2095 = CARTESIAN_POINT('',(9.761968339024,-94.55521839836,
    97.073865597322));
#2096 = CARTESIAN_POINT('',(52.439091926914,-79.28509933652,
    97.36363490283));
#2097 = CARTESIAN_POINT('',(80.638312124768,-45.14367154166,
    97.653409799987));
#2098 = CARTESIAN_POINT('',(87.781294866989,-3.91355292713,
    97.943181629074));
#2099 = CARTESIAN_POINT('',(75.275933365581,32.618062930511,
    98.232954560866));
#2100 = CARTESIAN_POINT('',(49.886779828843,56.687499959699,
    98.522727266639));
#2101 = CARTESIAN_POINT('',(19.950662953405,65.768521734027,
    98.812500013137));
#2102 = CARTESIAN_POINT('',(-9.985453917342,74.849543506693,
    99.102272622187));
#2103 = CARTESIAN_POINT('',(-44.46802632233,68.941995985521,
    99.392045828921));
#2104 = CARTESIAN_POINT('',(-75.1617326897,45.51467409094,
    99.681817376293));
#2105 = CARTESIAN_POINT('',(-92.12878628831,7.264654821153,
    99.971592053177));
#2106 = CARTESIAN_POINT('',(-87.64995248933,-36.78955234392,
    100.26136255717));
#2107 = CARTESIAN_POINT('',(-60.64884479566,-73.19633169305,
    100.5511369869));
#2108 = CARTESIAN_POINT('',(-19.7917337429,-90.2705695997,
    100.84090896837));
#2109 = CARTESIAN_POINT('',(21.736528181596,-85.13750623522,
    101.13068170325));
#2110 = CARTESIAN_POINT('',(53.064990116077,-62.56605307352,
    101.42045465382));
#2111 = CARTESIAN_POINT('',(68.727923025248,-31.28315920849,
    101.71022723437));
#2112 = CARTESIAN_POINT('',(68.727923025212,8.964812225898E-11,
    102.00000000455));
#2113 = CARTESIAN_POINT('',(-26.3637047637,-47.50280958114,0.));
#2114 = CARTESIAN_POINT('',(-4.741663975203,-59.50288083464,
    0.289772730046));
#2115 = CARTESIAN_POINT('',(22.888420069617,-60.67707110715,
    0.579545441556));
#2116 = CARTESIAN_POINT('',(50.506623545522,-47.68202054975,
    0.869318219448));
#2117 = CARTESIAN_POINT('',(69.984496721987,-20.94787128841,
    1.159090836854));
#2118 = CARTESIAN_POINT('',(73.855856854905,13.841012542201,
    1.448863736321));
#2119 = CARTESIAN_POINT('',(59.050010402388,46.468887310109,
    1.738636262952));
#2120 = CARTESIAN_POINT('',(30.319039417161,66.463515881086,
    2.028409165581));
#2121 = CARTESIAN_POINT('',(-2.626780474794,69.40889085779,
    2.318181778847));
#2122 = CARTESIAN_POINT('',(-30.59304715674,57.180872647932,
    2.607954559658));
#2123 = CARTESIAN_POINT('',(-47.90352899502,35.613594522129,
    2.897727269983));
#2124 = CARTESIAN_POINT('',(-58.31713915971,-12.73528504258,
    3.477272730445));
#2125 = CARTESIAN_POINT('',(-51.42017916335,-39.51647638811,
    3.76704544037));
#2126 = CARTESIAN_POINT('',(-30.96754983895,-62.17318524043,
    4.056818217178));
#2127 = CARTESIAN_POINT('',(0.269564060973,-73.05183384205,
    4.346590852858));
#2128 = CARTESIAN_POINT('',(34.68424675937,-66.65781459958,
    4.636363698666));
#2129 = CARTESIAN_POINT('',(61.609265834309,-43.01813082119,
    4.92613631616));
#2130 = CARTESIAN_POINT('',(72.40277177434,-9.720171503999,
    5.215909114933));
#2131 = CARTESIAN_POINT('',(65.657653196921,22.662009671433,
    5.50568181151));
#2132 = CARTESIAN_POINT('',(45.83799064953,45.874451978765,5.79545454635
    ));
#2133 = CARTESIAN_POINT('',(20.174424644812,56.178899911035,
    6.085227272479));
#2134 = CARTESIAN_POINT('',(-29.11547986345,52.109164618032,
    6.664772728913));
#2135 = CARTESIAN_POINT('',(-52.74140029583,37.73501591765,
    6.954545441711));
#2136 = CARTESIAN_POINT('',(-68.48543396476,11.586174528493,
    7.244318224356));
#2137 = CARTESIAN_POINT('',(-69.82799609111,-21.46378473489,
    7.534090821704));
#2138 = CARTESIAN_POINT('',(-53.71924610084,-52.54049693043,
    7.823863762651));
#2139 = CARTESIAN_POINT('',(-23.28155870508,-71.4438957614,
    8.113636232121));
#2140 = CARTESIAN_POINT('',(11.715791055557,-72.10674957002,
    8.40340919093));
#2141 = CARTESIAN_POINT('',(40.745601810765,-56.25202253476,
    8.693181764614));
#2142 = CARTESIAN_POINT('',(57.205179799719,-30.54757167293,
    8.982954564423));
#2143 = CARTESIAN_POINT('',(59.616181688764,-2.997846863833,
    9.272727269678));
#2144 = CARTESIAN_POINT('',(41.413583809034,42.988269108671,
    9.852272729618));
#2145 = CARTESIAN_POINT('',(20.800138438355,61.424270223688,
    10.142045446506));
#2146 = CARTESIAN_POINT('',(-8.792994352661,68.8997631021,
    10.431818202694));
#2147 = CARTESIAN_POINT('',(-40.80955867645,60.590618203536,
    10.721590871708));
#2148 = CARTESIAN_POINT('',(-65.87199479394,36.154412197705,
    11.011363686328));
#2149 = CARTESIAN_POINT('',(-75.12582534389,1.539994387898,
    11.301136314389));
#2150 = CARTESIAN_POINT('',(-65.60094252267,-32.14279755786,
    11.590909127107));
#2151 = CARTESIAN_POINT('',(-42.00200545545,-55.32021008056,
    11.880681798971));
#2152 = CARTESIAN_POINT('',(-12.62641633818,-63.60943594772,
    12.170454553338));
#2153 = CARTESIAN_POINT('',(14.436903476379,-57.91935792962,
    12.460227270261));
#2154 = CARTESIAN_POINT('',(53.15893748357,-27.15149297009,
    13.03977273177));
#2155 = CARTESIAN_POINT('',(64.817323241632,-2.073967003544,
    13.329545427239));
#2156 = CARTESIAN_POINT('',(63.380490911819,28.414916464489,
    13.61931826104));
#2157 = CARTESIAN_POINT('',(46.135216948604,56.640840828075,
    13.909090760688));
#2158 = CARTESIAN_POINT('',(15.475984606985,73.530640692751,
    14.198863834626));
#2159 = CARTESIAN_POINT('',(-20.33419322417,72.337969298143,
    14.488636170394));
#2160 = CARTESIAN_POINT('',(-49.80168791026,53.44562634809,14.778409229)
  );
#2161 = CARTESIAN_POINT('',(-65.13067900623,24.134803872798,
    15.068181747764));
#2162 = CARTESIAN_POINT('',(-64.53569018292,-6.382117494757,
    15.357954570203));
#2163 = CARTESIAN_POINT('',(-51.23455795644,-30.62835738288,
    15.647727267647));
#2164 = CARTESIAN_POINT('',(-10.55113378762,-58.75159385674,
    16.227272733396));
#2165 = CARTESIAN_POINT('',(16.830813075756,-62.62835190481,
    16.517045428026));
#2166 = CARTESIAN_POINT('',(45.589765053381,-52.40293340095,
    16.806818240001));
#2167 = CARTESIAN_POINT('',(67.594251794078,-27.70668179032,
    17.096590834283));
#2168 = CARTESIAN_POINT('',(74.856877195418,6.535224389889,
    17.386363688959));
#2169 = CARTESIAN_POINT('',(63.32041590235,40.457213765368,
    17.676136362652));
#2170 = CARTESIAN_POINT('',(36.687608723727,63.171690343459,
    17.965909050685));
#2171 = CARTESIAN_POINT('',(4.18912918376,69.332137586474,18.25568186467
    ));
#2172 = CARTESIAN_POINT('',(-24.84102765313,59.904174114313,
    18.545454517258));
#2173 = CARTESIAN_POINT('',(-44.18211771807,40.137472253537,
    18.835227283318));
#2174 = CARTESIAN_POINT('',(-59.2846024153,-6.957881950541,
    19.414772712252));
#2175 = CARTESIAN_POINT('',(-55.04586896228,-34.28613484254,
    19.704545533158));
#2176 = CARTESIAN_POINT('',(-36.91247043273,-58.83845366576,
    19.994317986706));
#2177 = CARTESIAN_POINT('',(-6.892065831354,-72.72649121992,
    20.284091221138));
#2178 = CARTESIAN_POINT('',(27.983624282804,-69.73648965427,
    20.573863293014));
#2179 = CARTESIAN_POINT('',(57.096086201088,-48.84975084244,
    20.863636627217));
#2180 = CARTESIAN_POINT('',(71.101389229713,-16.77007884935,
    21.153408955445));
#2181 = CARTESIAN_POINT('',(67.562759031911,16.117310488971,
    21.443181861196));
#2182 = CARTESIAN_POINT('',(50.11375079274,41.160645192585,
    21.732954538031));
#2183 = CARTESIAN_POINT('',(25.583774392018,53.93094374128,
    22.02272727499));
#2184 = CARTESIAN_POINT('',(-23.86768956868,54.712060822911,
    22.602272721446));
#2185 = CARTESIAN_POINT('',(-48.78875768953,42.722872737079,
    22.89204549382));
#2186 = CARTESIAN_POINT('',(-67.02001418028,18.24313031901,
    23.181818072056));
#2187 = CARTESIAN_POINT('',(-71.59557401498,-14.5160902448,
    23.471591108043));
#2188 = CARTESIAN_POINT('',(-58.61044249623,-47.02209320601,
    23.761363382293));
#2189 = CARTESIAN_POINT('',(-30.17217800293,-68.81788205504,
    24.051136600372));
#2190 = CARTESIAN_POINT('',(4.591678933523,-72.90788420908,
    24.340908930459));
#2191 = CARTESIAN_POINT('',(35.035738212702,-59.97492103549,
    24.630681895837));
#2192 = CARTESIAN_POINT('',(53.93553560409,-36.00756490389,
    24.920454520895));
#2193 = CARTESIAN_POINT('',(59.035273102452,-8.826819058013,
    25.210227276615));
#2194 = CARTESIAN_POINT('',(45.427753289247,38.722027787211,
    25.789772725024));
#2195 = CARTESIAN_POINT('',(26.720611400686,59.089725484977,
    26.079545457748));
#2196 = CARTESIAN_POINT('',(-1.997295932763,69.429856073506,
    26.369318187188));
#2197 = CARTESIAN_POINT('',(-34.67413037025,64.298894052336,
    26.659090878422));
#2198 = CARTESIAN_POINT('',(-62.0110510397,42.436903382335,
    26.948863702794));
#2199 = CARTESIAN_POINT('',(-74.61312811581,8.896197455708,
    27.238636276475));
#2200 = CARTESIAN_POINT('',(-68.43560115203,-25.55800441117,
    27.528409167371));
#2201 = CARTESIAN_POINT('',(-47.22208311344,-50.93691168622,
    27.818181775189));
#2202 = CARTESIAN_POINT('',(-18.80043170228,-62.06553390533,
    28.107954558277));
#2203 = CARTESIAN_POINT('',(8.690296006535,-59.05552438409,
    28.39772727416));
#2204 = CARTESIAN_POINT('',(50.241650972288,-32.23123814545,
    28.977272719846));
#2205 = CARTESIAN_POINT('',(64.301925804365,-8.417188952339,
    29.267045498827));
#2206 = CARTESIAN_POINT('',(65.860445365103,22.065716399822,
    29.55681808532));
#2207 = CARTESIAN_POINT('',(51.464836535234,51.846057670722,
    29.846591024199));
#2208 = CARTESIAN_POINT('',(22.608726614008,71.659658796157,
    30.136363577239));
#2209 = CARTESIAN_POINT('',(-13.14591762017,73.98274168311,
    30.426136326488));
#2210 = CARTESIAN_POINT('',(-44.32329172146,58.06969007593,
    30.715909187516));
#2211 = CARTESIAN_POINT('',(-62.45143252458,30.402511101854,
    31.005681734831));
#2212 = CARTESIAN_POINT('',(-64.85049010155,-2.578205416594E-02,
    31.295454582045));
#2213 = CARTESIAN_POINT('',(-53.98995355964,-25.45900861377,
    31.585227268819));
#2214 = CARTESIAN_POINT('',(-16.25899041452,-57.43449691212,
    32.164772722813));
#2215 = CARTESIAN_POINT('',(10.611116155745,-63.97648744365,
    32.454545502986));
#2216 = CARTESIAN_POINT('',(40.23385218977,-56.6191773413,
    32.744318036327));
#2217 = CARTESIAN_POINT('',(64.553037291683,-34.19866182561,
    33.034091180403));
#2218 = CARTESIAN_POINT('',(75.13698486201,-0.833501519939,
    33.323863284295));
#2219 = CARTESIAN_POINT('',(66.981011205136,34.055915118908,
    33.613636695119));
#2220 = CARTESIAN_POINT('',(42.702856288486,59.271486900456,
    33.903408863545));
#2221 = CARTESIAN_POINT('',(10.964695244958,68.587677930051,
    34.193181930168));
#2222 = CARTESIAN_POINT('',(-18.84977547613,62.050565635168,
    34.482954508487));
#2223 = CARTESIAN_POINT('',(-40.03520849432,44.274804186809,
    34.772727279584));
#2224 = CARTESIAN_POINT('',(-59.68112254273,-1.113470653528,
    35.352272721206));
#2225 = CARTESIAN_POINT('',(-58.1414369442,-28.72559906538,
    35.64204547599));
#2226 = CARTESIAN_POINT('',(-42.50190377759,-54.93707564512,
    35.931818144452));
#2227 = CARTESIAN_POINT('',(-13.98732133086,-71.70075268555,
    36.221590941636));
#2228 = CARTESIAN_POINT('',(21.013504173943,-72.14356424382,
    36.511363640952));
#2229 = CARTESIAN_POINT('',(52.033040069034,-54.2109210175,
    36.801136314076));
#2230 = CARTESIAN_POINT('',(69.115261428793,-23.65848119059,
    37.090909158887));
#2231 = CARTESIAN_POINT('',(68.817198565888,9.417392803651,
    37.380681768352));
#2232 = CARTESIAN_POINT('',(53.906888120913,36.050438891262,
    37.670454565622));
#2233 = CARTESIAN_POINT('',(30.746738406461,51.163603101517,
    37.960227270975));
#2234 = CARTESIAN_POINT('',(-18.39004037667,56.788049973714,
    38.5397727245));
#2235 = CARTESIAN_POINT('',(-44.36625267116,47.29928493519,
    38.829545476184));
#2236 = CARTESIAN_POINT('',(-64.9091550355,24.724394798491,
    39.119318136554));
#2237 = CARTESIAN_POINT('',(-72.67364740078,-7.428597883763,
    39.409090954233));
#2238 = CARTESIAN_POINT('',(-62.93718831653,-41.05084099966,
    39.698863634476));
#2239 = CARTESIAN_POINT('',(-36.77222271158,-65.52911454553,
    39.988636306498));
#2240 = CARTESIAN_POINT('',(-2.576653578593,-73.00687605189,
    40.278409176901));
#2241 = CARTESIAN_POINT('',(28.988461307325,-63.12022826943,
    40.568181750971));
#2242 = CARTESIAN_POINT('',(50.14646271574,-41.1207855982,40.85795457546
    ));
#2243 = CARTESIAN_POINT('',(57.885822564168,-14.5707841599,
    41.147727267655));
#2244 = CARTESIAN_POINT('',(49.004428672014,34.082872170855,
    41.727272728982));
#2245 = CARTESIAN_POINT('',(32.383750267908,56.186114387217,
    42.017045454465));
#2246 = CARTESIAN_POINT('',(4.817637539622,69.291301578521,
    42.306818186833));
#2247 = CARTESIAN_POINT('',(-28.20477123495,67.387936399526,
    42.596590882506));
#2248 = CARTESIAN_POINT('',(-57.55290696418,48.310703991444,
    42.886363698683));
#2249 = CARTESIAN_POINT('',(-73.38186567698,16.166725277292,
    43.176136276769));
#2250 = CARTESIAN_POINT('',(-70.61118753116,-18.72707370984,
    43.465909171547));
#2251 = CARTESIAN_POINT('',(-51.98738629734,-46.0630629877,
    43.755681770034));
#2252 = CARTESIAN_POINT('',(-24.79338863111,-59.92390684276,
    44.045454561147));
#2253 = CARTESIAN_POINT('',(2.859996235002,-59.62295385586,
    44.335227273603));
#2254 = CARTESIAN_POINT('',(46.840509898482,-37.00057887779,
    44.914772719905));
#2255 = CARTESIAN_POINT('',(63.167265663111,-14.67934877219,
    45.204545503425));
#2256 = CARTESIAN_POINT('',(67.706127746085,15.504011429512,
    45.494318061713));
#2257 = CARTESIAN_POINT('',(56.298821580674,46.551968625767,
    45.784091087919));
#2258 = CARTESIAN_POINT('',(29.523734259397,69.098555225357,
    46.073863466132));
#2259 = CARTESIAN_POINT('',(-5.831039669032,74.915019810536,
    46.363636459769));
#2260 = CARTESIAN_POINT('',(-38.4180379914,62.134510951994,
    46.653409076274));
#2261 = CARTESIAN_POINT('',(-59.17074461165,36.377425526055,
    46.943181796775));
#2262 = CARTESIAN_POINT('',(-64.54074434927,6.33080168223,47.23295456289
    ));
#2263 = CARTESIAN_POINT('',(-56.22539639628,-20.04447567406,
    47.522727268234));
#2264 = CARTESIAN_POINT('',(-21.81026407509,-55.56427436632,
    48.102272730788));
#2265 = CARTESIAN_POINT('',(4.289228382524,-64.70849442928,
    48.39204544605));
#2266 = CARTESIAN_POINT('',(34.490465346828,-60.29014766795,
    48.681818190335));
#2267 = CARTESIAN_POINT('',(60.890141731578,-40.36129002894,
    48.971590920062));
#2268 = CARTESIAN_POINT('',(74.693482315829,-8.194200378405,
    49.261363587566));
#2269 = CARTESIAN_POINT('',(69.996542731323,27.326639408186,
    49.551136446233));
#2270 = CARTESIAN_POINT('',(48.30685201871,54.800466632782,
    49.840909003586));
#2271 = CARTESIAN_POINT('',(17.63466528981,67.182681440448,50.1306818807
    ));
#2272 = CARTESIAN_POINT('',(-12.6769896546,63.599376290211,
    50.420454516228));
#2273 = CARTESIAN_POINT('',(-35.5027383278,47.985745552062,
    50.710227281046));
#2274 = CARTESIAN_POINT('',(-59.50288083438,4.741663975399,
    51.289772717582));
#2275 = CARTESIAN_POINT('',(-60.67707110812,-22.88842007083,
    51.579545486897));
#2276 = CARTESIAN_POINT('',(-47.68202054868,-50.50662354172,
    51.869318152005));
#2277 = CARTESIAN_POINT('',(-20.94787128666,-69.9844967298,
    52.159090848523));
#2278 = CARTESIAN_POINT('',(13.841012534064,-73.85585684348,
    52.448863875809));
#2279 = CARTESIAN_POINT('',(46.468887324173,-59.05001041461,
    52.738635969512));
#2280 = CARTESIAN_POINT('',(66.463515866741,-30.31903940748,
    53.028409499906));
#2281 = CARTESIAN_POINT('',(69.408890867265,2.626780469226,
    53.318181535065));
#2282 = CARTESIAN_POINT('',(57.180872643886,30.593047158957,
    53.607954673423));
#2283 = CARTESIAN_POINT('',(35.613594523132,47.903528994491,
    53.897727239548));
#2284 = CARTESIAN_POINT('',(11.439154739698,53.110334077414,
    54.187500002669));
#2285 = CARTESIAN_POINT('',(-12.73528504138,58.317139158953,
    54.477272700238));
#2286 = CARTESIAN_POINT('',(-39.5164763931,51.420179166471,
    54.767045556608));
#2287 = CARTESIAN_POINT('',(-62.17318522836,30.967549831774,
    55.05681795617));
#2288 = CARTESIAN_POINT('',(-73.05183386156,-0.269564050359,
    55.346591237649));
#2289 = CARTESIAN_POINT('',(-66.6578145776,-34.68424676961,
    55.636363315949));
#2290 = CARTESIAN_POINT('',(-43.01813083862,-61.60926582826,
    55.926136563344));
#2291 = CARTESIAN_POINT('',(-9.72017149441,-72.40277177591,
    56.215909030915));
#2292 = CARTESIAN_POINT('',(22.662009667976,-65.65765319743,
    56.505681807023));
#2293 = CARTESIAN_POINT('',(45.874451979464,-45.83799064895,
    56.795454561938));
#2294 = CARTESIAN_POINT('',(56.178899910994,-20.17442464496,
    57.085227269697));
#2295 = CARTESIAN_POINT('',(52.109164618065,29.11547986356,
    57.664772726051));
#2296 = CARTESIAN_POINT('',(37.735015917735,52.741400295476,
    57.954545475829));
#2297 = CARTESIAN_POINT('',(11.586174527504,68.485433965554,
    58.244318112772));
#2298 = CARTESIAN_POINT('',(-21.46378473146,69.827996090045,
    58.534091047745));
#2299 = CARTESIAN_POINT('',(-52.54049693734,53.719246101585,
    58.823863442402));
#2300 = CARTESIAN_POINT('',(-71.44389575225,23.281558705099,
    59.113636561243));
#2301 = CARTESIAN_POINT('',(-72.10674957816,-11.715791056,
    59.403408944894));
#2302 = CARTESIAN_POINT('',(-56.25202252994,-40.74560181038,
    59.693181894458));
#2303 = CARTESIAN_POINT('',(-30.54757167464,-57.20517979987,
    59.982954520511));
#2304 = CARTESIAN_POINT('',(-2.997846863661,-59.61618168874,
    60.272727275662));
#2305 = CARTESIAN_POINT('',(42.98826910882,-41.41358380903,
    60.852272728229));
#2306 = CARTESIAN_POINT('',(61.424270222003,-20.80013843827,
    61.142045438601));
#2307 = CARTESIAN_POINT('',(68.899763107079,8.792994351988,
    61.431818233249));
#2308 = CARTESIAN_POINT('',(60.590618194598,40.80955867868,
    61.721590811553));
#2309 = CARTESIAN_POINT('',(36.154412208737,65.871994789602,
    62.011363764508));
#2310 = CARTESIAN_POINT('',(1.53999437827,75.125825349422,
    62.301136243871));
#2311 = CARTESIAN_POINT('',(-32.14279755203,65.600942517933,
    62.590909170078));
#2312 = CARTESIAN_POINT('',(-55.32021008286,42.00200545813,
    62.880681784107));
#2313 = CARTESIAN_POINT('',(-63.60943594723,12.626416337332,
    63.170454552754));
#2314 = CARTESIAN_POINT('',(-57.91935792962,-14.43690347635,
    63.460227274396));
#2315 = CARTESIAN_POINT('',(-27.15149297015,-53.15893748336,
    64.03977272215));
#2316 = CARTESIAN_POINT('',(-2.073967003121,-64.81732324317,
    64.329545491008));
#2317 = CARTESIAN_POINT('',(28.414916463327,-63.3804909077,
    64.619318077637));
#2318 = CARTESIAN_POINT('',(56.640840830065,-46.1352169554,
    64.909091101077));
#2319 = CARTESIAN_POINT('',(73.530640690438,-15.47598459934,
    65.1988633885));
#2320 = CARTESIAN_POINT('',(72.337969299966,20.334193218198,
    65.488636595392));
#2321 = CARTESIAN_POINT('',(53.44562634716,49.801687913427,
    65.778408935269));
#2322 = CARTESIAN_POINT('',(24.134803873053,65.130679005186,
    66.068181889971));
#2323 = CARTESIAN_POINT('',(-6.382117494752,64.535690183106,
    66.357954527251));
#2324 = CARTESIAN_POINT('',(-30.6283573829,51.234557956428,
    66.64772727158));
#2325 = CARTESIAN_POINT('',(-58.75159385672,10.551133787665,
    67.227272735672));
#2326 = CARTESIAN_POINT('',(-62.62835190492,-16.83081307596,
    67.517045394274));
#2327 = CARTESIAN_POINT('',(-52.40293340077,-45.58976505283,
    67.80681835328));
#2328 = CARTESIAN_POINT('',(-27.70668179038,-67.59425179498,
    68.096590600635));
#2329 = CARTESIAN_POINT('',(6.535224389456,-74.85687719433,
    68.386364027525));
#2330 = CARTESIAN_POINT('',(40.457213766397,-63.32041590339,
    68.676136004078));
#2331 = CARTESIAN_POINT('',(63.171690342167,-36.6876087228,
    68.965909329449));
#2332 = CARTESIAN_POINT('',(69.332137587641,-4.189129184559,
    69.255681707475));
#2333 = CARTESIAN_POINT('',(59.904174113457,24.841027653765,
    69.545454579584));
#2334 = CARTESIAN_POINT('',(40.13747225406,44.182117717664,
    69.835227267052));
#2335 = CARTESIAN_POINT('',(-6.957881951581,59.284602416141,
    70.414772733308));
#2336 = CARTESIAN_POINT('',(-34.2861348363,55.045868957295,
    70.704545427213));
#2337 = CARTESIAN_POINT('',(-58.83845368219,36.912470445676,
    70.994318251404));
#2338 = CARTESIAN_POINT('',(-72.72649119257,6.892065810387,
    71.284090792634));
#2339 = CARTESIAN_POINT('',(-69.7364896854,-27.98362425988,
    71.573863774616));
#2340 = CARTESIAN_POINT('',(-48.84975081783,-57.09608621811,
    71.863636246748));
#2341 = CARTESIAN_POINT('',(-16.77007886255,-71.10138922145,
    72.153409159287));
#2342 = CARTESIAN_POINT('',(16.117310493373,-67.56275903417,
    72.443181793857));
#2343 = CARTESIAN_POINT('',(41.160645191913,-50.11375079253,
    72.732954548383));
#2344 = CARTESIAN_POINT('',(53.930943741226,-25.58377439204,
    73.022727274942));
#2345 = CARTESIAN_POINT('',(54.712060823007,23.867689568898,
    73.60227272255));
#2346 = CARTESIAN_POINT('',(42.722872736313,48.788757687976,
    73.892045480545));
#2347 = CARTESIAN_POINT('',(18.243130321666,67.020014184557,
    74.181818123313));
#2348 = CARTESIAN_POINT('',(-14.51609025068,71.595574007736,
    74.471590987348));
#2349 = CARTESIAN_POINT('',(-47.02209319687,58.610442504587,
    74.761363577554));
#2350 = CARTESIAN_POINT('',(-68.81788206528,30.172177996268,
    75.051136374515));
#2351 = CARTESIAN_POINT('',(-72.90788420077,-4.591678929921,
    75.340909118472));
#2352 = CARTESIAN_POINT('',(-59.97492104028,-35.03573821389,
    75.630681785139));
#2353 = CARTESIAN_POINT('',(-36.00756490204,-53.93553560392,
    75.920454564445));
#2354 = CARTESIAN_POINT('',(-8.826819058425,-59.03527310242,
    76.210227267099));
#2355 = CARTESIAN_POINT('',(38.722027787649,-45.42775328929,
    76.789772734481));
#2356 = CARTESIAN_POINT('',(59.089725482978,-26.72061140067,
    77.079545428701));
#2357 = CARTESIAN_POINT('',(69.429856078153,1.99729593355,
    77.369318216754));
#2358 = CARTESIAN_POINT('',(64.298894045749,34.674130366933,
    77.659090917078));
#2359 = CARTESIAN_POINT('',(42.436903387922,62.011051046988,
    77.948863529961));
#2360 = CARTESIAN_POINT('',(8.896197453521,74.613128105729,
    78.238636563001));
#2361 = CARTESIAN_POINT('',(-25.55800441166,68.43560116121,
    78.528408871454));
#2362 = CARTESIAN_POINT('',(-50.93691168513,47.222083107962,
    78.818181976031));
#2363 = CARTESIAN_POINT('',(-62.06553390589,18.800431704265,
    79.10795447424));
#2364 = CARTESIAN_POINT('',(-59.05552438401,-8.690296006748,
    79.397727289376));
#2365 = CARTESIAN_POINT('',(-32.23123814543,-50.24165097243,
    79.97727271246));
#2366 = CARTESIAN_POINT('',(-8.417188952628,-64.30192580243,
    80.267045499587));
#2367 = CARTESIAN_POINT('',(22.0657164003,-65.86044537105,
    80.556818130686));
#2368 = CARTESIAN_POINT('',(51.846057670917,-51.46483652412,
    80.846590868515));
#2369 = CARTESIAN_POINT('',(71.659658794014,-22.60872662839,
    81.136363875766));
#2370 = CARTESIAN_POINT('',(73.982741687422,13.145917633643,
    81.426135942934));
#2371 = CARTESIAN_POINT('',(58.069690070971,44.323291712267,
    81.715909534894));
#2372 = CARTESIAN_POINT('',(30.402511105581,62.451432529116,
    82.005681512213));
#2373 = CARTESIAN_POINT('',(-2.57820560407E-02,64.85049009996,
    82.295454680319));
#2374 = CARTESIAN_POINT('',(-25.45900861315,53.989953560042,
    82.585227240831));
#2375 = CARTESIAN_POINT('',(-41.44675276307,35.124471987002,
    82.875000000274));
#2376 = CARTESIAN_POINT('',(-57.43449691209,16.258990414607,
    83.164772721438));
#2377 = CARTESIAN_POINT('',(-63.97648744356,-10.61111615533,
    83.454545491527));
#2378 = CARTESIAN_POINT('',(-56.61917734046,-40.23385219214,
    83.744318055037));
#2379 = CARTESIAN_POINT('',(-34.19866183003,-64.55303728519,
    84.034091195683));
#2380 = CARTESIAN_POINT('',(-0.833501509791,-75.13698487345,
    84.323863184451));
#2381 = CARTESIAN_POINT('',(34.055915104615,-66.98101119112,
    84.613636877777));
#2382 = CARTESIAN_POINT('',(59.271486913878,-42.70285630058,
    84.903408665662));
#2383 = CARTESIAN_POINT('',(68.587677921582,-10.96469523772,
    85.193182069361));
#2384 = CARTESIAN_POINT('',(62.050565638533,18.849775473346,
    85.482954446385));
#2385 = CARTESIAN_POINT('',(44.274804186188,40.03520849484,
    85.772727294322));
#2386 = CARTESIAN_POINT('',(-1.113470653113,59.681122542364,
    86.352272706755));
#2387 = CARTESIAN_POINT('',(-28.72559906671,58.141436945328,
    86.642045536109));
#2388 = CARTESIAN_POINT('',(-54.93707564201,42.501903775593,
    86.9318180089));
#2389 = CARTESIAN_POINT('',(-71.70075269085,13.98732133269,
    87.221591137027));
#2390 = CARTESIAN_POINT('',(-72.14356423713,-21.01350417368,
    87.511363456284));
#2391 = CARTESIAN_POINT('',(-54.21092102377,-52.03304007208,
    87.801136419153));
#2392 = CARTESIAN_POINT('',(-23.65848118629,-69.11526142464,
    88.090909141201));
#2393 = CARTESIAN_POINT('',(9.41739280156,-68.81719856888,
    88.380681745714));
#2394 = CARTESIAN_POINT('',(36.050438891902,-53.90688811971,
    88.670454584901));
#2395 = CARTESIAN_POINT('',(51.163603101455,-30.7467384066,
    88.960227265167));
#2396 = CARTESIAN_POINT('',(56.788049973679,18.390040376592,
    89.539772729941));
#2397 = CARTESIAN_POINT('',(47.299284935948,44.366252672177,
    89.829545461638));
#2398 = CARTESIAN_POINT('',(24.724394795368,64.909155032642,
    90.119318142288));
#2399 = CARTESIAN_POINT('',(-7.428597876102,72.673647405572,
    90.409091008882));
#2400 = CARTESIAN_POINT('',(-41.05084101245,62.937188311165,
    90.698863473931));
#2401 = CARTESIAN_POINT('',(-65.52911453043,36.772222715668,
    90.988636551045));
#2402 = CARTESIAN_POINT('',(-73.00687606452,2.576653576683,
    91.278408933754));
#2403 = CARTESIAN_POINT('',(-63.12022826204,-28.98846130696,
    91.568181913456));
#2404 = CARTESIAN_POINT('',(-41.12078560111,-50.1464627156,
    91.857954506206));
#2405 = CARTESIAN_POINT('',(-14.57078415922,-57.88582256426,
    92.147727282519));
#2406 = CARTESIAN_POINT('',(34.082872170051,-49.00442867187,
    92.727272716561));
#2407 = CARTESIAN_POINT('',(56.186114391304,-32.38375026893,
    93.017045510915));
#2408 = CARTESIAN_POINT('',(69.291301567909,-4.817637536072,
    93.306818025316));
#2409 = CARTESIAN_POINT('',(67.387936417472,28.204771227018,
    93.596591200789));
#2410 = CARTESIAN_POINT('',(48.310703970298,57.552906976641,
    93.886363249673));
#2411 = CARTESIAN_POINT('',(16.16672529491,73.381865662944,
    94.176136739215));
#2412 = CARTESIAN_POINT('',(-18.72707371999,70.611187542455,
    94.465908821451));
#2413 = CARTESIAN_POINT('',(-46.0630629839,51.987386291048,
    94.755681958916));
#2414 = CARTESIAN_POINT('',(-59.92390684355,24.793388633341,
    95.04545449543));
#2415 = CARTESIAN_POINT('',(-59.62295385582,-2.859996235321,
    95.335227283102));
#2416 = CARTESIAN_POINT('',(-48.31176636681,-24.85025306685,
    95.624999999942));
#2417 = CARTESIAN_POINT('',(-37.00057887756,-46.84050990121,
    95.91477279331));
#2418 = CARTESIAN_POINT('',(-14.67934877352,-63.16726565039,
    96.204545167344));
#2419 = CARTESIAN_POINT('',(15.504011433712,-67.70612777712,
    96.494318867895));
#2420 = CARTESIAN_POINT('',(46.551968616737,-56.29882153176,
    96.784089833752));
#2421 = CARTESIAN_POINT('',(69.098555239259,-29.52373431166,
    97.073864804152));
#2422 = CARTESIAN_POINT('',(74.915019795079,5.831039706771,
    97.363635483507));
#2423 = CARTESIAN_POINT('',(62.134510964127,38.418037973899,
    97.65340952758));
#2424 = CARTESIAN_POINT('',(36.377425519647,59.170744615946,
    97.943181694461));
#2425 = CARTESIAN_POINT('',(6.330801684172,64.540744349204,
    98.232954559503));
#2426 = CARTESIAN_POINT('',(-20.04447567408,56.225396396187,
    98.522727268325));
#2427 = CARTESIAN_POINT('',(-37.80437502047,39.017830235554,
    98.812500007411));
#2428 = CARTESIAN_POINT('',(-55.56427436343,21.810264076359,
    99.102272666368));
#2429 = CARTESIAN_POINT('',(-64.70849444055,-4.289228387555,
    99.392045674061));
#2430 = CARTESIAN_POINT('',(-60.29014764174,-34.49046533439,
    99.681817703961));
#2431 = CARTESIAN_POINT('',(-40.3612900692,-60.89014175277,
    99.971591598414));
#2432 = CARTESIAN_POINT('',(-8.194200336483,-74.69348228975,
    100.26136296926));
#2433 = CARTESIAN_POINT('',(27.326639379245,-69.9965427549,
    100.55113677122));
#2434 = CARTESIAN_POINT('',(54.800466644769,-48.30685200303,
    100.84090898283));
#2435 = CARTESIAN_POINT('',(67.182681438813,-17.63466529736,
    101.13068177266));
#2436 = CARTESIAN_POINT('',(63.59937628916,12.676989657174,
    101.42045460004));
#2437 = CARTESIAN_POINT('',(47.985745552644,35.502738327208,
    101.71022725244));
#2438 = CARTESIAN_POINT('',(26.363704763659,47.50280958119,
    102.00000000245));
#2439 = CARTESIAN_POINT('',(25.,-41.53857688927,-7.105427357601E-15));
#2440 = CARTESIAN_POINT('',(43.907277521389,-30.15922849913,
    0.289772727372));
#2441 = CARTESIAN_POINT('',(57.11695314375,-9.313432112285,
    0.579545454116));
#2442 = CARTESIAN_POINT('',(59.363121630225,17.831663679198,
    0.869318182879));
#2443 = CARTESIAN_POINT('',(47.359464796499,44.798162939275,
    1.159090907406));
#2444 = CARTESIAN_POINT('',(22.178035767659,63.281047973301,
    1.448863638217));
#2445 = CARTESIAN_POINT('',(-9.647653210837,66.357208255065,
    1.738636362227));
#2446 = CARTESIAN_POINT('',(-37.9028342781,53.039319976858,
    2.028409091646));
#2447 = CARTESIAN_POINT('',(-54.849003763,28.8710101228,2.318181817929)
  );
#2448 = CARTESIAN_POINT('',(-57.84334639208,1.798230251957,
    2.607954545531));
#2449 = CARTESIAN_POINT('',(-48.87067320486,-21.19163475482,
    2.897727272692));
#2450 = CARTESIAN_POINT('',(-16.11497236093,-50.77140680362,
    3.477272727362));
#2451 = CARTESIAN_POINT('',(7.667777456545,-57.36106295171,
    3.767045453944));
#2452 = CARTESIAN_POINT('',(34.296042831677,-51.63070680813,
    4.056818183602));
#2453 = CARTESIAN_POINT('',(56.616896035489,-32.31596187021,
    4.346590905717));
#2454 = CARTESIAN_POINT('',(66.994131249743,-2.853538407912,
    4.636363640873));
#2455 = CARTESIAN_POINT('',(60.699323245475,28.49470928552,
    4.926136359294));
#2456 = CARTESIAN_POINT('',(39.752852651584,51.667252840231,
    5.215909093904));
#2457 = CARTESIAN_POINT('',(11.706008764018,60.868035931015,
    5.505681816748));
#2458 = CARTESIAN_POINT('',(-15.07023807741,55.874630004726,
    5.795454545912));
#2459 = CARTESIAN_POINT('',(-34.46553767556,40.614711568784,
    6.085227272648));
#2460 = CARTESIAN_POINT('',(-53.26313662288,0.6829056237,6.664772727365)
  );
#2461 = CARTESIAN_POINT('',(-52.66527653536,-23.98864317992,
    6.954545454116));
#2462 = CARTESIAN_POINT('',(-39.45189018129,-47.80686980244,
    7.244318182849));
#2463 = CARTESIAN_POINT('',(-14.48943001,-63.55982006495,7.534090907603)
  );
#2464 = CARTESIAN_POINT('',(16.716703765517,-64.93772492161,
    7.823863637692));
#2465 = CARTESIAN_POINT('',(44.887820130135,-49.81405328146,
    8.113636363031));
#2466 = CARTESIAN_POINT('',(60.982122278652,-23.04289634383,
    8.403409090871));
#2467 = CARTESIAN_POINT('',(61.645153716929,6.467106206743,
    8.693181818423));
#2468 = CARTESIAN_POINT('',(49.094027998516,30.640867623634,
    8.982954545319));
#2469 = CARTESIAN_POINT('',(28.861038243829,44.771291633901,
    9.272727272754));
#2470 = CARTESIAN_POINT('',(-14.80797248729,51.167880880622,
    9.85227272727));
#2471 = CARTESIAN_POINT('',(-38.24362306028,43.433991866262,
    10.142045454487));
#2472 = CARTESIAN_POINT('',(-57.20060124651,23.875503262918,
    10.431818182099));
#2473 = CARTESIAN_POINT('',(-65.02901506739,-4.584921832579,
    10.721590908402));
#2474 = CARTESIAN_POINT('',(-57.28892532971,-34.84731463906,
    11.011363637525));
#2475 = CARTESIAN_POINT('',(-34.63883049264,-57.4152220396,
    11.301136362271));
#2476 = CARTESIAN_POINT('',(-4.348501279816,-65.04525229953,
    11.590909092043));
#2477 = CARTESIAN_POINT('',(24.083278336147,-57.11343225389,
    11.88068181751));
#2478 = CARTESIAN_POINT('',(43.572726223334,-38.08548126709,
    12.170454545765));
#2479 = CARTESIAN_POINT('',(51.221372019165,-14.62187168439,
    12.460227272607));
#2480 = CARTESIAN_POINT('',(44.666081594402,29.023597950865,
    13.039772727494));
#2481 = CARTESIAN_POINT('',(30.462200981114,49.205087800658,
    13.329545453266));
#2482 = CARTESIAN_POINT('',(6.242974037839,61.668255322726,
    13.619318185135));
#2483 = CARTESIAN_POINT('',(-23.26442329079,60.897954951757,
    13.909090903753));
#2484 = CARTESIAN_POINT('',(-49.97689816744,44.706441960971,
    14.198863642116));
#2485 = CARTESIAN_POINT('',(-64.99806358649,16.480534877536,
    14.488636359519));
#2486 = CARTESIAN_POINT('',(-63.5067288629,-14.72038379392,
    14.778409092751));
#2487 = CARTESIAN_POINT('',(-47.66314035718,-39.62541470585,
    15.068181817762));
#2488 = CARTESIAN_POINT('',(-23.79703846128,-52.75213089859,
    15.357954545502));
#2489 = CARTESIAN_POINT('',(0.876520646339,-53.26030223941,
    15.647727272662));
#2490 = CARTESIAN_POINT('',(40.739730647294,-34.31766935288,
    16.227272727489));
#2491 = CARTESIAN_POINT('',(55.929043418799,-14.86702580241,
    16.517045452986));
#2492 = CARTESIAN_POINT('',(60.825080659317,11.927195921258,
    16.806818186472));
#2493 = CARTESIAN_POINT('',(51.522403845344,39.940408233229,
    17.09659090024));
#2494 = CARTESIAN_POINT('',(28.273869830506,60.802504787521,
    17.386363648197));
#2495 = CARTESIAN_POINT('',(-3.097053335908,66.983315537022,
    17.676136352322));
#2496 = CARTESIAN_POINT('',(-32.5215592992,56.499048582343,
    17.965909098458));
#2497 = CARTESIAN_POINT('',(-51.75503696823,34.108130815005,
    18.255681814959));
#2498 = CARTESIAN_POINT('',(-57.38855748204,7.459210683159,
    18.54545454603));
#2499 = CARTESIAN_POINT('',(-50.71249099318,-16.29942760813,
    18.835227273005));
#2500 = CARTESIAN_POINT('',(-21.01384246985,-48.94738509454,
    19.414772726466));
#2501 = CARTESIAN_POINT('',(2.008487656174,-57.83642737874,
    19.704545459815));
#2502 = CARTESIAN_POINT('',(29.070203774804,-54.74369087396,
    19.99431816772));
#2503 = CARTESIAN_POINT('',(53.176752040535,-37.70977794384,
    20.284090932691));
#2504 = CARTESIAN_POINT('',(66.391840516528,-9.406370983355,
    20.573863609523));
#2505 = CARTESIAN_POINT('',(63.200009337058,22.407925371479,
    20.863636384673));
#2506 = CARTESIAN_POINT('',(44.625708169103,47.521999966881,
    21.153409079829));
#2507 = CARTESIAN_POINT('',(17.615751953256,59.427550194959,
    21.443181821847));
#2508 = CARTESIAN_POINT('',(-9.520999312302,57.082720029891,
    21.732954544763));
#2509 = CARTESIAN_POINT('',(-30.31863880803,43.797354074325,
    22.022727272892));
#2510 = CARTESIAN_POINT('',(-52.9397236052,5.900317583322,22.60227272685
    ));
#2511 = CARTESIAN_POINT('',(-54.7629770403,-18.71103150619,
    22.892045457168));
#2512 = CARTESIAN_POINT('',(-43.94781120871,-43.70970519989,
    23.181818175165));
#2513 = CARTESIAN_POINT('',(-20.64961125457,-61.83354966558,
    23.47159091939));
#2514 = CARTESIAN_POINT('',(10.271198181724,-66.26355552518,
    23.761363626102));
#2515 = CARTESIAN_POINT('',(39.789041946329,-53.97396076298,
    24.0511363699));
#2516 = CARTESIAN_POINT('',(58.42987789406,-28.90923173866,
    24.340909089178));
#2517 = CARTESIAN_POINT('',(61.982202705811,0.39368364182,
    24.630681817735));
#2518 = CARTESIAN_POINT('',(51.860957057577,25.681267238639,
    24.920454545989));
#2519 = CARTESIAN_POINT('',(33.110418430873,41.72682919196,
    25.210227272626));
#2520 = CARTESIAN_POINT('',(-9.721338691688,52.37292866584,
    25.789772727256));
#2521 = CARTESIAN_POINT('',(-33.80219388615,46.973375891728,
    26.079545454988));
#2522 = CARTESIAN_POINT('',(-54.58495616395,29.367175548863,
    26.369318180447));
#2523 = CARTESIAN_POINT('',(-65.16528351102,1.811113913287,
    26.659090911673));
#2524 = CARTESIAN_POINT('',(-60.42869762606,-29.06421865928,
    26.948863632992));
#2525 = CARTESIAN_POINT('',(-40.09971093076,-53.74355294455,
    27.238636366857));
#2526 = CARTESIAN_POINT('',(-10.70311168046,-64.30581397007,
    27.528409088617));
#2527 = CARTESIAN_POINT('',(18.369215464546,-59.19898953928,
    27.818181819469));
#2528 = CARTESIAN_POINT('',(39.629881674953,-42.17296328595,
    28.107954544827));
#2529 = CARTESIAN_POINT('',(49.541533064013,-19.57203578452,
    28.397727273039));
#2530 = CARTESIAN_POINT('',(47.295812275981,24.505799805702,
    28.977272726665));
#2531 = CARTESIAN_POINT('',(35.13845915479,45.982334028327,
    29.267045458389));
#2532 = CARTESIAN_POINT('',(12.257458443131,60.759387347747,
    29.556818171123));
#2533 = CARTESIAN_POINT('',(-17.18335533121,62.88502690867,
    29.846590928193));
#2534 = CARTESIAN_POINT('',(-45.35424815352,49.389760849815,
    30.136363612565));
#2535 = CARTESIAN_POINT('',(-63.06970524108,22.772100928681,
    30.426136384853));
#2536 = CARTESIAN_POINT('',(-64.64377653033,-8.42475317376,
    30.715909077412));
#2537 = CARTESIAN_POINT('',(-51.31759914268,-34.76280278436,
    31.005681824217));
#2538 = CARTESIAN_POINT('',(-28.85306223356,-50.16559731167,
    31.295454543599));
#2539 = CARTESIAN_POINT('',(-4.348122558618,-53.08975337386,
    31.585227273153));
#2540 = CARTESIAN_POINT('',(37.179837895744,-38.14561229071,
    32.164772726626));
#2541 = CARTESIAN_POINT('',(54.202506436293,-20.27744190748,
    32.454545458081));
#2542 = CARTESIAN_POINT('',(61.701260899455,5.907862747705,
    32.744318173027));
#2543 = CARTESIAN_POINT('',(55.18915399964,34.698005561219,
    33.034090922614));
#2544 = CARTESIAN_POINT('',(34.097411049063,57.738400242018,
    33.323863622878));
#2545 = CARTESIAN_POINT('',(3.483372872297,66.96433687641,
    33.613636371971));
#2546 = CARTESIAN_POINT('',(-26.82708393459,59.414660460526,
    33.903409088425));
#2547 = CARTESIAN_POINT('',(-48.1626408728,39.016771565304,
    34.193181817813));
#2548 = CARTESIAN_POINT('',(-56.38108539185,13.048354836031,
    34.482954545997));
#2549 = CARTESIAN_POINT('',(-52.0659197711,-11.25024806262,
    34.772727272684));
#2550 = CARTESIAN_POINT('',(-25.71033778823,-46.65197331096,
    35.352272727076));
#2551 = CARTESIAN_POINT('',(-3.670144979598,-57.75479538585,
    35.642045456212));
#2552 = CARTESIAN_POINT('',(23.564402767971,-57.32946329057,
    35.931818177036));
#2553 = CARTESIAN_POINT('',(49.224486847044,-42.74042820921,
    36.221590917675));
#2554 = CARTESIAN_POINT('',(65.150160074802,-15.86861510011,
    36.511363625712));
#2555 = CARTESIAN_POINT('',(65.092044781566,16.105340914031,
    36.801136373036));
#2556 = CARTESIAN_POINT('',(49.068793727668,42.919084241857,
    37.090909085051));
#2557 = CARTESIAN_POINT('',(23.355845818999,57.414744668291,
    37.38068182073));
#2558 = CARTESIAN_POINT('',(-3.880068118588,57.741072256052,
    37.670454544682));
#2559 = CARTESIAN_POINT('',(-25.87975487479,46.558204118083,
    37.96022727293));
#2560 = CARTESIAN_POINT('',(-52.10647210982,11.060906258977,
    38.53977272693));
#2561 = CARTESIAN_POINT('',(-56.33328013689,-13.25322236928,
    38.82954545669));
#2562 = CARTESIAN_POINT('',(-48.02049079813,-39.19159224526,
    39.119318175776));
#2563 = CARTESIAN_POINT('',(-26.61092543971,-59.51178837686,
    39.409090920069));
#2564 = CARTESIAN_POINT('',(3.726775325842,-66.95123186928,
    39.698863622465));
#2565 = CARTESIAN_POINT('',(34.307073554996,-57.6140694962,
    39.988636376179));
#2566 = CARTESIAN_POINT('',(55.314921832944,-34.49715542725,
    40.278409082896));
#2567 = CARTESIAN_POINT('',(61.722329204851,-5.683530313403,
    40.568181821713));
#2568 = CARTESIAN_POINT('',(54.128436748638,20.474342212217,
    40.857954544465));
#2569 = CARTESIAN_POINT('',(37.040927188608,38.280514574488,
    41.147727272871));
#2570 = CARTESIAN_POINT('',(-4.541083090347,53.073596518201,
    41.727272727139));
#2571 = CARTESIAN_POINT('',(-29.03523110654,50.06038062859,
    42.01704545523));
#2572 = CARTESIAN_POINT('',(-51.44362811469,34.576025881662,
    42.306818179883));
#2573 = CARTESIAN_POINT('',(-64.67397465101,8.189707640419,
    42.59659091279));
#2574 = CARTESIAN_POINT('',(-62.9865085311,-23.00121836389,
    42.886363631362));
#2575 = CARTESIAN_POINT('',(-45.17440923147,-49.55430405681,
    43.17613636854));
#2576 = CARTESIAN_POINT('',(-16.95464526494,-62.94707549807,
    43.465909087386));
#2577 = CARTESIAN_POINT('',(12.478247006411,-60.7144281945,
    43.755681820101));
#2578 = CARTESIAN_POINT('',(35.30537970227,-45.85429661386,
    44.045454544611));
#2579 = CARTESIAN_POINT('',(47.38458206314,-24.3337104812,44.33522727308
    ));
#2580 = CARTESIAN_POINT('',(49.470058431188,19.751997412841,
    44.914772726625));
#2581 = CARTESIAN_POINT('',(39.476314755963,42.316745238669,
    45.204545458493));
#2582 = CARTESIAN_POINT('',(18.153896828571,59.265373269164,
    45.49431817116));
#2583 = CARTESIAN_POINT('',(-10.936802275,64.266481661568,
    45.784090927434));
#2584 = CARTESIAN_POINT('',(-40.2948119281,53.597429363498,
    46.073863614592));
#2585 = CARTESIAN_POINT('',(-60.53395116226,28.844359182812,
    46.363636381788));
#2586 = CARTESIAN_POINT('',(-65.15826929002,-2.047987566264,
    46.653409080475));
#2587 = CARTESIAN_POINT('',(-54.47784139548,-29.56540607167,
    46.943181822088));
#2588 = CARTESIAN_POINT('',(-33.63121524388,-47.09594159895,
    47.232954544658));
#2589 = CARTESIAN_POINT('',(-9.530890966622,-52.40792116143,
    47.522727272752));
#2590 = CARTESIAN_POINT('',(33.261882981349,-41.6061921298,
    48.102272727299));
#2591 = CARTESIAN_POINT('',(51.953969682435,-25.49257516153,
    48.392045454155));
#2592 = CARTESIAN_POINT('',(61.983224279067,-0.168366374926,
    48.6818181834));
#2593 = CARTESIAN_POINT('',(58.324402412864,29.121442128545,
    48.971590905249));
#2594 = CARTESIAN_POINT('',(39.592575580514,54.118243340557,
    49.261363642744));
#2595 = CARTESIAN_POINT('',(10.030252279441,66.300455041335,
    49.551136356294));
#2596 = CARTESIAN_POINT('',(-20.87424907819,61.758076683871,
    49.840909096642));
#2597 = CARTESIAN_POINT('',(-44.10641221995,43.549659473162,
    50.130681815299));
#2598 = CARTESIAN_POINT('',(-54.83063262801,18.511836200549,
    50.420454546203));
#2599 = CARTESIAN_POINT('',(-52.91792527943,-6.092722478738,
    50.710227272827));
#2600 = CARTESIAN_POINT('',(-30.15922849911,-43.9072775212,
    51.289772726818));
#2601 = CARTESIAN_POINT('',(-9.313432112189,-57.11695314465,
    51.57954545804));
#2602 = CARTESIAN_POINT('',(17.831663678086,-59.3631216282,
    51.869318171148));
#2603 = CARTESIAN_POINT('',(44.798162943185,-47.35946479901,
    52.159090930087));
#2604 = CARTESIAN_POINT('',(63.281047965306,-22.17803576634,
    52.448863607194));
#2605 = CARTESIAN_POINT('',(66.357208265798,9.647653211688,
    52.738636392806));
#2606 = CARTESIAN_POINT('',(53.039319967064,37.902834276077,
    53.028409070282));
#2607 = CARTESIAN_POINT('',(28.871010128927,54.849003764679,
    53.318181828201));
#2608 = CARTESIAN_POINT('',(1.798230249412,57.843346391304,
    53.607954542366));
#2609 = CARTESIAN_POINT('',(-21.1916347542,48.870673205067,
    53.897727273184));
#2610 = CARTESIAN_POINT('',(-35.98152077927,32.492822782886,
    54.187500000044));
#2611 = CARTESIAN_POINT('',(-50.7714068028,16.114972361145,
    54.477272725846));
#2612 = CARTESIAN_POINT('',(-57.36106295512,-7.667777457463,
    54.767045461026));
#2613 = CARTESIAN_POINT('',(-51.63070679999,-34.29604282928,
    55.056818165331));
#2614 = CARTESIAN_POINT('',(-32.31596188299,-56.61689603978,
    55.346590936903));
#2615 = CARTESIAN_POINT('',(-2.85353839417,-66.99413124416,
    55.636363603614));
#2616 = CARTESIAN_POINT('',(28.494709275432,-60.69932325077,
    55.92613639091));
#2617 = CARTESIAN_POINT('',(51.667252845097,-39.75285264794,
    56.215909075036));
#2618 = CARTESIAN_POINT('',(60.868035929678,-11.70600876577,
    56.505681824407));
#2619 = CARTESIAN_POINT('',(55.874630004815,15.070238077964,
    56.795454543929));
#2620 = CARTESIAN_POINT('',(40.614711568824,34.465537675486,
    57.085227272962));
#2621 = CARTESIAN_POINT('',(0.682905623679,53.263136622945,
    57.664772726932));
#2622 = CARTESIAN_POINT('',(-23.98864317977,52.665276535244,
    57.954545456321));
#2623 = CARTESIAN_POINT('',(-47.80686980309,39.451890181237,
    58.244318177629));
#2624 = CARTESIAN_POINT('',(-63.55982006325,14.489430010928,
    58.534090915055));
#2625 = CARTESIAN_POINT('',(-64.93772492456,-16.716703768,
    58.823863631268));
#2626 = CARTESIAN_POINT('',(-49.81405327789,-44.88782012641,
    59.113636365587));
#2627 = CARTESIAN_POINT('',(-23.04289634688,-60.98212228214,
    59.403409091729));
#2628 = CARTESIAN_POINT('',(6.467106208509,-61.64515371481,
    59.693181816659));
#2629 = CARTESIAN_POINT('',(30.640867623009,-49.09402799927,
    59.982954546336));
#2630 = CARTESIAN_POINT('',(44.771291633961,-28.86103824375,
    60.272727272508));
#2631 = CARTESIAN_POINT('',(51.167880880684,14.80797248737,
    60.852272727483));
#2632 = CARTESIAN_POINT('',(43.433991865535,38.243623059567,
    61.142045453572));
#2633 = CARTESIAN_POINT('',(23.875503265236,57.200601248431,
    61.431818184353));
#2634 = CARTESIAN_POINT('',(-4.58492183715,65.029015064391,
    61.721590904774));
#2635 = CARTESIAN_POINT('',(-34.84731463277,57.288925332742,
    62.011363641486));
#2636 = CARTESIAN_POINT('',(-57.4152220458,34.638830490737,62.3011363594
    ));
#2637 = CARTESIAN_POINT('',(-65.04525229521,4.34850128039,
    62.590909093246));
#2638 = CARTESIAN_POINT('',(-57.11343225592,-24.08327833604,
    62.88068181748));
#2639 = CARTESIAN_POINT('',(-38.08548126654,-43.57272622347,
    63.170454545408));
#2640 = CARTESIAN_POINT('',(-14.62187168439,-51.22137201915,
    63.460227272908));
#2641 = CARTESIAN_POINT('',(29.023597950745,-44.66608159434,
    64.039772726874));
#2642 = CARTESIAN_POINT('',(49.205087801531,-30.46220098155,
    64.32954545696));
#2643 = CARTESIAN_POINT('',(61.668255320385,-6.242974036679,
    64.619318175732));
#2644 = CARTESIAN_POINT('',(60.89795495564,23.264423288935,
    64.909090918383));
#2645 = CARTESIAN_POINT('',(44.706441956608,49.976898169472,
    65.198863627413));
#2646 = CARTESIAN_POINT('',(16.480534880904,64.998063584924,
    65.488636368604));
#2647 = CARTESIAN_POINT('',(-14.72038379564,63.506728863765,
    65.778409090157));
#2648 = CARTESIAN_POINT('',(-39.62541470532,47.663140356854,
    66.068181817087));
#2649 = CARTESIAN_POINT('',(-52.75213089864,23.797038461379,
    66.357954546434));
#2650 = CARTESIAN_POINT('',(-53.26030223942,-0.876520646358,
    66.647727272323));
#2651 = CARTESIAN_POINT('',(-34.31766935288,-40.73973064726,
    67.227272727902));
#2652 = CARTESIAN_POINT('',(-14.86702580236,-55.92904341895,
    67.517045450996));
#2653 = CARTESIAN_POINT('',(11.927195921089,-60.82508065895,
    67.806818191076));
#2654 = CARTESIAN_POINT('',(39.940408233634,-51.52240384586,
    68.0965908939));
#2655 = CARTESIAN_POINT('',(60.802504786791,-28.27386983007,
    68.386363653164));
#2656 = CARTESIAN_POINT('',(66.98331553801,3.097053335765,
    68.676136351159));
#2657 = CARTESIAN_POINT('',(56.499048581308,32.521559299122,
    68.965909096783));
#2658 = CARTESIAN_POINT('',(34.108130815897,51.755036968371,
    69.255681816751));
#2659 = CARTESIAN_POINT('',(7.459210682509,57.388557481943,
    69.545454545489));
#2660 = CARTESIAN_POINT('',(-16.29942760773,50.71249099324,
    69.835227272726));
#2661 = CARTESIAN_POINT('',(-48.94738509533,21.013842469746,
    70.414772727434));
#2662 = CARTESIAN_POINT('',(-57.836427374,-2.008487655504,
    70.704545453306));
#2663 = CARTESIAN_POINT('',(-54.74369088636,-29.07020377667,
    70.994318185377));
#2664 = CARTESIAN_POINT('',(-37.70977792348,-53.17675203716,
    71.284090902753));
#2665 = CARTESIAN_POINT('',(-9.40637100607,-66.39184052075,
    71.573863644123));
#2666 = CARTESIAN_POINT('',(22.40792538892,-63.20000933329,
    71.863636357007));
#2667 = CARTESIAN_POINT('',(47.521999957929,-44.62570817144,
    72.153409094769));
#2668 = CARTESIAN_POINT('',(59.427550197725,-17.6157519523,
    72.443181816816));
#2669 = CARTESIAN_POINT('',(57.082720029533,9.520999312113,
    72.732954545591));
#2670 = CARTESIAN_POINT('',(43.797354074316,30.318638807992,
    73.022727272886));
#2671 = CARTESIAN_POINT('',(5.900317583267,52.939723605332,
    73.60227272689));
#2672 = CARTESIAN_POINT('',(-18.71103150582,54.762977039325,
    73.89204545699));
#2673 = CARTESIAN_POINT('',(-43.7097052007,43.947811211616,
    74.181818175248));
#2674 = CARTESIAN_POINT('',(-61.83354966478,20.649611249073,
    74.471590920267));
#2675 = CARTESIAN_POINT('',(-66.26355552514,-10.2711981744,
    74.761363623312));
#2676 = CARTESIAN_POINT('',(-53.97396076422,-39.78904195342,
    75.051136374329));
#2677 = CARTESIAN_POINT('',(-28.90923173686,-58.42987788904,
    75.340909084873));
#2678 = CARTESIAN_POINT('',(0.393683640394,-61.98220270834,
    75.630681820355));
#2679 = CARTESIAN_POINT('',(25.681267239318,-51.86095705671,
    75.920454545117));
#2680 = CARTESIAN_POINT('',(41.726829191782,-33.11041843104,
    76.210227272635));
#2681 = CARTESIAN_POINT('',(52.372928666035,9.721338691859,
    76.789772727524));
#2682 = CARTESIAN_POINT('',(46.973375890911,33.802193885293,
    77.079545452609));
#2683 = CARTESIAN_POINT('',(29.367175550444,54.584956166297,
    77.369318188166));
#2684 = CARTESIAN_POINT('',(1.811113911915,65.165283506772,
    77.659090895611));
#2685 = CARTESIAN_POINT('',(-29.06421865988,60.428697631563,
    77.948863656562));
#2686 = CARTESIAN_POINT('',(-53.74355294143,40.099710925547,
    78.238636342163));
#2687 = CARTESIAN_POINT('',(-64.30581397392,10.703111684149,
    78.528409106642));
#2688 = CARTESIAN_POINT('',(-59.19898953665,-18.36921546641,
    78.818181810574));
#2689 = CARTESIAN_POINT('',(-42.17296328696,-39.62988167435,
    79.107954547549));
#2690 = CARTESIAN_POINT('',(-19.57203578441,-49.54153306406,
    79.397727272699));
#2691 = CARTESIAN_POINT('',(24.505799805787,-47.29581227603,
    79.977272726825));
#2692 = CARTESIAN_POINT('',(45.982334027313,-35.13845915411,
    80.26704545846));
#2693 = CARTESIAN_POINT('',(60.759387350676,-12.25745844536,
    80.556818169592));
#2694 = CARTESIAN_POINT('',(62.885026903694,17.183355335814,
    80.846590933299));
#2695 = CARTESIAN_POINT('',(49.389760855406,45.354248146791,
    81.136363602722));
#2696 = CARTESIAN_POINT('',(22.772100924474,63.069705248367,
    81.426136397429));
#2697 = CARTESIAN_POINT('',(-8.424753171775,64.643776524484,
    81.715909066431));
#2698 = CARTESIAN_POINT('',(-34.76280278478,51.317599146135,
    82.005681830716));
#2699 = CARTESIAN_POINT('',(-50.16559731177,28.853062232103,
    82.295454541168));
#2700 = CARTESIAN_POINT('',(-53.08975337377,4.348122559054,
    82.585227273578));
#2701 = CARTESIAN_POINT('',(-45.6176828323,-16.41585766865,
    82.874999999952));
#2702 = CARTESIAN_POINT('',(-38.14561229072,-37.1798378957,
    83.164772727007));
#2703 = CARTESIAN_POINT('',(-20.27744190764,-54.20250643606,
    83.454545455784));
#2704 = CARTESIAN_POINT('',(5.907862749095,-61.70126090008,
    83.74431817971));
#2705 = CARTESIAN_POINT('',(34.698005556605,-55.18915399889,
    84.034090909828));
#2706 = CARTESIAN_POINT('',(57.738400251057,-34.09741104934,
    84.32386364021));
#2707 = CARTESIAN_POINT('',(66.964336864614,-3.483372872768,
    84.613636355036));
#2708 = CARTESIAN_POINT('',(59.414660471145,26.82708393546,
    84.903409100173));
#2709 = CARTESIAN_POINT('',(39.016771558774,48.162640872088,
    85.193181812309));
#2710 = CARTESIAN_POINT('',(13.048354838593,56.381085392172,
    85.482954547449));
#2711 = CARTESIAN_POINT('',(-11.25024806309,52.065919771043,
    85.772727272718));
#2712 = CARTESIAN_POINT('',(-46.65197331063,25.710337788269,
    86.352272726623));
#2713 = CARTESIAN_POINT('',(-57.75479538684,3.670144979471,
    86.642045459616));
#2714 = CARTESIAN_POINT('',(-57.3294632885,-23.56440276743,
    86.931818167411));
#2715 = CARTESIAN_POINT('',(-42.74042821208,-49.22448684857,
    87.221590934752));
#2716 = CARTESIAN_POINT('',(-15.86861509755,-65.15016007185,
    87.511363604729));
#2717 = CARTESIAN_POINT('',(16.105340912804,-65.09204478546,
    87.801136391298));
#2718 = CARTESIAN_POINT('',(42.91908424184,-49.06879372416,
    88.090909073991));
#2719 = CARTESIAN_POINT('',(57.41474466871,-23.35584582109,
    88.380681825143));
#2720 = CARTESIAN_POINT('',(57.741072255807,3.880068119341,
    88.670454543703));
#2721 = CARTESIAN_POINT('',(46.558204118116,25.879754874712,
    88.960227272944));
#2722 = CARTESIAN_POINT('',(11.060906259002,52.106472109779,
    89.539772727039));
#2723 = CARTESIAN_POINT('',(-13.25322236942,56.333280137652,
    89.829545455502));
#2724 = CARTESIAN_POINT('',(-39.19159224528,48.020490795581,
    90.11931818005));
#2725 = CARTESIAN_POINT('',(-59.51178837583,26.610925445051,
    90.409090910547));
#2726 = CARTESIAN_POINT('',(-66.95123187215,-3.726775333629,
    90.698863637045));
#2727 = CARTESIAN_POINT('',(-57.61406949185,-34.30707354676,
    90.98863636045));
#2728 = CARTESIAN_POINT('',(-34.49715543154,-55.31492183916,
    91.278409094773));
#2729 = CARTESIAN_POINT('',(-5.683530310558,-61.72232920153,
    91.568181815652));
#2730 = CARTESIAN_POINT('',(20.474342210972,-54.12843674982,
    91.857954546283));
#2731 = CARTESIAN_POINT('',(38.28051457481,-37.04092718836,
    92.147727272792));
#2732 = CARTESIAN_POINT('',(53.073596517811,4.541083090065,
    92.727272726821));
#2733 = CARTESIAN_POINT('',(50.060380630711,29.035231107864,
    93.017045457638));
#2734 = CARTESIAN_POINT('',(34.576025875804,51.443628111614,
    93.306818173892));
#2735 = CARTESIAN_POINT('',(8.189707651081,64.673974655452,
    93.596590921314));
#2736 = CARTESIAN_POINT('',(-23.00121837767,62.986508527139,
    93.886363624271));
#2737 = CARTESIAN_POINT('',(-49.5543040439,45.174409233245,
    94.176136371085));
#2738 = CARTESIAN_POINT('',(-62.94707550677,16.954645265289,
    94.465909088491));
#2739 = CARTESIAN_POINT('',(-60.71442819042,-12.47824700741,
    94.755681818191));
#2740 = CARTESIAN_POINT('',(-45.85429661507,-35.30537970166,
    95.045454545698));
#2741 = CARTESIAN_POINT('',(-24.33371048106,-47.38458206326,
    95.335227272759));
#2742 = CARTESIAN_POINT('',(-2.290856534128,-48.4273202472,
    95.624999999909));
#2743 = CARTESIAN_POINT('',(19.751997414115,-49.47005843219,
    95.91477273137));
#2744 = CARTESIAN_POINT('',(42.316745232618,-39.47631475137,
    96.204545435938));
#2745 = CARTESIAN_POINT('',(59.265373284341,-18.15389683934,
    96.494318229162));
#2746 = CARTESIAN_POINT('',(64.266481636671,10.936802290882,
    96.784090829179));
#2747 = CARTESIAN_POINT('',(53.59742939183,40.294811913032,
    97.073863730835));
#2748 = CARTESIAN_POINT('',(28.844359160157,60.533951170748,
    97.363636284416));
#2749 = CARTESIAN_POINT('',(-2.047987553743,65.158269288282,
    97.65340913755));
#2750 = CARTESIAN_POINT('',(-29.56540607613,54.4778413944,
    97.943181799465));
#2751 = CARTESIAN_POINT('',(-47.09594159813,33.63121524471,
    98.232954550397));
#2752 = CARTESIAN_POINT('',(-52.40792116139,9.53089096657,
    98.522727271776));
#2753 = CARTESIAN_POINT('',(-47.00705664567,-11.86549600753,
    98.812500000267));
#2754 = CARTESIAN_POINT('',(-41.60619212917,-33.2618829796,
    99.102272723677));
#2755 = CARTESIAN_POINT('',(-25.49257516394,-51.95396968933,
    99.392045469616));
#2756 = CARTESIAN_POINT('',(-0.168366369646,-61.98322426269,
    99.681818144503));
#2757 = CARTESIAN_POINT('',(29.121442121353,-58.32440243892,
    99.971590971427));
#2758 = CARTESIAN_POINT('',(54.118243346289,-39.59257555167,
    100.26136356275));
#2759 = CARTESIAN_POINT('',(66.300455039827,-10.03025230169,
    100.55113642571));
#2760 = CARTESIAN_POINT('',(61.758076681914,20.874249089873,
    100.84090905422));
#2761 = CARTESIAN_POINT('',(43.549659475793,44.106412216107,
    101.1306818327));
#2762 = CARTESIAN_POINT('',(18.511836199003,54.830632628629,
    101.42045454198));
#2763 = CARTESIAN_POINT('',(-6.092722478242,52.917925279433,
    101.71022727311));
#2764 = CARTESIAN_POINT('',(-25.00000000003,41.538576889278,
    101.99999999999));
#2765 = CARTESIAN_POINT('',(25.,-6.383782391595E-15,0.));
#2766 = CARTESIAN_POINT('',(25.,11.379348390143,0.289772727326));
#2767 = CARTESIAN_POINT('',(19.302558471861,22.758600257865,
    0.579545454296));
#2768 = CARTESIAN_POINT('',(7.906731077917,30.969037949658,
    0.869318182543));
#2769 = CARTESIAN_POINT('',(-7.199305942674,32.836206008507,
    1.159090907691));
#2770 = CARTESIAN_POINT('',(-22.061209638,26.625397847334,1.448863638312
    ));
#2771 = CARTESIAN_POINT('',(-31.88294827477,13.382316336835,
    1.73863636166));
#2772 = CARTESIAN_POINT('',(-33.51213820385,-2.642541217651,
    2.028409092384));
#2773 = CARTESIAN_POINT('',(-27.34031869384,-16.55610707833,2.3181818174
    ));
#2774 = CARTESIAN_POINT('',(-16.17538561533,-25.07786971517,
    2.607954545738));
#2775 = CARTESIAN_POINT('',(-3.632240537524,-27.2267588681,
    2.897727272673));
#2776 = CARTESIAN_POINT('',(18.146474400247,-20.6202579185,
    3.477272727335));
#2777 = CARTESIAN_POINT('',(27.381859527708,-11.86492385392,
    3.767045454275));
#2778 = CARTESIAN_POINT('',(31.930724452049,1.423567293814,4.05681818248
    ));
#2779 = CARTESIAN_POINT('',(29.332441799717,16.421153709357,
    4.346590908063));
#2780 = CARTESIAN_POINT('',(19.074886035707,28.84020637838,
    4.636363637467));
#2781 = CARTESIAN_POINT('',(3.550946938101,34.394760605128,
    4.926136362836));
#2782 = CARTESIAN_POINT('',(-12.25681450241,31.302027559254,
    5.215909091276));
#2783 = CARTESIAN_POINT('',(-23.77968225413,21.357069550174,
    5.505681818109));
#2784 = CARTESIAN_POINT('',(-28.69349165746,8.199157624798,
    5.795454545451));
#2785 = CARTESIAN_POINT('',(-27.10876754429,-4.427673431266,
    6.085227272726));
#2786 = CARTESIAN_POINT('',(-14.46471307082,-23.35083821971,
    6.664772727301));
#2787 = CARTESIAN_POINT('',(-3.405489960641,-29.64701144098,
    6.954545454308));
#2788 = CARTESIAN_POINT('',(10.631269006302,-30.1425584049,
    7.244318182621));
#2789 = CARTESIAN_POINT('',(24.228822744351,-23.30258739902,
    7.534090907418));
#2790 = CARTESIAN_POINT('',(33.135503911286,-9.881657846449,
    7.823863638809));
#2791 = CARTESIAN_POINT('',(33.944519246319,6.586227626208,
    8.113636361064));
#2792 = CARTESIAN_POINT('',(26.39620732001,20.815539152581,
    8.403409092881));
#2793 = CARTESIAN_POINT('',(13.534563917035,28.955367161235,
    8.693181817118));
#2794 = CARTESIAN_POINT('',(-0.483176314815,29.838049364942,
    8.982954545833));
#2795 = CARTESIAN_POINT('',(-12.1062791372,24.656187362134,
    9.272727272666));
#2796 = CARTESIAN_POINT('',(-26.54424353092,7.063476846045,
    9.852272727319));
#2797 = CARTESIAN_POINT('',(-29.35898263596,-5.34722244147,
    10.142045454392));
#2798 = CARTESIAN_POINT('',(-25.75853546741,-18.92341297022,
    10.43181818221));
#2799 = CARTESIAN_POINT('',(-15.26592981853,-29.94992183394,
    10.721590908394));
#2800 = CARTESIAN_POINT('',(0.162572081335,-34.57719409586,
    11.011363637296));
#2801 = CARTESIAN_POINT('',(16.156200690005,-30.57099868339,
    11.301136362713));
#2802 = CARTESIAN_POINT('',(27.581643547503,-19.21716342983,
    11.590909091592));
#2803 = CARTESIAN_POINT('',(31.637435291132,-4.546470727696,
    11.880681817816));
#2804 = CARTESIAN_POINT('',(28.412974296208,9.123899434762,
    12.170454545605));
#2805 = CARTESIAN_POINT('',(20.080232880112,18.742300212761,
    12.460227272681));
#2806 = CARTESIAN_POINT('',(-0.946061261855,27.451676412805,
    13.039772727357));
#2807 = CARTESIAN_POINT('',(-13.63943563735,26.542577959734,
    13.329545454032));
#2808 = CARTESIAN_POINT('',(-25.58588531569,19.156204751642,
    13.619318183322));
#2809 = CARTESIAN_POINT('',(-33.09175376517,5.91458061236,
    13.909090906248));
#2810 = CARTESIAN_POINT('',(-33.04111954273,-10.19280141059,
    14.1988636402));
#2811 = CARTESIAN_POINT('',(-24.56472424074,-24.33481259846,
    14.488636359858));
#2812 = CARTESIAN_POINT('',(-10.383150329,-31.97243532055,
    14.778409093636));
#2813 = CARTESIAN_POINT('',(4.833161468038,-31.5949087369,15.06818181678
    ));
#2814 = CARTESIAN_POINT('',(16.978878461732,-24.54099295949,
    15.357954545949));
#2815 = CARTESIAN_POINT('',(23.764246978784,-13.77498222559,
    15.647727272627));
#2816 = CARTESIAN_POINT('',(25.994989354825,8.874125209116,
    16.227272727391));
#2817 = CARTESIAN_POINT('',(21.440344292048,20.757029794601,
    16.517045454052));
#2818 = CARTESIAN_POINT('',(10.9041545453,30.044918397638,
    16.806818182854));
#2819 = CARTESIAN_POINT('',(-3.946128304692,33.383746082339,
    17.096590907879));
#2820 = CARTESIAN_POINT('',(-19.34523352636,28.659565960258,
    17.386363636972));
#2821 = CARTESIAN_POINT('',(-30.41772678614,16.44295224095,
    17.676136364113));
#2822 = CARTESIAN_POINT('',(-33.60978243188,0.654947293795,
    17.965909089708));
#2823 = CARTESIAN_POINT('',(-28.83144985729,-13.79656504353,
    18.255681819331));
#2824 = CARTESIAN_POINT('',(-18.55555778744,-23.37164787622,
    18.545454544816));
#2825 = CARTESIAN_POINT('',(-6.283439351238,-26.73963275185,
    18.835227272947));
#2826 = CARTESIAN_POINT('',(16.037955452045,-22.29963126829,
    19.414772726977));
#2827 = CARTESIAN_POINT('',(26.087042483469,-14.49168257046,
    19.704545456072));
#2828 = CARTESIAN_POINT('',(31.916503281432,-1.713045870987,
    19.994318178031));
#2829 = CARTESIAN_POINT('',(30.80075260267,13.466999301338,
    20.284090915164));
#2830 = CARTESIAN_POINT('',(21.809869801348,26.831667121086,
    20.573863629643));
#2831 = CARTESIAN_POINT('',(6.905124234963,33.881086766878,
    20.863636368849));
#2832 = CARTESIAN_POINT('',(-9.129659362642,32.352677648327,
    21.15340908818));
#2833 = CARTESIAN_POINT('',(-21.57181770129,23.585045875083,
    21.443181819081));
#2834 = CARTESIAN_POINT('',(-27.75166666891,10.972130438195,
    21.732954545285));
#2835 = CARTESIAN_POINT('',(-27.41221930703,-1.749229100954,
    22.022727272775));
#2836 = CARTESIAN_POINT('',(-16.68384391037,-21.82060774034,
    22.602272727158));
#2837 = CARTESIAN_POINT('',(-6.29500687642,-29.17045659023,
    22.892045455316));
#2838 = CARTESIAN_POINT('',(7.6255891631,-31.03946033333,23.181818179643
    ));
#2839 = CARTESIAN_POINT('',(21.828101361427,-25.56521899055,
    23.471590913085));
#2840 = CARTESIAN_POINT('',(32.007375559044,-13.08192229965,
    23.761363631183));
#2841 = CARTESIAN_POINT('',(34.426630305918,3.227368433606,
    24.051136368551));
#2842 = CARTESIAN_POINT('',(28.309381988876,18.128025884967,
    24.340909087513));
#2843 = CARTESIAN_POINT('',(16.30751357887,27.489319903364,
    24.630681819856));
#2844 = CARTESIAN_POINT('',(2.443790582922,29.741730562301,
    24.920454544916));
#2845 = CARTESIAN_POINT('',(-9.631255117503,25.724083941828,
    25.210227272813));
#2846 = CARTESIAN_POINT('',(-25.72408394182,9.631255117501,
    25.789772727223));
#2847 = CARTESIAN_POINT('',(-29.74173056232,-2.443790582912,
    26.079545454622));
#2848 = CARTESIAN_POINT('',(-27.48931990329,-16.30751357891,
    26.369318181893));
#2849 = CARTESIAN_POINT('',(-18.12802588512,-28.30938198875,
    26.65909090854));
#2850 = CARTESIAN_POINT('',(-3.227368433381,-34.42663030614,
    26.948863637602));
#2851 = CARTESIAN_POINT('',(13.081922299414,-32.00737555877,
    27.238636361989));
#2852 = CARTESIAN_POINT('',(25.565218990736,-21.82810136166,
    27.528409092364));
#2853 = CARTESIAN_POINT('',(31.039460333245,-7.625589162958,
    27.818181817361));
#2854 = CARTESIAN_POINT('',(29.170456590261,6.295006876361,
    28.107954545699));
#2855 = CARTESIAN_POINT('',(21.820607740347,16.683843910393,
    28.397727272755));
#2856 = CARTESIAN_POINT('',(1.749229100946,27.412219307022,
    28.977272727131));
#2857 = CARTESIAN_POINT('',(-10.97213043813,27.75166666899,
    29.267045455384));
#2858 = CARTESIAN_POINT('',(-23.58504587524,21.571817701081,
    29.556818180023));
#2859 = CARTESIAN_POINT('',(-32.35267764802,9.129659362996,
    29.846590911141));
#2860 = CARTESIAN_POINT('',(-33.8810867673,-6.905124235377,
    30.136363635513));
#2861 = CARTESIAN_POINT('',(-26.8316671206,-21.80986980098,
    30.42613636258));
#2862 = CARTESIAN_POINT('',(-13.46699930175,-30.8007526029,
    30.715909093054));
#2863 = CARTESIAN_POINT('',(1.713045871242,-31.9165032813,
    31.005681816412));
#2864 = CARTESIAN_POINT('',(14.491682570364,-26.08704248351,
    31.295454546219));
#2865 = CARTESIAN_POINT('',(22.299631268316,-16.03795545203,
    31.585227272642));
#2866 = CARTESIAN_POINT('',(26.739632751848,6.283439351232,
    32.164772727194));
#2867 = CARTESIAN_POINT('',(23.371647876256,18.555557787459,
    32.454545455467));
#2868 = CARTESIAN_POINT('',(13.796565043491,28.831449857271,
    32.744318178997));
#2869 = CARTESIAN_POINT('',(-0.654947293771,33.609782431912,
    33.03409091444));
#2870 = CARTESIAN_POINT('',(-16.44295224092,30.417726786121,
    33.323863629301));
#2871 = CARTESIAN_POINT('',(-28.65956596035,19.345233526391,
    33.613636370411));
#2872 = CARTESIAN_POINT('',(-33.38374608222,3.946128304668,
    33.903409086171));
#2873 = CARTESIAN_POINT('',(-30.04491839772,-10.90415454528,
    34.193181820559));
#2874 = CARTESIAN_POINT('',(-20.75702979456,-21.44034429205,
    34.482954544659));
#2875 = CARTESIAN_POINT('',(-8.874125209124,-25.99498935482,
    34.772727272873));
#2876 = CARTESIAN_POINT('',(13.774982225602,-23.76424697878,
    35.352272727148));
#2877 = CARTESIAN_POINT('',(24.540992959481,-16.97887846173,
    35.642045454974));
#2878 = CARTESIAN_POINT('',(31.594908736925,-4.833161468005,
    35.931818181081));
#2879 = CARTESIAN_POINT('',(31.97243532056,10.383150328915,
    36.221590909716));
#2880 = CARTESIAN_POINT('',(24.33481259841,24.564724240914,
    36.51136363649));
#2881 = CARTESIAN_POINT('',(10.192801410686,33.041119542532,
    36.801136362616));
#2882 = CARTESIAN_POINT('',(-5.914580612459,33.09175376534,
    37.090909092284));
#2883 = CARTESIAN_POINT('',(-19.15620475157,25.5858853156,37.38068181718
    ));
#2884 = CARTESIAN_POINT('',(-26.54257795975,13.639435637391,
    37.670454545859));
#2885 = CARTESIAN_POINT('',(-27.4516764128,0.946061261847,
    37.960227272691));
#2886 = CARTESIAN_POINT('',(-18.74230021276,-20.0802328801,
    38.539772727221));
#2887 = CARTESIAN_POINT('',(-9.123899434757,-28.41297429625,
    38.829545454948));
#2888 = CARTESIAN_POINT('',(4.546470727675,-31.637435291,39.119318181002
    ));
#2889 = CARTESIAN_POINT('',(19.217163429885,-27.5816435477,
    39.409090909821));
#2890 = CARTESIAN_POINT('',(30.570998683323,-16.15620068979,
    39.698863636558));
#2891 = CARTESIAN_POINT('',(34.577194095917,-0.162572081454,
    39.988636362273));
#2892 = CARTESIAN_POINT('',(29.949921833939,15.265929818559,
    40.278409092779));
#2893 = CARTESIAN_POINT('',(18.923412970197,25.75853546743,
    40.568181816766));
#2894 = CARTESIAN_POINT('',(5.347222441492,29.35898263595,
    40.857954546076));
#2895 = CARTESIAN_POINT('',(-7.06347684605,26.544243530933,
    41.147727272622));
#2896 = CARTESIAN_POINT('',(-24.65618736213,12.106279137205,
    41.72727272731));
#2897 = CARTESIAN_POINT('',(-29.83804936494,0.483176314833,
    42.017045454528));
#2898 = CARTESIAN_POINT('',(-28.95536716122,-13.5345639171,
    42.306818181958));
#2899 = CARTESIAN_POINT('',(-20.81553915263,-26.39620731986,
    42.596590908495));
#2900 = CARTESIAN_POINT('',(-6.586227626069,-33.94451924654,
    42.886363637679));
#2901 = CARTESIAN_POINT('',(9.881657846242,-33.13550391103,
    43.176136361853));
#2902 = CARTESIAN_POINT('',(23.302587399229,-24.22882274455,
    43.465909092538));
#2903 = CARTESIAN_POINT('',(30.142558404771,-10.63126900618,
    43.755681817218));
#2904 = CARTESIAN_POINT('',(29.647011441035,3.405489960594,
    44.045454545768));
#2905 = CARTESIAN_POINT('',(23.350838219703,14.464713070839,
    44.335227272742));
#2906 = CARTESIAN_POINT('',(4.427673431275,27.108767544288,
    44.914772727133));
#2907 = CARTESIAN_POINT('',(-8.199157624829,28.693491657504,
    45.204545455476));
#2908 = CARTESIAN_POINT('',(-21.35706955008,23.779682254034,
    45.494318179543));
#2909 = CARTESIAN_POINT('',(-31.3020275594,12.256814502584,
    45.784090912447));
#2910 = CARTESIAN_POINT('',(-34.39476060492,-3.550946938276,
    46.073863633225));
#2911 = CARTESIAN_POINT('',(-28.84020637857,-19.07488603557,
    46.363636365332));
#2912 = CARTESIAN_POINT('',(-16.42115370923,-29.33244179978,
    46.653409090753));
#2913 = CARTESIAN_POINT('',(-1.423567293863,-31.93072445202,
    46.943181817697));
#2914 = CARTESIAN_POINT('',(11.864923853937,-27.38185952771,
    47.232954545817));
#2915 = CARTESIAN_POINT('',(20.620257918507,-18.14647440024,
    47.522727272637));
#2916 = CARTESIAN_POINT('',(27.226758868102,3.632240537523,
    48.102272727342));
#2917 = CARTESIAN_POINT('',(25.077869715174,16.175385615324,
    48.39204545439));
#2918 = CARTESIAN_POINT('',(16.556107078353,27.340318693863,
    48.681818181919));
#2919 = CARTESIAN_POINT('',(2.642541217572,33.5121382038,48.971590909491
    ));
#2920 = CARTESIAN_POINT('',(-13.38231633666,31.882948274864,
    49.261363635078));
#2921 = CARTESIAN_POINT('',(-26.62539784756,22.061209637899,
    49.551136365657));
#2922 = CARTESIAN_POINT('',(-32.83620600831,7.199305942759,
    49.840909088854));
#2923 = CARTESIAN_POINT('',(-30.96903794977,-7.906731077963,
    50.130681819609));
#2924 = CARTESIAN_POINT('',(-22.75860025782,-19.30255847184,
    50.420454544808));
#2925 = CARTESIAN_POINT('',(-11.37934839015,-25.,50.710227272901));
#2926 = CARTESIAN_POINT('',(11.379348390153,-24.99999999999,
    51.289772727079));
#2927 = CARTESIAN_POINT('',(22.758600257818,-19.30255847189,
    51.579545455159));
#2928 = CARTESIAN_POINT('',(30.969037949757,-7.906731077797,
    51.869318181358));
#2929 = CARTESIAN_POINT('',(32.836206008382,7.199305942368,
    52.159090907562));
#2930 = CARTESIAN_POINT('',(26.625397847424,22.061209638526,
    52.448863641652));
#2931 = CARTESIAN_POINT('',(13.38231633682,31.882948274133,
    52.738636355208));
#2932 = CARTESIAN_POINT('',(-2.642541217684,33.512138204422,
    53.028409099506));
#2933 = CARTESIAN_POINT('',(-16.55610707829,27.340318693485,
    53.318181812307));
#2934 = CARTESIAN_POINT('',(-25.07786971519,16.175385615478,
    53.607954548074));
#2935 = CARTESIAN_POINT('',(-27.2267588681,3.632240537491,
    53.897727272064));
#2936 = CARTESIAN_POINT('',(-23.9235083933,-7.25711693136,
    54.187500000046));
#2937 = CARTESIAN_POINT('',(-20.6202579185,-18.14647440024,
    54.477272726772));
#2938 = CARTESIAN_POINT('',(-11.86492385395,-27.38185952772,
    54.767045456451));
#2939 = CARTESIAN_POINT('',(1.423567293928,-31.93072445197,
    55.056818177616));
#2940 = CARTESIAN_POINT('',(16.421153709106,-29.33244179991,
    55.346590915162));
#2941 = CARTESIAN_POINT('',(28.840206378754,-19.07488603537,
    55.636363630531));
#2942 = CARTESIAN_POINT('',(34.394760604731,-3.550946938487,
    55.92613636716));
#2943 = CARTESIAN_POINT('',(31.302027559559,12.25681450272,
    56.215909089979));
#2944 = CARTESIAN_POINT('',(21.357069550009,23.779682253975,
    56.505681817854));
#2945 = CARTESIAN_POINT('',(8.199157624858,28.693491657518,
    56.795454545808));
#2946 = CARTESIAN_POINT('',(-4.427673431277,27.108767544287,
    57.085227272664));
#2947 = CARTESIAN_POINT('',(-23.3508382197,14.464713070837,
    57.664772727252));
#2948 = CARTESIAN_POINT('',(-29.64701144102,3.405489960599,
    57.954545454958));
#2949 = CARTESIAN_POINT('',(-30.14255840482,-10.63126900617,
    58.244318180445));
#2950 = CARTESIAN_POINT('',(-23.30258739912,-24.22882274461,
    58.534090911904));
#2951 = CARTESIAN_POINT('',(-9.881657846409,-33.1355039109,
    58.823863632356));
#2952 = CARTESIAN_POINT('',(6.586227626264,-33.94451924671,
    59.113636367788));
#2953 = CARTESIAN_POINT('',(20.815539152466,-26.39620731971,
    59.403409087796));
#2954 = CARTESIAN_POINT('',(28.955367161328,-13.53456391719,
    59.693181819828));
#2955 = CARTESIAN_POINT('',(29.838049364902,0.483176314866,
    59.982954544909));
#2956 = CARTESIAN_POINT('',(24.65618736214,12.106279137198,
    60.272727272795));
#2957 = CARTESIAN_POINT('',(7.063476846045,26.544243530936,
    60.852272727284));
#2958 = CARTESIAN_POINT('',(-5.347222441477,29.358982635941,
    61.142045454261));
#2959 = CARTESIAN_POINT('',(-18.92341297021,25.758535467443,
    61.431818182757));
#2960 = CARTESIAN_POINT('',(-29.94992183393,15.265929818546,
    61.721590907302));
#2961 = CARTESIAN_POINT('',(-34.5771940959,-0.162572081435,
    62.011363638715));
#2962 = CARTESIAN_POINT('',(-30.57099868332,-16.15620068982,
    62.301136361443));
#2963 = CARTESIAN_POINT('',(-19.2171634299,-27.58164354768,
    62.590909092351));
#2964 = CARTESIAN_POINT('',(-4.54647072765,-31.63743529101,
    62.88068181757));
#2965 = CARTESIAN_POINT('',(9.123899434741,-28.41297429625,
    63.170454545579));
#2966 = CARTESIAN_POINT('',(18.742300212766,-20.0802328801,
    63.460227272762));
#2967 = CARTESIAN_POINT('',(27.451676412799,0.94606126185,
    64.039772727173));
#2968 = CARTESIAN_POINT('',(26.54257795976,13.639435637368,
    64.329545455253));
#2969 = CARTESIAN_POINT('',(19.156204751587,25.585885315662,
    64.619318179776));
#2970 = CARTESIAN_POINT('',(5.914580612428,33.091753765225,
    64.909090912893));
#2971 = CARTESIAN_POINT('',(-10.19280141062,33.041119542697,
    65.198863631395));
#2972 = CARTESIAN_POINT('',(-24.33481259847,24.564724240728,
    65.488636368347));
#2973 = CARTESIAN_POINT('',(-31.97243532051,10.383150329076,
    65.778409087696));
#2974 = CARTESIAN_POINT('',(-31.59490873693,-4.833161468102,
    66.068181819692));
#2975 = CARTESIAN_POINT('',(-24.54099295948,-16.97887846169,
    66.357954545056));
#2976 = CARTESIAN_POINT('',(-13.77498222559,-23.76424697879,
    66.647727272714));
#2977 = CARTESIAN_POINT('',(8.874125209116,-25.99498935481,
    67.227272727426));
#2978 = CARTESIAN_POINT('',(20.75702979461,-21.44034429208,
    67.517045453413));
#2979 = CARTESIAN_POINT('',(30.044918397594,-10.9041545452,
    67.806818185068));
#2980 = CARTESIAN_POINT('',(33.383746082456,3.94612830453,
    68.096590903194));
#2981 = CARTESIAN_POINT('',(28.659565960061,19.345233526549,
    68.386363643922));
#2982 = CARTESIAN_POINT('',(16.442952241177,30.417726785997,
    68.676136356594));
#2983 = CARTESIAN_POINT('',(0.654947293613,33.60978243197,
    68.965909095653));
#2984 = CARTESIAN_POINT('',(-13.79656504342,28.831449857261,
    69.255681815945));
#2985 = CARTESIAN_POINT('',(-23.37164787627,18.555557787455,
    69.545454546154));
#2986 = CARTESIAN_POINT('',(-26.73963275184,6.283439351237,
    69.835227272611));
#2987 = CARTESIAN_POINT('',(-22.29963126831,-16.03795545204,
    70.414772727392));
#2988 = CARTESIAN_POINT('',(-14.49168257037,-26.08704248348,
    70.70454545402));
#2989 = CARTESIAN_POINT('',(-1.713045871205,-31.91650328141,
    70.994318183134));
#2990 = CARTESIAN_POINT('',(13.466999301686,-30.80075260269,
    71.284090906922));
#2991 = CARTESIAN_POINT('',(26.831667120692,-21.80986980129,
    71.573863638897));
#2992 = CARTESIAN_POINT('',(33.881086767211,-6.905124235036,
    71.863636361536));
#2993 = CARTESIAN_POINT('',(32.352677648112,9.129659362708,72.1534090921
    ));
#2994 = CARTESIAN_POINT('',(23.585045875187,21.57181770125,
    72.443181817789));
#2995 = CARTESIAN_POINT('',(10.97213043816,27.751666668926,
    72.732954545481));
#2996 = CARTESIAN_POINT('',(-1.749229100947,27.412219307035,
    73.022727272776));
#2997 = CARTESIAN_POINT('',(-21.82060774035,16.683843910382,
    73.602272727178));
#2998 = CARTESIAN_POINT('',(-29.17045659022,6.295006876412,
    73.89204545506));
#2999 = CARTESIAN_POINT('',(-31.03946033335,-7.625589163086,
    74.181818180666));
#3000 = CARTESIAN_POINT('',(-25.56521899056,-21.82810136143,
    74.471590910619));
#3001 = CARTESIAN_POINT('',(-13.0819222996,-32.00737555904,
    74.761363635244));
#3002 = CARTESIAN_POINT('',(3.227368433526,-34.42663030589,
    75.05113636379));
#3003 = CARTESIAN_POINT('',(18.128025885041,-28.3093819889,
    75.340909091511));
#3004 = CARTESIAN_POINT('',(27.489319903317,-16.30751357884,
    75.630681817495));
#3005 = CARTESIAN_POINT('',(29.74173056232,-2.443790582933,
    75.920454545841));
#3006 = CARTESIAN_POINT('',(25.724083941826,9.631255117505,
    76.210227272616));
#3007 = CARTESIAN_POINT('',(9.631255117503,25.724083941822,
    76.789772727412));
#3008 = CARTESIAN_POINT('',(-2.443790582921,29.741730562326,
    77.079545454077));
#3009 = CARTESIAN_POINT('',(-16.30751357886,27.489319903332,
    77.369318182332));
#3010 = CARTESIAN_POINT('',(-28.3093819889,18.128025884942,
    77.659090909679));
#3011 = CARTESIAN_POINT('',(-34.42663030587,3.227368433773,
    77.948863633561));
#3012 = CARTESIAN_POINT('',(-32.00737555907,-13.08192229995,
    78.238636368369));
#3013 = CARTESIAN_POINT('',(-21.82810136143,-25.56521899023,
    78.528409085934));
#3014 = CARTESIAN_POINT('',(-7.625589163081,-31.03946033355,
    78.818181821658));
#3015 = CARTESIAN_POINT('',(6.295006876403,-29.17045659014,
    79.107954543922));
#3016 = CARTESIAN_POINT('',(16.683843910383,-21.82060774036,
    79.397727273074));
#3017 = CARTESIAN_POINT('',(27.412219307034,-1.749229100938,
    79.977272726974));
#3018 = CARTESIAN_POINT('',(27.751666668928,10.97213043811,
    80.26704545541));
#3019 = CARTESIAN_POINT('',(21.571817701224,23.585045875311,
    80.55681818097));
#3020 = CARTESIAN_POINT('',(9.129659362809,32.352677647909,
    80.846590907831));
#3021 = CARTESIAN_POINT('',(-6.905124235248,33.881086767432,
    81.136363641906));
#3022 = CARTESIAN_POINT('',(-21.80986980099,26.831667120537,
    81.426136354344));
#3023 = CARTESIAN_POINT('',(-30.80075260297,13.46699930175,
    81.715909100506));
#3024 = CARTESIAN_POINT('',(-31.91650328124,-1.713045871207,
    82.005681811661));
#3025 = CARTESIAN_POINT('',(-26.08704248355,-14.49168257038,
    82.295454548293));
#3026 = CARTESIAN_POINT('',(-16.03795545202,-22.29963126831,
    82.585227272067));
#3027 = CARTESIAN_POINT('',(-4.877258050404,-24.51963201008,
    82.875000000002));
#3028 = CARTESIAN_POINT('',(6.283439351238,-26.73963275184,
    83.164772727175));
#3029 = CARTESIAN_POINT('',(18.555557787439,-23.37164787625,
    83.454545455241));
#3030 = CARTESIAN_POINT('',(28.831449857301,-13.79656504348,
    83.744318179307));
#3031 = CARTESIAN_POINT('',(33.609782431897,0.654947293783,
    84.034090914949));
#3032 = CARTESIAN_POINT('',(30.417726786099,16.442952240859,
    84.323863626933));
#3033 = CARTESIAN_POINT('',(19.345233526435,28.659565960462,
    84.613636374517));
#3034 = CARTESIAN_POINT('',(3.946128304634,33.383746082107,
    84.903409081833));
#3035 = CARTESIAN_POINT('',(-10.90415454527,30.044918397797,
    85.193181823559));
#3036 = CARTESIAN_POINT('',(-21.44034429205,20.757029794538,
    85.482954543342));
#3037 = CARTESIAN_POINT('',(-25.99498935482,8.87412520913,
    85.772727273176));
#3038 = CARTESIAN_POINT('',(-23.76424697878,-13.7749822256,
    86.352272726861));
#3039 = CARTESIAN_POINT('',(-16.97887846171,-24.54099295946,
    86.642045456136));
#3040 = CARTESIAN_POINT('',(-4.833161468037,-31.59490873695,
    86.931818178503));
#3041 = CARTESIAN_POINT('',(10.383150328927,-31.97243532051,
    87.22159091336));
#3042 = CARTESIAN_POINT('',(24.564724240945,-24.33481259842,
    87.511363633161));
#3043 = CARTESIAN_POINT('',(33.041119542466,-10.1928014107,
    87.80113636436));
#3044 = CARTESIAN_POINT('',(33.091753765409,5.914580612492,
    88.090909092183));
#3045 = CARTESIAN_POINT('',(25.585885315553,19.156204751557,
    88.380681816602));
#3046 = CARTESIAN_POINT('',(13.639435637414,26.542577959765,
    88.670454546284));
#3047 = CARTESIAN_POINT('',(0.946061261841,27.4516764128,88.96022727257)
  );
#3048 = CARTESIAN_POINT('',(-20.08023288009,18.742300212763,
    89.539772727331));
#3049 = CARTESIAN_POINT('',(-28.41297429626,9.123899434771,
    89.829545454682));
#3050 = CARTESIAN_POINT('',(-31.637435291,-4.546470727727,
    90.119318180995));
#3051 = CARTESIAN_POINT('',(-27.58164354768,-19.21716342978,
    90.409090911227));
#3052 = CARTESIAN_POINT('',(-16.15620068985,-30.57099868344,
    90.698863632823));
#3053 = CARTESIAN_POINT('',(-0.162572081367,-34.57719409584,
    90.988636367766));
#3054 = CARTESIAN_POINT('',(15.265929818456,-29.94992183394,
    91.27840908743));
#3055 = CARTESIAN_POINT('',(25.758535467509,-18.92341297023,
    91.568181820285));
#3056 = CARTESIAN_POINT('',(29.358982635909,-5.34722244147,
    91.857954544598));
#3057 = CARTESIAN_POINT('',(26.544243530946,7.063476846042,
    92.147727272932));
#3058 = CARTESIAN_POINT('',(12.10627913719,24.656187362139,
    92.727272727058));
#3059 = CARTESIAN_POINT('',(0.483176314896,29.83804936491,
    93.017045455651));
#3060 = CARTESIAN_POINT('',(-13.53456391722,28.955367161321,
    93.306818178753));
#3061 = CARTESIAN_POINT('',(-26.39620731973,20.815539152426,
    93.596590914809));
#3062 = CARTESIAN_POINT('',(-33.94451924657,6.586227626424,
    93.886363628779));
#3063 = CARTESIAN_POINT('',(-33.13550391112,-9.881657846681,
    94.176136370996));
#3064 = CARTESIAN_POINT('',(-24.22882274441,-23.30258739883,
    94.465909085651));
#3065 = CARTESIAN_POINT('',(-10.63126900628,-30.142558405,94.7556818209)
  );
#3066 = CARTESIAN_POINT('',(3.405489960636,-29.64701144094,
    95.045454544513));
#3067 = CARTESIAN_POINT('',(14.464713070827,-23.35083821972,
    95.335227272907));
#3068 = CARTESIAN_POINT('',(20.786740307564,-13.88925582549,
    95.625000000008));
#3069 = CARTESIAN_POINT('',(27.10876754428,-4.427673431293,
    95.914772728506));
#3070 = CARTESIAN_POINT('',(28.693491657526,8.199157624901,
    96.204545449144));
#3071 = CARTESIAN_POINT('',(23.779682253984,21.357069549933,
    96.494318194686));
#3072 = CARTESIAN_POINT('',(12.256814502677,31.302027559629,
    96.784090889069));
#3073 = CARTESIAN_POINT('',(-3.550946938392,34.394760604716,
    97.07386365786));
#3074 = CARTESIAN_POINT('',(-19.07488603548,28.840206378697,
    97.36363634773));
#3075 = CARTESIAN_POINT('',(-29.33244179981,16.421153709195,
    97.653409098501));
#3076 = CARTESIAN_POINT('',(-31.93072445202,1.423567293862,
    97.943181816275));
#3077 = CARTESIAN_POINT('',(-27.38185952771,-11.86492385392,
    98.232954545527));
#3078 = CARTESIAN_POINT('',(-18.14647440024,-20.62025791851,
    98.522727272696));
#3079 = CARTESIAN_POINT('',(-7.257116931367,-23.9235083933,
    98.812500000135));
#3080 = CARTESIAN_POINT('',(3.632240537555,-27.22675886811,
    99.102272726122));
#3081 = CARTESIAN_POINT('',(16.175385615217,-25.07786971515,
    99.392045458715));
#3082 = CARTESIAN_POINT('',(27.340318694095,-16.55610707835,
    99.681818172764));
#3083 = CARTESIAN_POINT('',(33.512138203468,-2.642541217661,
    99.97159092204));
#3084 = CARTESIAN_POINT('',(31.882948275165,13.382316336884,
    100.26136362404));
#3085 = CARTESIAN_POINT('',(22.061209637749,26.625397847269,
    100.55113637085));
#3086 = CARTESIAN_POINT('',(7.199305942771,32.836206008549,
    100.84090908936));
#3087 = CARTESIAN_POINT('',(-7.906731077927,30.969037949642,
    101.13068181697));
#3088 = CARTESIAN_POINT('',(-19.30255847186,22.75860025787,
    101.42045454663));
#3089 = CARTESIAN_POINT('',(-24.99999999999,11.379348390142,
    101.7102272723));
#3090 = CARTESIAN_POINT('',(-25.,1.951883099593E-12,102.00000000004));
#3091 = ADVANCED_FACE('',(#3092),#3095,.F.);
#3092 = FACE_BOUND('',#3093,.F.);
#3093 = EDGE_LOOP('',(#3094));
#3094 = ORIENTED_EDGE('',*,*,#799,.T.);
#3095 = PLANE('',#3096);
#3096 = AXIS2_PLACEMENT_3D('',#3097,#3098,#3099);
#3097 = CARTESIAN_POINT('',(3.960580871693E-03,-2.099465953499E-14,
    -8.403291503916E-16));
#3098 = DIRECTION('',(0.,0.,1.));
#3099 = DIRECTION('',(1.,0.,-0.));
#3100 = ADVANCED_FACE('',(#3101),#3104,.T.);
#3101 = FACE_BOUND('',#3102,.T.);
#3102 = EDGE_LOOP('',(#3103));
#3103 = ORIENTED_EDGE('',*,*,#788,.T.);
#3104 = PLANE('',#3105);
#3105 = AXIS2_PLACEMENT_3D('',#3106,#3107,#3108);
#3106 = CARTESIAN_POINT('',(-3.960580871662E-03,2.537508095129E-11,
    102.00000000125));
#3107 = DIRECTION('',(-4.811729236544E-11,1.348133194651E-12,1.));
#3108 = DIRECTION('',(1.,0.,4.811729236544E-11));
#3109 = ( GEOMETRIC_REPRESENTATION_CONTEXT(3) 
GLOBAL_UNCERTAINTY_ASSIGNED_CONTEXT((#3113)) 
GLOBAL_UNIT_ASSIGNED_CONTEXT((#3110,#3111,#3112)) REPRESENTATION_CONTEXT
('Context #1','3D Context with UNIT and UNCERTAINTY') );
#3110 = ( LENGTH_UNIT() NAMED_UNIT(*) SI_UNIT(.MILLI.,.METRE.) );
#3111 = ( NAMED_UNIT(*) PLANE_ANGLE_UNIT() SI_UNIT($,.RADIAN.) );
#3112 = ( NAMED_UNIT(*) SI_UNIT($,.STERADIAN.) SOLID_ANGLE_UNIT() );
#3113 = UNCERTAINTY_MEASURE_WITH_UNIT(LENGTH_MEASURE(5.E-06),#3110,
  'distance_accuracy_value','confusion accuracy');
#3114 = CONTEXT_DEPENDENT_SHAPE_REPRESENTATION(#3115,#3117);
#3115 = ( REPRESENTATION_RELATIONSHIP('','',#448,#10) 
REPRESENTATION_RELATIONSHIP_WITH_TRANSFORMATION(#3116) 
SHAPE_REPRESENTATION_RELATIONSHIP() );
#3116 = ITEM_DEFINED_TRANSFORMATION('','',#11,#23);
#3117 = PRODUCT_DEFINITION_SHAPE('Placement','Placement of an item',
  #3118);
#3118 = NEXT_ASSEMBLY_USAGE_OCCURRENCE('21','Sweep','',#5,#443,$);
#3119 = PRODUCT_RELATED_PRODUCT_CATEGORY('part',$,(#445));
#3120 = SHAPE_DEFINITION_REPRESENTATION(#3121,#3127);
#3121 = PRODUCT_DEFINITION_SHAPE('','',#3122);
#3122 = PRODUCT_DEFINITION('design','',#3123,#3126);
#3123 = PRODUCT_DEFINITION_FORMATION('','',#3124);
#3124 = PRODUCT('Pad','Pad','',(#3125));
#3125 = PRODUCT_CONTEXT('',#2,'mechanical');
#3126 = PRODUCT_DEFINITION_CONTEXT('part definition',#2,'design');
#3127 = SHAPE_REPRESENTATION('',(#11,#3128,#3220),#3312);
#3128 = MANIFOLD_SOLID_BREP('',#3129);
#3129 = CLOSED_SHELL('',(#3130,#3163,#3196,#3208));
#3130 = ADVANCED_FACE('',(#3131),#3158,.T.);
#3131 = FACE_BOUND('',#3132,.F.);
#3132 = EDGE_LOOP('',(#3133,#3143,#3150,#3151));
#3133 = ORIENTED_EDGE('',*,*,#3134,.T.);
#3134 = EDGE_CURVE('',#3135,#3137,#3139,.T.);
#3135 = VERTEX_POINT('',#3136);
#3136 = CARTESIAN_POINT('',(53.02,0.,0.));
#3137 = VERTEX_POINT('',#3138);
#3138 = CARTESIAN_POINT('',(53.02,0.,5.));
#3139 = LINE('',#3140,#3141);
#3140 = CARTESIAN_POINT('',(53.02,0.,0.));
#3141 = VECTOR('',#3142,1.);
#3142 = DIRECTION('',(0.,0.,1.));
#3143 = ORIENTED_EDGE('',*,*,#3144,.T.);
#3144 = EDGE_CURVE('',#3137,#3137,#3145,.T.);
#3145 = CIRCLE('',#3146,53.02);
#3146 = AXIS2_PLACEMENT_3D('',#3147,#3148,#3149);
#3147 = CARTESIAN_POINT('',(0.,0.,5.));
#3148 = DIRECTION('',(0.,0.,1.));
#3149 = DIRECTION('',(1.,0.,0.));
#3150 = ORIENTED_EDGE('',*,*,#3134,.F.);
#3151 = ORIENTED_EDGE('',*,*,#3152,.F.);
#3152 = EDGE_CURVE('',#3135,#3135,#3153,.T.);
#3153 = CIRCLE('',#3154,53.02);
#3154 = AXIS2_PLACEMENT_3D('',#3155,#3156,#3157);
#3155 = CARTESIAN_POINT('',(0.,0.,0.));
#3156 = DIRECTION('',(0.,0.,1.));
#3157 = DIRECTION('',(1.,0.,0.));
#3158 = CYLINDRICAL_SURFACE('',#3159,53.02);
#3159 = AXIS2_PLACEMENT_3D('',#3160,#3161,#3162);
#3160 = CARTESIAN_POINT('',(0.,0.,0.));
#3161 = DIRECTION('',(-0.,-0.,-1.));
#3162 = DIRECTION('',(1.,0.,0.));
#3163 = ADVANCED_FACE('',(#3164),#3191,.F.);
#3164 = FACE_BOUND('',#3165,.T.);
#3165 = EDGE_LOOP('',(#3166,#3176,#3183,#3184));
#3166 = ORIENTED_EDGE('',*,*,#3167,.T.);
#3167 = EDGE_CURVE('',#3168,#3170,#3172,.T.);
#3168 = VERTEX_POINT('',#3169);
#3169 = CARTESIAN_POINT('',(51.02,0.,0.));
#3170 = VERTEX_POINT('',#3171);
#3171 = CARTESIAN_POINT('',(51.02,0.,5.));
#3172 = LINE('',#3173,#3174);
#3173 = CARTESIAN_POINT('',(51.02,0.,0.));
#3174 = VECTOR('',#3175,1.);
#3175 = DIRECTION('',(0.,0.,1.));
#3176 = ORIENTED_EDGE('',*,*,#3177,.T.);
#3177 = EDGE_CURVE('',#3170,#3170,#3178,.T.);
#3178 = CIRCLE('',#3179,51.02);
#3179 = AXIS2_PLACEMENT_3D('',#3180,#3181,#3182);
#3180 = CARTESIAN_POINT('',(0.,0.,5.));
#3181 = DIRECTION('',(0.,0.,1.));
#3182 = DIRECTION('',(1.,0.,0.));
#3183 = ORIENTED_EDGE('',*,*,#3167,.F.);
#3184 = ORIENTED_EDGE('',*,*,#3185,.F.);
#3185 = EDGE_CURVE('',#3168,#3168,#3186,.T.);
#3186 = CIRCLE('',#3187,51.02);
#3187 = AXIS2_PLACEMENT_3D('',#3188,#3189,#3190);
#3188 = CARTESIAN_POINT('',(0.,0.,0.));
#3189 = DIRECTION('',(0.,0.,1.));
#3190 = DIRECTION('',(1.,0.,0.));
#3191 = CYLINDRICAL_SURFACE('',#3192,51.02);
#3192 = AXIS2_PLACEMENT_3D('',#3193,#3194,#3195);
#3193 = CARTESIAN_POINT('',(0.,0.,0.));
#3194 = DIRECTION('',(-0.,-0.,-1.));
#3195 = DIRECTION('',(1.,0.,0.));
#3196 = ADVANCED_FACE('',(#3197,#3200),#3203,.F.);
#3197 = FACE_BOUND('',#3198,.F.);
#3198 = EDGE_LOOP('',(#3199));
#3199 = ORIENTED_EDGE('',*,*,#3152,.T.);
#3200 = FACE_BOUND('',#3201,.T.);
#3201 = EDGE_LOOP('',(#3202));
#3202 = ORIENTED_EDGE('',*,*,#3185,.T.);
#3203 = PLANE('',#3204);
#3204 = AXIS2_PLACEMENT_3D('',#3205,#3206,#3207);
#3205 = CARTESIAN_POINT('',(-2.27E-15,2.78E-15,0.));
#3206 = DIRECTION('',(0.,0.,1.));
#3207 = DIRECTION('',(1.,0.,0.));
#3208 = ADVANCED_FACE('',(#3209,#3212),#3215,.T.);
#3209 = FACE_BOUND('',#3210,.T.);
#3210 = EDGE_LOOP('',(#3211));
#3211 = ORIENTED_EDGE('',*,*,#3144,.T.);
#3212 = FACE_BOUND('',#3213,.F.);
#3213 = EDGE_LOOP('',(#3214));
#3214 = ORIENTED_EDGE('',*,*,#3177,.T.);
#3215 = PLANE('',#3216);
#3216 = AXIS2_PLACEMENT_3D('',#3217,#3218,#3219);
#3217 = CARTESIAN_POINT('',(-2.27E-15,2.78E-15,5.));
#3218 = DIRECTION('',(0.,0.,1.));
#3219 = DIRECTION('',(1.,0.,0.));
#3220 = MANIFOLD_SOLID_BREP('',#3221);
#3221 = CLOSED_SHELL('',(#3222,#3255,#3288,#3300));
#3222 = ADVANCED_FACE('',(#3223),#3250,.T.);
#3223 = FACE_BOUND('',#3224,.F.);
#3224 = EDGE_LOOP('',(#3225,#3235,#3242,#3243));
#3225 = ORIENTED_EDGE('',*,*,#3226,.T.);
#3226 = EDGE_CURVE('',#3227,#3229,#3231,.T.);
#3227 = VERTEX_POINT('',#3228);
#3228 = CARTESIAN_POINT('',(45.295,0.,0.));
#3229 = VERTEX_POINT('',#3230);
#3230 = CARTESIAN_POINT('',(45.295,0.,5.));
#3231 = LINE('',#3232,#3233);
#3232 = CARTESIAN_POINT('',(45.295,0.,0.));
#3233 = VECTOR('',#3234,1.);
#3234 = DIRECTION('',(0.,0.,1.));
#3235 = ORIENTED_EDGE('',*,*,#3236,.T.);
#3236 = EDGE_CURVE('',#3229,#3229,#3237,.T.);
#3237 = CIRCLE('',#3238,45.295);
#3238 = AXIS2_PLACEMENT_3D('',#3239,#3240,#3241);
#3239 = CARTESIAN_POINT('',(0.,0.,5.));
#3240 = DIRECTION('',(0.,0.,1.));
#3241 = DIRECTION('',(1.,0.,0.));
#3242 = ORIENTED_EDGE('',*,*,#3226,.F.);
#3243 = ORIENTED_EDGE('',*,*,#3244,.F.);
#3244 = EDGE_CURVE('',#3227,#3227,#3245,.T.);
#3245 = CIRCLE('',#3246,45.295);
#3246 = AXIS2_PLACEMENT_3D('',#3247,#3248,#3249);
#3247 = CARTESIAN_POINT('',(0.,0.,0.));
#3248 = DIRECTION('',(0.,0.,1.));
#3249 = DIRECTION('',(1.,0.,0.));
#3250 = CYLINDRICAL_SURFACE('',#3251,45.295);
#3251 = AXIS2_PLACEMENT_3D('',#3252,#3253,#3254);
#3252 = CARTESIAN_POINT('',(0.,0.,0.));
#3253 = DIRECTION('',(-0.,-0.,-1.));
#3254 = DIRECTION('',(1.,0.,0.));
#3255 = ADVANCED_FACE('',(#3256),#3283,.F.);
#3256 = FACE_BOUND('',#3257,.T.);
#3257 = EDGE_LOOP('',(#3258,#3268,#3275,#3276));
#3258 = ORIENTED_EDGE('',*,*,#3259,.T.);
#3259 = EDGE_CURVE('',#3260,#3262,#3264,.T.);
#3260 = VERTEX_POINT('',#3261);
#3261 = CARTESIAN_POINT('',(43.295,0.,0.));
#3262 = VERTEX_POINT('',#3263);
#3263 = CARTESIAN_POINT('',(43.295,0.,5.));
#3264 = LINE('',#3265,#3266);
#3265 = CARTESIAN_POINT('',(43.295,0.,0.));
#3266 = VECTOR('',#3267,1.);
#3267 = DIRECTION('',(0.,0.,1.));
#3268 = ORIENTED_EDGE('',*,*,#3269,.T.);
#3269 = EDGE_CURVE('',#3262,#3262,#3270,.T.);
#3270 = CIRCLE('',#3271,43.295);
#3271 = AXIS2_PLACEMENT_3D('',#3272,#3273,#3274);
#3272 = CARTESIAN_POINT('',(0.,0.,5.));
#3273 = DIRECTION('',(0.,0.,1.));
#3274 = DIRECTION('',(1.,0.,0.));
#3275 = ORIENTED_EDGE('',*,*,#3259,.F.);
#3276 = ORIENTED_EDGE('',*,*,#3277,.F.);
#3277 = EDGE_CURVE('',#3260,#3260,#3278,.T.);
#3278 = CIRCLE('',#3279,43.295);
#3279 = AXIS2_PLACEMENT_3D('',#3280,#3281,#3282);
#3280 = CARTESIAN_POINT('',(0.,0.,0.));
#3281 = DIRECTION('',(0.,0.,1.));
#3282 = DIRECTION('',(1.,0.,0.));
#3283 = CYLINDRICAL_SURFACE('',#3284,43.295);
#3284 = AXIS2_PLACEMENT_3D('',#3285,#3286,#3287);
#3285 = CARTESIAN_POINT('',(0.,0.,0.));
#3286 = DIRECTION('',(-0.,-0.,-1.));
#3287 = DIRECTION('',(1.,0.,0.));
#3288 = ADVANCED_FACE('',(#3289,#3292),#3295,.F.);
#3289 = FACE_BOUND('',#3290,.F.);
#3290 = EDGE_LOOP('',(#3291));
#3291 = ORIENTED_EDGE('',*,*,#3244,.T.);
#3292 = FACE_BOUND('',#3293,.T.);
#3293 = EDGE_LOOP('',(#3294));
#3294 = ORIENTED_EDGE('',*,*,#3277,.T.);
#3295 = PLANE('',#3296);
#3296 = AXIS2_PLACEMENT_3D('',#3297,#3298,#3299);
#3297 = CARTESIAN_POINT('',(-2.27E-15,2.78E-15,0.));
#3298 = DIRECTION('',(0.,0.,1.));
#3299 = DIRECTION('',(1.,0.,0.));
#3300 = ADVANCED_FACE('',(#3301,#3304),#3307,.T.);
#3301 = FACE_BOUND('',#3302,.T.);
#3302 = EDGE_LOOP('',(#3303));
#3303 = ORIENTED_EDGE('',*,*,#3236,.T.);
#3304 = FACE_BOUND('',#3305,.F.);
#3305 = EDGE_LOOP('',(#3306));
#3306 = ORIENTED_EDGE('',*,*,#3269,.T.);
#3307 = PLANE('',#3308);
#3308 = AXIS2_PLACEMENT_3D('',#3309,#3310,#3311);
#3309 = CARTESIAN_POINT('',(-2.27E-15,2.78E-15,5.));
#3310 = DIRECTION('',(0.,0.,1.));
#3311 = DIRECTION('',(1.,0.,0.));
#3312 = ( GEOMETRIC_REPRESENTATION_CONTEXT(3) 
GLOBAL_UNCERTAINTY_ASSIGNED_CONTEXT((#3316)) 
GLOBAL_UNIT_ASSIGNED_CONTEXT((#3313,#3314,#3315)) REPRESENTATION_CONTEXT
('Context #1','3D Context with UNIT and UNCERTAINTY') );
#3313 = ( LENGTH_UNIT() NAMED_UNIT(*) SI_UNIT(.MILLI.,.METRE.) );
#3314 = ( NAMED_UNIT(*) PLANE_ANGLE_UNIT() SI_UNIT($,.RADIAN.) );
#3315 = ( NAMED_UNIT(*) SI_UNIT($,.STERADIAN.) SOLID_ANGLE_UNIT() );
#3316 = UNCERTAINTY_MEASURE_WITH_UNIT(LENGTH_MEASURE(1.E-07),#3313,
  'distance_accuracy_value','confusion accuracy');
#3317 = CONTEXT_DEPENDENT_SHAPE_REPRESENTATION(#3318,#3320);
#3318 = ( REPRESENTATION_RELATIONSHIP('','',#3127,#10) 
REPRESENTATION_RELATIONSHIP_WITH_TRANSFORMATION(#3319) 
SHAPE_REPRESENTATION_RELATIONSHIP() );
#3319 = ITEM_DEFINED_TRANSFORMATION('','',#11,#27);
#3320 = PRODUCT_DEFINITION_SHAPE('Placement','Placement of an item',
  #3321);
#3321 = NEXT_ASSEMBLY_USAGE_OCCURRENCE('22','Pad','',#5,#3122,$);
#3322 = PRODUCT_RELATED_PRODUCT_CATEGORY('part',$,(#3124));
#3323 = SHAPE_DEFINITION_REPRESENTATION(#3324,#3330);
#3324 = PRODUCT_DEFINITION_SHAPE('','',#3325);
#3325 = PRODUCT_DEFINITION('design','',#3326,#3329);
#3326 = PRODUCT_DEFINITION_FORMATION('','',#3327);
#3327 = PRODUCT('Pad001','Pad001','',(#3328));
#3328 = PRODUCT_CONTEXT('',#2,'mechanical');
#3329 = PRODUCT_DEFINITION_CONTEXT('part definition',#2,'design');
#3330 = SHAPE_REPRESENTATION('',(#11,#3331,#3423,#3515),#3568);
#3331 = MANIFOLD_SOLID_BREP('',#3332);
#3332 = CLOSED_SHELL('',(#3333,#3366,#3399,#3411));
#3333 = ADVANCED_FACE('',(#3334),#3361,.T.);
#3334 = FACE_BOUND('',#3335,.F.);
#3335 = EDGE_LOOP('',(#3336,#3346,#3353,#3354));
#3336 = ORIENTED_EDGE('',*,*,#3337,.T.);
#3337 = EDGE_CURVE('',#3338,#3340,#3342,.T.);
#3338 = VERTEX_POINT('',#3339);
#3339 = CARTESIAN_POINT('',(53.02,0.,0.));
#3340 = VERTEX_POINT('',#3341);
#3341 = CARTESIAN_POINT('',(53.02,0.,5.));
#3342 = LINE('',#3343,#3344);
#3343 = CARTESIAN_POINT('',(53.02,0.,0.));
#3344 = VECTOR('',#3345,1.);
#3345 = DIRECTION('',(0.,0.,1.));
#3346 = ORIENTED_EDGE('',*,*,#3347,.T.);
#3347 = EDGE_CURVE('',#3340,#3340,#3348,.T.);
#3348 = CIRCLE('',#3349,53.02);
#3349 = AXIS2_PLACEMENT_3D('',#3350,#3351,#3352);
#3350 = CARTESIAN_POINT('',(0.,0.,5.));
#3351 = DIRECTION('',(0.,0.,1.));
#3352 = DIRECTION('',(1.,0.,0.));
#3353 = ORIENTED_EDGE('',*,*,#3337,.F.);
#3354 = ORIENTED_EDGE('',*,*,#3355,.F.);
#3355 = EDGE_CURVE('',#3338,#3338,#3356,.T.);
#3356 = CIRCLE('',#3357,53.02);
#3357 = AXIS2_PLACEMENT_3D('',#3358,#3359,#3360);
#3358 = CARTESIAN_POINT('',(0.,0.,0.));
#3359 = DIRECTION('',(0.,0.,1.));
#3360 = DIRECTION('',(1.,0.,0.));
#3361 = CYLINDRICAL_SURFACE('',#3362,53.02);
#3362 = AXIS2_PLACEMENT_3D('',#3363,#3364,#3365);
#3363 = CARTESIAN_POINT('',(0.,0.,0.));
#3364 = DIRECTION('',(-0.,-0.,-1.));
#3365 = DIRECTION('',(1.,0.,0.));
#3366 = ADVANCED_FACE('',(#3367),#3394,.F.);
#3367 = FACE_BOUND('',#3368,.T.);
#3368 = EDGE_LOOP('',(#3369,#3379,#3386,#3387));
#3369 = ORIENTED_EDGE('',*,*,#3370,.T.);
#3370 = EDGE_CURVE('',#3371,#3373,#3375,.T.);
#3371 = VERTEX_POINT('',#3372);
#3372 = CARTESIAN_POINT('',(51.02,0.,0.));
#3373 = VERTEX_POINT('',#3374);
#3374 = CARTESIAN_POINT('',(51.02,0.,5.));
#3375 = LINE('',#3376,#3377);
#3376 = CARTESIAN_POINT('',(51.02,0.,0.));
#3377 = VECTOR('',#3378,1.);
#3378 = DIRECTION('',(0.,0.,1.));
#3379 = ORIENTED_EDGE('',*,*,#3380,.T.);
#3380 = EDGE_CURVE('',#3373,#3373,#3381,.T.);
#3381 = CIRCLE('',#3382,51.02);
#3382 = AXIS2_PLACEMENT_3D('',#3383,#3384,#3385);
#3383 = CARTESIAN_POINT('',(0.,0.,5.));
#3384 = DIRECTION('',(0.,0.,1.));
#3385 = DIRECTION('',(1.,0.,0.));
#3386 = ORIENTED_EDGE('',*,*,#3370,.F.);
#3387 = ORIENTED_EDGE('',*,*,#3388,.F.);
#3388 = EDGE_CURVE('',#3371,#3371,#3389,.T.);
#3389 = CIRCLE('',#3390,51.02);
#3390 = AXIS2_PLACEMENT_3D('',#3391,#3392,#3393);
#3391 = CARTESIAN_POINT('',(0.,0.,0.));
#3392 = DIRECTION('',(0.,0.,1.));
#3393 = DIRECTION('',(1.,0.,0.));
#3394 = CYLINDRICAL_SURFACE('',#3395,51.02);
#3395 = AXIS2_PLACEMENT_3D('',#3396,#3397,#3398);
#3396 = CARTESIAN_POINT('',(0.,0.,0.));
#3397 = DIRECTION('',(-0.,-0.,-1.));
#3398 = DIRECTION('',(1.,0.,0.));
#3399 = ADVANCED_FACE('',(#3400,#3403),#3406,.F.);
#3400 = FACE_BOUND('',#3401,.F.);
#3401 = EDGE_LOOP('',(#3402));
#3402 = ORIENTED_EDGE('',*,*,#3355,.T.);
#3403 = FACE_BOUND('',#3404,.T.);
#3404 = EDGE_LOOP('',(#3405));
#3405 = ORIENTED_EDGE('',*,*,#3388,.T.);
#3406 = PLANE('',#3407);
#3407 = AXIS2_PLACEMENT_3D('',#3408,#3409,#3410);
#3408 = CARTESIAN_POINT('',(-2.27E-15,2.78E-15,0.));
#3409 = DIRECTION('',(0.,0.,1.));
#3410 = DIRECTION('',(1.,0.,0.));
#3411 = ADVANCED_FACE('',(#3412,#3415),#3418,.T.);
#3412 = FACE_BOUND('',#3413,.T.);
#3413 = EDGE_LOOP('',(#3414));
#3414 = ORIENTED_EDGE('',*,*,#3347,.T.);
#3415 = FACE_BOUND('',#3416,.F.);
#3416 = EDGE_LOOP('',(#3417));
#3417 = ORIENTED_EDGE('',*,*,#3380,.T.);
#3418 = PLANE('',#3419);
#3419 = AXIS2_PLACEMENT_3D('',#3420,#3421,#3422);
#3420 = CARTESIAN_POINT('',(-2.27E-15,2.78E-15,5.));
#3421 = DIRECTION('',(0.,0.,1.));
#3422 = DIRECTION('',(1.,0.,0.));
#3423 = MANIFOLD_SOLID_BREP('',#3424);
#3424 = CLOSED_SHELL('',(#3425,#3458,#3491,#3503));
#3425 = ADVANCED_FACE('',(#3426),#3453,.T.);
#3426 = FACE_BOUND('',#3427,.F.);
#3427 = EDGE_LOOP('',(#3428,#3438,#3445,#3446));
#3428 = ORIENTED_EDGE('',*,*,#3429,.T.);
#3429 = EDGE_CURVE('',#3430,#3432,#3434,.T.);
#3430 = VERTEX_POINT('',#3431);
#3431 = CARTESIAN_POINT('',(45.295,0.,0.));
#3432 = VERTEX_POINT('',#3433);
#3433 = CARTESIAN_POINT('',(45.295,0.,5.));
#3434 = LINE('',#3435,#3436);
#3435 = CARTESIAN_POINT('',(45.295,0.,0.));
#3436 = VECTOR('',#3437,1.);
#3437 = DIRECTION('',(0.,0.,1.));
#3438 = ORIENTED_EDGE('',*,*,#3439,.T.);
#3439 = EDGE_CURVE('',#3432,#3432,#3440,.T.);
#3440 = CIRCLE('',#3441,45.295);
#3441 = AXIS2_PLACEMENT_3D('',#3442,#3443,#3444);
#3442 = CARTESIAN_POINT('',(0.,0.,5.));
#3443 = DIRECTION('',(0.,0.,1.));
#3444 = DIRECTION('',(1.,0.,0.));
#3445 = ORIENTED_EDGE('',*,*,#3429,.F.);
#3446 = ORIENTED_EDGE('',*,*,#3447,.F.);
#3447 = EDGE_CURVE('',#3430,#3430,#3448,.T.);
#3448 = CIRCLE('',#3449,45.295);
#3449 = AXIS2_PLACEMENT_3D('',#3450,#3451,#3452);
#3450 = CARTESIAN_POINT('',(0.,0.,0.));
#3451 = DIRECTION('',(0.,0.,1.));
#3452 = DIRECTION('',(1.,0.,0.));
#3453 = CYLINDRICAL_SURFACE('',#3454,45.295);
#3454 = AXIS2_PLACEMENT_3D('',#3455,#3456,#3457);
#3455 = CARTESIAN_POINT('',(0.,0.,0.));
#3456 = DIRECTION('',(-0.,-0.,-1.));
#3457 = DIRECTION('',(1.,0.,0.));
#3458 = ADVANCED_FACE('',(#3459),#3486,.F.);
#3459 = FACE_BOUND('',#3460,.T.);
#3460 = EDGE_LOOP('',(#3461,#3471,#3478,#3479));
#3461 = ORIENTED_EDGE('',*,*,#3462,.T.);
#3462 = EDGE_CURVE('',#3463,#3465,#3467,.T.);
#3463 = VERTEX_POINT('',#3464);
#3464 = CARTESIAN_POINT('',(43.295,0.,0.));
#3465 = VERTEX_POINT('',#3466);
#3466 = CARTESIAN_POINT('',(43.295,0.,5.));
#3467 = LINE('',#3468,#3469);
#3468 = CARTESIAN_POINT('',(43.295,0.,0.));
#3469 = VECTOR('',#3470,1.);
#3470 = DIRECTION('',(0.,0.,1.));
#3471 = ORIENTED_EDGE('',*,*,#3472,.T.);
#3472 = EDGE_CURVE('',#3465,#3465,#3473,.T.);
#3473 = CIRCLE('',#3474,43.295);
#3474 = AXIS2_PLACEMENT_3D('',#3475,#3476,#3477);
#3475 = CARTESIAN_POINT('',(0.,0.,5.));
#3476 = DIRECTION('',(0.,0.,1.));
#3477 = DIRECTION('',(1.,0.,0.));
#3478 = ORIENTED_EDGE('',*,*,#3462,.F.);
#3479 = ORIENTED_EDGE('',*,*,#3480,.F.);
#3480 = EDGE_CURVE('',#3463,#3463,#3481,.T.);
#3481 = CIRCLE('',#3482,43.295);
#3482 = AXIS2_PLACEMENT_3D('',#3483,#3484,#3485);
#3483 = CARTESIAN_POINT('',(0.,0.,0.));
#3484 = DIRECTION('',(0.,0.,1.));
#3485 = DIRECTION('',(1.,0.,0.));
#3486 = CYLINDRICAL_SURFACE('',#3487,43.295);
#3487 = AXIS2_PLACEMENT_3D('',#3488,#3489,#3490);
#3488 = CARTESIAN_POINT('',(0.,0.,0.));
#3489 = DIRECTION('',(-0.,-0.,-1.));
#3490 = DIRECTION('',(1.,0.,0.));
#3491 = ADVANCED_FACE('',(#3492,#3495),#3498,.F.);
#3492 = FACE_BOUND('',#3493,.F.);
#3493 = EDGE_LOOP('',(#3494));
#3494 = ORIENTED_EDGE('',*,*,#3447,.T.);
#3495 = FACE_BOUND('',#3496,.T.);
#3496 = EDGE_LOOP('',(#3497));
#3497 = ORIENTED_EDGE('',*,*,#3480,.T.);
#3498 = PLANE('',#3499);
#3499 = AXIS2_PLACEMENT_3D('',#3500,#3501,#3502);
#3500 = CARTESIAN_POINT('',(-2.27E-15,2.78E-15,0.));
#3501 = DIRECTION('',(0.,0.,1.));
#3502 = DIRECTION('',(1.,0.,0.));
#3503 = ADVANCED_FACE('',(#3504,#3507),#3510,.T.);
#3504 = FACE_BOUND('',#3505,.T.);
#3505 = EDGE_LOOP('',(#3506));
#3506 = ORIENTED_EDGE('',*,*,#3439,.T.);
#3507 = FACE_BOUND('',#3508,.F.);
#3508 = EDGE_LOOP('',(#3509));
#3509 = ORIENTED_EDGE('',*,*,#3472,.T.);
#3510 = PLANE('',#3511);
#3511 = AXIS2_PLACEMENT_3D('',#3512,#3513,#3514);
#3512 = CARTESIAN_POINT('',(-2.27E-15,2.78E-15,5.));
#3513 = DIRECTION('',(0.,0.,1.));
#3514 = DIRECTION('',(1.,0.,0.));
#3515 = MANIFOLD_SOLID_BREP('',#3516);
#3516 = CLOSED_SHELL('',(#3517,#3550,#3559));
#3517 = ADVANCED_FACE('',(#3518),#3545,.T.);
#3518 = FACE_BOUND('',#3519,.F.);
#3519 = EDGE_LOOP('',(#3520,#3530,#3537,#3538));
#3520 = ORIENTED_EDGE('',*,*,#3521,.T.);
#3521 = EDGE_CURVE('',#3522,#3524,#3526,.T.);
#3522 = VERTEX_POINT('',#3523);
#3523 = CARTESIAN_POINT('',(25.,0.,0.));
#3524 = VERTEX_POINT('',#3525);
#3525 = CARTESIAN_POINT('',(25.,0.,102.));
#3526 = LINE('',#3527,#3528);
#3527 = CARTESIAN_POINT('',(25.,0.,0.));
#3528 = VECTOR('',#3529,1.);
#3529 = DIRECTION('',(0.,0.,1.));
#3530 = ORIENTED_EDGE('',*,*,#3531,.T.);
#3531 = EDGE_CURVE('',#3524,#3524,#3532,.T.);
#3532 = CIRCLE('',#3533,25.);
#3533 = AXIS2_PLACEMENT_3D('',#3534,#3535,#3536);
#3534 = CARTESIAN_POINT('',(0.,0.,102.));
#3535 = DIRECTION('',(0.,0.,1.));
#3536 = DIRECTION('',(1.,0.,0.));
#3537 = ORIENTED_EDGE('',*,*,#3521,.F.);
#3538 = ORIENTED_EDGE('',*,*,#3539,.F.);
#3539 = EDGE_CURVE('',#3522,#3522,#3540,.T.);
#3540 = CIRCLE('',#3541,25.);
#3541 = AXIS2_PLACEMENT_3D('',#3542,#3543,#3544);
#3542 = CARTESIAN_POINT('',(0.,0.,0.));
#3543 = DIRECTION('',(0.,0.,1.));
#3544 = DIRECTION('',(1.,0.,0.));
#3545 = CYLINDRICAL_SURFACE('',#3546,25.);
#3546 = AXIS2_PLACEMENT_3D('',#3547,#3548,#3549);
#3547 = CARTESIAN_POINT('',(0.,0.,0.));
#3548 = DIRECTION('',(-0.,-0.,-1.));
#3549 = DIRECTION('',(1.,0.,0.));
#3550 = ADVANCED_FACE('',(#3551),#3554,.F.);
#3551 = FACE_BOUND('',#3552,.F.);
#3552 = EDGE_LOOP('',(#3553));
#3553 = ORIENTED_EDGE('',*,*,#3539,.T.);
#3554 = PLANE('',#3555);
#3555 = AXIS2_PLACEMENT_3D('',#3556,#3557,#3558);
#3556 = CARTESIAN_POINT('',(-8.751616848252E-16,1.604946055186E-15,0.));
#3557 = DIRECTION('',(0.,0.,1.));
#3558 = DIRECTION('',(1.,0.,0.));
#3559 = ADVANCED_FACE('',(#3560),#3563,.T.);
#3560 = FACE_BOUND('',#3561,.T.);
#3561 = EDGE_LOOP('',(#3562));
#3562 = ORIENTED_EDGE('',*,*,#3531,.T.);
#3563 = PLANE('',#3564);
#3564 = AXIS2_PLACEMENT_3D('',#3565,#3566,#3567);
#3565 = CARTESIAN_POINT('',(-8.751616848252E-16,1.604946055186E-15,102.)
  );
#3566 = DIRECTION('',(0.,0.,1.));
#3567 = DIRECTION('',(1.,0.,0.));
#3568 = ( GEOMETRIC_REPRESENTATION_CONTEXT(3) 
GLOBAL_UNCERTAINTY_ASSIGNED_CONTEXT((#3572)) 
GLOBAL_UNIT_ASSIGNED_CONTEXT((#3569,#3570,#3571)) REPRESENTATION_CONTEXT
('Context #1','3D Context with UNIT and UNCERTAINTY') );
#3569 = ( LENGTH_UNIT() NAMED_UNIT(*) SI_UNIT(.MILLI.,.METRE.) );
#3570 = ( NAMED_UNIT(*) PLANE_ANGLE_UNIT() SI_UNIT($,.RADIAN.) );
#3571 = ( NAMED_UNIT(*) SI_UNIT($,.STERADIAN.) SOLID_ANGLE_UNIT() );
#3572 = UNCERTAINTY_MEASURE_WITH_UNIT(LENGTH_MEASURE(1.E-07),#3569,
  'distance_accuracy_value','confusion accuracy');
#3573 = CONTEXT_DEPENDENT_SHAPE_REPRESENTATION(#3574,#3576);
#3574 = ( REPRESENTATION_RELATIONSHIP('','',#3330,#10) 
REPRESENTATION_RELATIONSHIP_WITH_TRANSFORMATION(#3575) 
SHAPE_REPRESENTATION_RELATIONSHIP() );
#3575 = ITEM_DEFINED_TRANSFORMATION('','',#11,#31);
#3576 = PRODUCT_DEFINITION_SHAPE('Placement','Placement of an item',
  #3577);
#3577 = NEXT_ASSEMBLY_USAGE_OCCURRENCE('23','Pad001','',#5,#3325,$);
#3578 = PRODUCT_RELATED_PRODUCT_CATEGORY('part',$,(#3327));
#3579 = SHAPE_DEFINITION_REPRESENTATION(#3580,#3586);
#3580 = PRODUCT_DEFINITION_SHAPE('','',#3581);
#3581 = PRODUCT_DEFINITION('design','',#3582,#3585);
#3582 = PRODUCT_DEFINITION_FORMATION('','',#3583);
#3583 = PRODUCT('Pad002','Pad002','',(#3584));
#3584 = PRODUCT_CONTEXT('',#2,'mechanical');
#3585 = PRODUCT_DEFINITION_CONTEXT('part definition',#2,'design');
#3586 = ADVANCED_BREP_SHAPE_REPRESENTATION('',(#11,#3587),#3865);
#3587 = MANIFOLD_SOLID_BREP('',#3588);
#3588 = CLOSED_SHELL('',(#3589,#3622,#3642,#3667,#3687,#3712,#3732,#3757
    ,#3777,#3802,#3822,#3847,#3856));
#3589 = ADVANCED_FACE('',(#3590),#3617,.T.);
#3590 = FACE_BOUND('',#3591,.F.);
#3591 = EDGE_LOOP('',(#3592,#3602,#3609,#3610));
#3592 = ORIENTED_EDGE('',*,*,#3593,.T.);
#3593 = EDGE_CURVE('',#3594,#3596,#3598,.T.);
#3594 = VERTEX_POINT('',#3595);
#3595 = CARTESIAN_POINT('',(64.156885,0.,0.));
#3596 = VERTEX_POINT('',#3597);
#3597 = CARTESIAN_POINT('',(64.156885,0.,2.));
#3598 = LINE('',#3599,#3600);
#3599 = CARTESIAN_POINT('',(64.156885,0.,0.));
#3600 = VECTOR('',#3601,1.);
#3601 = DIRECTION('',(0.,0.,1.));
#3602 = ORIENTED_EDGE('',*,*,#3603,.T.);
#3603 = EDGE_CURVE('',#3596,#3596,#3604,.T.);
#3604 = CIRCLE('',#3605,65.);
#3605 = AXIS2_PLACEMENT_3D('',#3606,#3607,#3608);
#3606 = CARTESIAN_POINT('',(-0.843115,0.,2.));
#3607 = DIRECTION('',(0.,0.,1.));
#3608 = DIRECTION('',(1.,0.,0.));
#3609 = ORIENTED_EDGE('',*,*,#3593,.F.);
#3610 = ORIENTED_EDGE('',*,*,#3611,.F.);
#3611 = EDGE_CURVE('',#3594,#3594,#3612,.T.);
#3612 = CIRCLE('',#3613,65.);
#3613 = AXIS2_PLACEMENT_3D('',#3614,#3615,#3616);
#3614 = CARTESIAN_POINT('',(-0.843115,0.,0.));
#3615 = DIRECTION('',(0.,0.,1.));
#3616 = DIRECTION('',(1.,0.,0.));
#3617 = CYLINDRICAL_SURFACE('',#3618,65.);
#3618 = AXIS2_PLACEMENT_3D('',#3619,#3620,#3621);
#3619 = CARTESIAN_POINT('',(-0.843115,0.,0.));
#3620 = DIRECTION('',(-0.,-0.,-1.));
#3621 = DIRECTION('',(1.,0.,0.));
#3622 = ADVANCED_FACE('',(#3623,#3626),#3637,.T.);
#3623 = FACE_BOUND('',#3624,.T.);
#3624 = EDGE_LOOP('',(#3625));
#3625 = ORIENTED_EDGE('',*,*,#3603,.T.);
#3626 = FACE_BOUND('',#3627,.T.);
#3627 = EDGE_LOOP('',(#3628));
#3628 = ORIENTED_EDGE('',*,*,#3629,.T.);
#3629 = EDGE_CURVE('',#3630,#3630,#3632,.T.);
#3630 = VERTEX_POINT('',#3631);
#3631 = CARTESIAN_POINT('',(53.02,0.,2.));
#3632 = CIRCLE('',#3633,53.02);
#3633 = AXIS2_PLACEMENT_3D('',#3634,#3635,#3636);
#3634 = CARTESIAN_POINT('',(0.,0.,2.));
#3635 = DIRECTION('',(0.,0.,-1.));
#3636 = DIRECTION('',(1.,0.,0.));
#3637 = PLANE('',#3638);
#3638 = AXIS2_PLACEMENT_3D('',#3639,#3640,#3641);
#3639 = CARTESIAN_POINT('',(-0.843115,2.732208970003E-15,2.));
#3640 = DIRECTION('',(0.,0.,1.));
#3641 = DIRECTION('',(1.,0.,0.));
#3642 = ADVANCED_FACE('',(#3643),#3662,.T.);
#3643 = FACE_BOUND('',#3644,.F.);
#3644 = EDGE_LOOP('',(#3645,#3646,#3654,#3661));
#3645 = ORIENTED_EDGE('',*,*,#3629,.T.);
#3646 = ORIENTED_EDGE('',*,*,#3647,.T.);
#3647 = EDGE_CURVE('',#3630,#3648,#3650,.T.);
#3648 = VERTEX_POINT('',#3649);
#3649 = CARTESIAN_POINT('',(53.02,0.,5.));
#3650 = LINE('',#3651,#3652);
#3651 = CARTESIAN_POINT('',(53.02,0.,0.));
#3652 = VECTOR('',#3653,1.);
#3653 = DIRECTION('',(0.,0.,1.));
#3654 = ORIENTED_EDGE('',*,*,#3655,.T.);
#3655 = EDGE_CURVE('',#3648,#3648,#3656,.T.);
#3656 = CIRCLE('',#3657,53.02);
#3657 = AXIS2_PLACEMENT_3D('',#3658,#3659,#3660);
#3658 = CARTESIAN_POINT('',(0.,0.,5.));
#3659 = DIRECTION('',(0.,0.,1.));
#3660 = DIRECTION('',(1.,0.,0.));
#3661 = ORIENTED_EDGE('',*,*,#3647,.F.);
#3662 = CYLINDRICAL_SURFACE('',#3663,53.02);
#3663 = AXIS2_PLACEMENT_3D('',#3664,#3665,#3666);
#3664 = CARTESIAN_POINT('',(0.,0.,0.));
#3665 = DIRECTION('',(-0.,-0.,-1.));
#3666 = DIRECTION('',(1.,0.,0.));
#3667 = ADVANCED_FACE('',(#3668,#3671),#3682,.T.);
#3668 = FACE_BOUND('',#3669,.T.);
#3669 = EDGE_LOOP('',(#3670));
#3670 = ORIENTED_EDGE('',*,*,#3655,.T.);
#3671 = FACE_BOUND('',#3672,.F.);
#3672 = EDGE_LOOP('',(#3673));
#3673 = ORIENTED_EDGE('',*,*,#3674,.T.);
#3674 = EDGE_CURVE('',#3675,#3675,#3677,.T.);
#3675 = VERTEX_POINT('',#3676);
#3676 = CARTESIAN_POINT('',(51.02,0.,5.));
#3677 = CIRCLE('',#3678,51.02);
#3678 = AXIS2_PLACEMENT_3D('',#3679,#3680,#3681);
#3679 = CARTESIAN_POINT('',(0.,0.,5.));
#3680 = DIRECTION('',(0.,0.,1.));
#3681 = DIRECTION('',(1.,0.,0.));
#3682 = PLANE('',#3683);
#3683 = AXIS2_PLACEMENT_3D('',#3684,#3685,#3686);
#3684 = CARTESIAN_POINT('',(-2.27E-15,2.78E-15,5.));
#3685 = DIRECTION('',(0.,0.,1.));
#3686 = DIRECTION('',(1.,0.,0.));
#3687 = ADVANCED_FACE('',(#3688),#3707,.F.);
#3688 = FACE_BOUND('',#3689,.T.);
#3689 = EDGE_LOOP('',(#3690,#3699,#3705,#3706));
#3690 = ORIENTED_EDGE('',*,*,#3691,.T.);
#3691 = EDGE_CURVE('',#3692,#3692,#3694,.T.);
#3692 = VERTEX_POINT('',#3693);
#3693 = CARTESIAN_POINT('',(51.02,0.,2.));
#3694 = CIRCLE('',#3695,51.02);
#3695 = AXIS2_PLACEMENT_3D('',#3696,#3697,#3698);
#3696 = CARTESIAN_POINT('',(0.,0.,2.));
#3697 = DIRECTION('',(0.,0.,-1.));
#3698 = DIRECTION('',(1.,0.,0.));
#3699 = ORIENTED_EDGE('',*,*,#3700,.T.);
#3700 = EDGE_CURVE('',#3692,#3675,#3701,.T.);
#3701 = LINE('',#3702,#3703);
#3702 = CARTESIAN_POINT('',(51.02,0.,0.));
#3703 = VECTOR('',#3704,1.);
#3704 = DIRECTION('',(0.,0.,1.));
#3705 = ORIENTED_EDGE('',*,*,#3674,.T.);
#3706 = ORIENTED_EDGE('',*,*,#3700,.F.);
#3707 = CYLINDRICAL_SURFACE('',#3708,51.02);
#3708 = AXIS2_PLACEMENT_3D('',#3709,#3710,#3711);
#3709 = CARTESIAN_POINT('',(0.,0.,0.));
#3710 = DIRECTION('',(-0.,-0.,-1.));
#3711 = DIRECTION('',(1.,0.,0.));
#3712 = ADVANCED_FACE('',(#3713,#3716),#3727,.T.);
#3713 = FACE_BOUND('',#3714,.T.);
#3714 = EDGE_LOOP('',(#3715));
#3715 = ORIENTED_EDGE('',*,*,#3691,.F.);
#3716 = FACE_BOUND('',#3717,.T.);
#3717 = EDGE_LOOP('',(#3718));
#3718 = ORIENTED_EDGE('',*,*,#3719,.T.);
#3719 = EDGE_CURVE('',#3720,#3720,#3722,.T.);
#3720 = VERTEX_POINT('',#3721);
#3721 = CARTESIAN_POINT('',(45.295,0.,2.));
#3722 = CIRCLE('',#3723,45.295);
#3723 = AXIS2_PLACEMENT_3D('',#3724,#3725,#3726);
#3724 = CARTESIAN_POINT('',(0.,0.,2.));
#3725 = DIRECTION('',(0.,0.,-1.));
#3726 = DIRECTION('',(1.,0.,0.));
#3727 = PLANE('',#3728);
#3728 = AXIS2_PLACEMENT_3D('',#3729,#3730,#3731);
#3729 = CARTESIAN_POINT('',(-0.843115,2.732208970003E-15,2.));
#3730 = DIRECTION('',(0.,0.,1.));
#3731 = DIRECTION('',(1.,0.,0.));
#3732 = ADVANCED_FACE('',(#3733),#3752,.T.);
#3733 = FACE_BOUND('',#3734,.F.);
#3734 = EDGE_LOOP('',(#3735,#3736,#3744,#3751));
#3735 = ORIENTED_EDGE('',*,*,#3719,.T.);
#3736 = ORIENTED_EDGE('',*,*,#3737,.T.);
#3737 = EDGE_CURVE('',#3720,#3738,#3740,.T.);
#3738 = VERTEX_POINT('',#3739);
#3739 = CARTESIAN_POINT('',(45.295,0.,5.));
#3740 = LINE('',#3741,#3742);
#3741 = CARTESIAN_POINT('',(45.295,0.,0.));
#3742 = VECTOR('',#3743,1.);
#3743 = DIRECTION('',(0.,0.,1.));
#3744 = ORIENTED_EDGE('',*,*,#3745,.T.);
#3745 = EDGE_CURVE('',#3738,#3738,#3746,.T.);
#3746 = CIRCLE('',#3747,45.295);
#3747 = AXIS2_PLACEMENT_3D('',#3748,#3749,#3750);
#3748 = CARTESIAN_POINT('',(0.,0.,5.));
#3749 = DIRECTION('',(0.,0.,1.));
#3750 = DIRECTION('',(1.,0.,0.));
#3751 = ORIENTED_EDGE('',*,*,#3737,.F.);
#3752 = CYLINDRICAL_SURFACE('',#3753,45.295);
#3753 = AXIS2_PLACEMENT_3D('',#3754,#3755,#3756);
#3754 = CARTESIAN_POINT('',(0.,0.,0.));
#3755 = DIRECTION('',(-0.,-0.,-1.));
#3756 = DIRECTION('',(1.,0.,0.));
#3757 = ADVANCED_FACE('',(#3758,#3761),#3772,.T.);
#3758 = FACE_BOUND('',#3759,.T.);
#3759 = EDGE_LOOP('',(#3760));
#3760 = ORIENTED_EDGE('',*,*,#3745,.T.);
#3761 = FACE_BOUND('',#3762,.F.);
#3762 = EDGE_LOOP('',(#3763));
#3763 = ORIENTED_EDGE('',*,*,#3764,.T.);
#3764 = EDGE_CURVE('',#3765,#3765,#3767,.T.);
#3765 = VERTEX_POINT('',#3766);
#3766 = CARTESIAN_POINT('',(43.295,0.,5.));
#3767 = CIRCLE('',#3768,43.295);
#3768 = AXIS2_PLACEMENT_3D('',#3769,#3770,#3771);
#3769 = CARTESIAN_POINT('',(0.,0.,5.));
#3770 = DIRECTION('',(0.,0.,1.));
#3771 = DIRECTION('',(1.,0.,0.));
#3772 = PLANE('',#3773);
#3773 = AXIS2_PLACEMENT_3D('',#3774,#3775,#3776);
#3774 = CARTESIAN_POINT('',(-2.27E-15,2.78E-15,5.));
#3775 = DIRECTION('',(0.,0.,1.));
#3776 = DIRECTION('',(1.,0.,0.));
#3777 = ADVANCED_FACE('',(#3778),#3797,.F.);
#3778 = FACE_BOUND('',#3779,.T.);
#3779 = EDGE_LOOP('',(#3780,#3789,#3795,#3796));
#3780 = ORIENTED_EDGE('',*,*,#3781,.T.);
#3781 = EDGE_CURVE('',#3782,#3782,#3784,.T.);
#3782 = VERTEX_POINT('',#3783);
#3783 = CARTESIAN_POINT('',(43.295,0.,2.));
#3784 = CIRCLE('',#3785,43.295);
#3785 = AXIS2_PLACEMENT_3D('',#3786,#3787,#3788);
#3786 = CARTESIAN_POINT('',(0.,0.,2.));
#3787 = DIRECTION('',(0.,0.,-1.));
#3788 = DIRECTION('',(1.,0.,0.));
#3789 = ORIENTED_EDGE('',*,*,#3790,.T.);
#3790 = EDGE_CURVE('',#3782,#3765,#3791,.T.);
#3791 = LINE('',#3792,#3793);
#3792 = CARTESIAN_POINT('',(43.295,0.,0.));
#3793 = VECTOR('',#3794,1.);
#3794 = DIRECTION('',(0.,0.,1.));
#3795 = ORIENTED_EDGE('',*,*,#3764,.T.);
#3796 = ORIENTED_EDGE('',*,*,#3790,.F.);
#3797 = CYLINDRICAL_SURFACE('',#3798,43.295);
#3798 = AXIS2_PLACEMENT_3D('',#3799,#3800,#3801);
#3799 = CARTESIAN_POINT('',(0.,0.,0.));
#3800 = DIRECTION('',(-0.,-0.,-1.));
#3801 = DIRECTION('',(1.,0.,0.));
#3802 = ADVANCED_FACE('',(#3803,#3806),#3817,.T.);
#3803 = FACE_BOUND('',#3804,.T.);
#3804 = EDGE_LOOP('',(#3805));
#3805 = ORIENTED_EDGE('',*,*,#3781,.F.);
#3806 = FACE_BOUND('',#3807,.T.);
#3807 = EDGE_LOOP('',(#3808));
#3808 = ORIENTED_EDGE('',*,*,#3809,.T.);
#3809 = EDGE_CURVE('',#3810,#3810,#3812,.T.);
#3810 = VERTEX_POINT('',#3811);
#3811 = CARTESIAN_POINT('',(25.,0.,2.));
#3812 = CIRCLE('',#3813,25.);
#3813 = AXIS2_PLACEMENT_3D('',#3814,#3815,#3816);
#3814 = CARTESIAN_POINT('',(0.,0.,2.));
#3815 = DIRECTION('',(0.,0.,-1.));
#3816 = DIRECTION('',(1.,0.,0.));
#3817 = PLANE('',#3818);
#3818 = AXIS2_PLACEMENT_3D('',#3819,#3820,#3821);
#3819 = CARTESIAN_POINT('',(-0.843115,2.732208970003E-15,2.));
#3820 = DIRECTION('',(0.,0.,1.));
#3821 = DIRECTION('',(1.,0.,0.));
#3822 = ADVANCED_FACE('',(#3823),#3842,.T.);
#3823 = FACE_BOUND('',#3824,.F.);
#3824 = EDGE_LOOP('',(#3825,#3826,#3834,#3841));
#3825 = ORIENTED_EDGE('',*,*,#3809,.T.);
#3826 = ORIENTED_EDGE('',*,*,#3827,.T.);
#3827 = EDGE_CURVE('',#3810,#3828,#3830,.T.);
#3828 = VERTEX_POINT('',#3829);
#3829 = CARTESIAN_POINT('',(25.,0.,102.));
#3830 = LINE('',#3831,#3832);
#3831 = CARTESIAN_POINT('',(25.,0.,0.));
#3832 = VECTOR('',#3833,1.);
#3833 = DIRECTION('',(0.,0.,1.));
#3834 = ORIENTED_EDGE('',*,*,#3835,.T.);
#3835 = EDGE_CURVE('',#3828,#3828,#3836,.T.);
#3836 = CIRCLE('',#3837,25.);
#3837 = AXIS2_PLACEMENT_3D('',#3838,#3839,#3840);
#3838 = CARTESIAN_POINT('',(0.,0.,102.));
#3839 = DIRECTION('',(0.,0.,1.));
#3840 = DIRECTION('',(1.,0.,0.));
#3841 = ORIENTED_EDGE('',*,*,#3827,.F.);
#3842 = CYLINDRICAL_SURFACE('',#3843,25.);
#3843 = AXIS2_PLACEMENT_3D('',#3844,#3845,#3846);
#3844 = CARTESIAN_POINT('',(0.,0.,0.));
#3845 = DIRECTION('',(-0.,-0.,-1.));
#3846 = DIRECTION('',(1.,0.,0.));
#3847 = ADVANCED_FACE('',(#3848),#3851,.T.);
#3848 = FACE_BOUND('',#3849,.T.);
#3849 = EDGE_LOOP('',(#3850));
#3850 = ORIENTED_EDGE('',*,*,#3835,.T.);
#3851 = PLANE('',#3852);
#3852 = AXIS2_PLACEMENT_3D('',#3853,#3854,#3855);
#3853 = CARTESIAN_POINT('',(-8.751616848252E-16,1.604946055186E-15,102.)
  );
#3854 = DIRECTION('',(0.,0.,1.));
#3855 = DIRECTION('',(1.,0.,0.));
#3856 = ADVANCED_FACE('',(#3857),#3860,.T.);
#3857 = FACE_BOUND('',#3858,.T.);
#3858 = EDGE_LOOP('',(#3859));
#3859 = ORIENTED_EDGE('',*,*,#3611,.F.);
#3860 = PLANE('',#3861);
#3861 = AXIS2_PLACEMENT_3D('',#3862,#3863,#3864);
#3862 = CARTESIAN_POINT('',(-0.843115,2.732208970003E-15,0.));
#3863 = DIRECTION('',(-0.,-0.,-1.));
#3864 = DIRECTION('',(-1.,0.,0.));
#3865 = ( GEOMETRIC_REPRESENTATION_CONTEXT(3) 
GLOBAL_UNCERTAINTY_ASSIGNED_CONTEXT((#3869)) 
GLOBAL_UNIT_ASSIGNED_CONTEXT((#3866,#3867,#3868)) REPRESENTATION_CONTEXT
('Context #1','3D Context with UNIT and UNCERTAINTY') );
#3866 = ( LENGTH_UNIT() NAMED_UNIT(*) SI_UNIT(.MILLI.,.METRE.) );
#3867 = ( NAMED_UNIT(*) PLANE_ANGLE_UNIT() SI_UNIT($,.RADIAN.) );
#3868 = ( NAMED_UNIT(*) SI_UNIT($,.STERADIAN.) SOLID_ANGLE_UNIT() );
#3869 = UNCERTAINTY_MEASURE_WITH_UNIT(LENGTH_MEASURE(1.E-07),#3866,
  'distance_accuracy_value','confusion accuracy');
#3870 = CONTEXT_DEPENDENT_SHAPE_REPRESENTATION(#3871,#3873);
#3871 = ( REPRESENTATION_RELATIONSHIP('','',#3586,#10) 
REPRESENTATION_RELATIONSHIP_WITH_TRANSFORMATION(#3872) 
SHAPE_REPRESENTATION_RELATIONSHIP() );
#3872 = ITEM_DEFINED_TRANSFORMATION('','',#11,#35);
#3873 = PRODUCT_DEFINITION_SHAPE('Placement','Placement of an item',
  #3874);
#3874 = NEXT_ASSEMBLY_USAGE_OCCURRENCE('24','Pad002','',#5,#3581,$);
#3875 = PRODUCT_RELATED_PRODUCT_CATEGORY('part',$,(#3583));
#3876 = SHAPE_DEFINITION_REPRESENTATION(#3877,#3883);
#3877 = PRODUCT_DEFINITION_SHAPE('','',#3878);
#3878 = PRODUCT_DEFINITION('design','',#3879,#3882);
#3879 = PRODUCT_DEFINITION_FORMATION('','',#3880);
#3880 = PRODUCT('Sketch','Sketch','',(#3881));
#3881 = PRODUCT_CONTEXT('',#2,'mechanical');
#3882 = PRODUCT_DEFINITION_CONTEXT('part definition',#2,'design');
#3883 = SHAPE_REPRESENTATION('',(#11,#3884,#3893,#3902,#3911),#3920);
#3884 = GEOMETRIC_CURVE_SET('',(#3885));
#3885 = TRIMMED_CURVE('',#3886,(#3891,PARAMETER_VALUE(0.)),(#3892,
    PARAMETER_VALUE(6.28318530718)),.T.,.PARAMETER.);
#3886 = CIRCLE('',#3887,53.02);
#3887 = AXIS2_PLACEMENT_3D('',#3888,#3889,#3890);
#3888 = CARTESIAN_POINT('',(0.,0.,0.));
#3889 = DIRECTION('',(0.,0.,1.));
#3890 = DIRECTION('',(1.,0.,-0.));
#3891 = CARTESIAN_POINT('',(53.02,0.,0.));
#3892 = CARTESIAN_POINT('',(53.02,0.,0.));
#3893 = GEOMETRIC_CURVE_SET('',(#3894));
#3894 = TRIMMED_CURVE('',#3895,(#3900,PARAMETER_VALUE(0.)),(#3901,
    PARAMETER_VALUE(6.28318530718)),.T.,.PARAMETER.);
#3895 = CIRCLE('',#3896,51.02);
#3896 = AXIS2_PLACEMENT_3D('',#3897,#3898,#3899);
#3897 = CARTESIAN_POINT('',(0.,0.,0.));
#3898 = DIRECTION('',(0.,0.,1.));
#3899 = DIRECTION('',(1.,0.,-0.));
#3900 = CARTESIAN_POINT('',(51.02,0.,0.));
#3901 = CARTESIAN_POINT('',(51.02,0.,0.));
#3902 = GEOMETRIC_CURVE_SET('',(#3903));
#3903 = TRIMMED_CURVE('',#3904,(#3909,PARAMETER_VALUE(0.)),(#3910,
    PARAMETER_VALUE(6.28318530718)),.T.,.PARAMETER.);
#3904 = CIRCLE('',#3905,45.295);
#3905 = AXIS2_PLACEMENT_3D('',#3906,#3907,#3908);
#3906 = CARTESIAN_POINT('',(0.,0.,0.));
#3907 = DIRECTION('',(0.,0.,1.));
#3908 = DIRECTION('',(1.,0.,-0.));
#3909 = CARTESIAN_POINT('',(45.295,0.,0.));
#3910 = CARTESIAN_POINT('',(45.295,0.,0.));
#3911 = GEOMETRIC_CURVE_SET('',(#3912));
#3912 = TRIMMED_CURVE('',#3913,(#3918,PARAMETER_VALUE(0.)),(#3919,
    PARAMETER_VALUE(6.28318530718)),.T.,.PARAMETER.);
#3913 = CIRCLE('',#3914,43.295);
#3914 = AXIS2_PLACEMENT_3D('',#3915,#3916,#3917);
#3915 = CARTESIAN_POINT('',(0.,0.,0.));
#3916 = DIRECTION('',(0.,0.,1.));
#3917 = DIRECTION('',(1.,0.,-0.));
#3918 = CARTESIAN_POINT('',(43.295,0.,0.));
#3919 = CARTESIAN_POINT('',(43.295,0.,0.));
#3920 = ( GEOMETRIC_REPRESENTATION_CONTEXT(3) 
GLOBAL_UNCERTAINTY_ASSIGNED_CONTEXT((#3924)) 
GLOBAL_UNIT_ASSIGNED_CONTEXT((#3921,#3922,#3923)) REPRESENTATION_CONTEXT
('Context #1','3D Context with UNIT and UNCERTAINTY') );
#3921 = ( LENGTH_UNIT() NAMED_UNIT(*) SI_UNIT(.MILLI.,.METRE.) );
#3922 = ( NAMED_UNIT(*) PLANE_ANGLE_UNIT() SI_UNIT($,.RADIAN.) );
#3923 = ( NAMED_UNIT(*) SI_UNIT($,.STERADIAN.) SOLID_ANGLE_UNIT() );
#3924 = UNCERTAINTY_MEASURE_WITH_UNIT(LENGTH_MEASURE(1.E-07),#3921,
  'distance_accuracy_value','confusion accuracy');
#3925 = CONTEXT_DEPENDENT_SHAPE_REPRESENTATION(#3926,#3928);
#3926 = ( REPRESENTATION_RELATIONSHIP('','',#3883,#10) 
REPRESENTATION_RELATIONSHIP_WITH_TRANSFORMATION(#3927) 
SHAPE_REPRESENTATION_RELATIONSHIP() );
#3927 = ITEM_DEFINED_TRANSFORMATION('','',#11,#39);
#3928 = PRODUCT_DEFINITION_SHAPE('Placement','Placement of an item',
  #3929);
#3929 = NEXT_ASSEMBLY_USAGE_OCCURRENCE('25','Sketch','',#5,#3878,$);
#3930 = PRODUCT_RELATED_PRODUCT_CATEGORY('part',$,(#3880));
#3931 = SHAPE_DEFINITION_REPRESENTATION(#3932,#3938);
#3932 = PRODUCT_DEFINITION_SHAPE('','',#3933);
#3933 = PRODUCT_DEFINITION('design','',#3934,#3937);
#3934 = PRODUCT_DEFINITION_FORMATION('','',#3935);
#3935 = PRODUCT('Sketch001','Sketch001','',(#3936));
#3936 = PRODUCT_CONTEXT('',#2,'mechanical');
#3937 = PRODUCT_DEFINITION_CONTEXT('part definition',#2,'design');
#3938 = GEOMETRICALLY_BOUNDED_WIREFRAME_SHAPE_REPRESENTATION('',(#11,
    #3939),#3948);
#3939 = GEOMETRIC_CURVE_SET('',(#3940));
#3940 = TRIMMED_CURVE('',#3941,(#3946,PARAMETER_VALUE(0.)),(#3947,
    PARAMETER_VALUE(6.28318530718)),.T.,.PARAMETER.);
#3941 = CIRCLE('',#3942,25.);
#3942 = AXIS2_PLACEMENT_3D('',#3943,#3944,#3945);
#3943 = CARTESIAN_POINT('',(0.,0.,0.));
#3944 = DIRECTION('',(0.,0.,1.));
#3945 = DIRECTION('',(1.,0.,-0.));
#3946 = CARTESIAN_POINT('',(25.,0.,0.));
#3947 = CARTESIAN_POINT('',(25.,0.,0.));
#3948 = ( GEOMETRIC_REPRESENTATION_CONTEXT(3) 
GLOBAL_UNCERTAINTY_ASSIGNED_CONTEXT((#3952)) 
GLOBAL_UNIT_ASSIGNED_CONTEXT((#3949,#3950,#3951)) REPRESENTATION_CONTEXT
('Context #1','3D Context with UNIT and UNCERTAINTY') );
#3949 = ( LENGTH_UNIT() NAMED_UNIT(*) SI_UNIT(.MILLI.,.METRE.) );
#3950 = ( NAMED_UNIT(*) PLANE_ANGLE_UNIT() SI_UNIT($,.RADIAN.) );
#3951 = ( NAMED_UNIT(*) SI_UNIT($,.STERADIAN.) SOLID_ANGLE_UNIT() );
#3952 = UNCERTAINTY_MEASURE_WITH_UNIT(LENGTH_MEASURE(1.E-07),#3949,
  'distance_accuracy_value','confusion accuracy');
#3953 = CONTEXT_DEPENDENT_SHAPE_REPRESENTATION(#3954,#3956);
#3954 = ( REPRESENTATION_RELATIONSHIP('','',#3938,#10) 
REPRESENTATION_RELATIONSHIP_WITH_TRANSFORMATION(#3955) 
SHAPE_REPRESENTATION_RELATIONSHIP() );
#3955 = ITEM_DEFINED_TRANSFORMATION('','',#11,#43);
#3956 = PRODUCT_DEFINITION_SHAPE('Placement','Placement of an item',
  #3957);
#3957 = NEXT_ASSEMBLY_USAGE_OCCURRENCE('26','Sketch001','',#5,#3933,$);
#3958 = PRODUCT_RELATED_PRODUCT_CATEGORY('part',$,(#3935));
#3959 = SHAPE_DEFINITION_REPRESENTATION(#3960,#3966);
#3960 = PRODUCT_DEFINITION_SHAPE('','',#3961);
#3961 = PRODUCT_DEFINITION('design','',#3962,#3965);
#3962 = PRODUCT_DEFINITION_FORMATION('','',#3963);
#3963 = PRODUCT('Sketch002','Sketch002','',(#3964));
#3964 = PRODUCT_CONTEXT('',#2,'mechanical');
#3965 = PRODUCT_DEFINITION_CONTEXT('part definition',#2,'design');
#3966 = GEOMETRICALLY_BOUNDED_WIREFRAME_SHAPE_REPRESENTATION('',(#11,
    #3967),#3976);
#3967 = GEOMETRIC_CURVE_SET('',(#3968));
#3968 = TRIMMED_CURVE('',#3969,(#3974,PARAMETER_VALUE(0.)),(#3975,
    PARAMETER_VALUE(6.28318530718)),.T.,.PARAMETER.);
#3969 = CIRCLE('',#3970,65.);
#3970 = AXIS2_PLACEMENT_3D('',#3971,#3972,#3973);
#3971 = CARTESIAN_POINT('',(-0.843115,0.,0.));
#3972 = DIRECTION('',(0.,0.,1.));
#3973 = DIRECTION('',(1.,0.,0.));
#3974 = CARTESIAN_POINT('',(64.156885,0.,0.));
#3975 = CARTESIAN_POINT('',(64.156885,0.,0.));
#3976 = ( GEOMETRIC_REPRESENTATION_CONTEXT(3) 
GLOBAL_UNCERTAINTY_ASSIGNED_CONTEXT((#3980)) 
GLOBAL_UNIT_ASSIGNED_CONTEXT((#3977,#3978,#3979)) REPRESENTATION_CONTEXT
('Context #1','3D Context with UNIT and UNCERTAINTY') );
#3977 = ( LENGTH_UNIT() NAMED_UNIT(*) SI_UNIT(.MILLI.,.METRE.) );
#3978 = ( NAMED_UNIT(*) PLANE_ANGLE_UNIT() SI_UNIT($,.RADIAN.) );
#3979 = ( NAMED_UNIT(*) SI_UNIT($,.STERADIAN.) SOLID_ANGLE_UNIT() );
#3980 = UNCERTAINTY_MEASURE_WITH_UNIT(LENGTH_MEASURE(1.E-07),#3977,
  'distance_accuracy_value','confusion accuracy');
#3981 = CONTEXT_DEPENDENT_SHAPE_REPRESENTATION(#3982,#3984);
#3982 = ( REPRESENTATION_RELATIONSHIP('','',#3966,#10) 
REPRESENTATION_RELATIONSHIP_WITH_TRANSFORMATION(#3983) 
SHAPE_REPRESENTATION_RELATIONSHIP() );
#3983 = ITEM_DEFINED_TRANSFORMATION('','',#11,#47);
#3984 = PRODUCT_DEFINITION_SHAPE('Placement','Placement of an item',
  #3985);
#3985 = NEXT_ASSEMBLY_USAGE_OCCURRENCE('27','Sketch002','',#5,#3961,$);
#3986 = PRODUCT_RELATED_PRODUCT_CATEGORY('part',$,(#3963));
#3987 = SHAPE_DEFINITION_REPRESENTATION(#3988,#3994);
#3988 = PRODUCT_DEFINITION_SHAPE('','',#3989);
#3989 = PRODUCT_DEFINITION('design','',#3990,#3993);
#3990 = PRODUCT_DEFINITION_FORMATION('','',#3991);
#3991 = PRODUCT('Revolution','Revolution','',(#3992));
#3992 = PRODUCT_CONTEXT('',#2,'mechanical');
#3993 = PRODUCT_DEFINITION_CONTEXT('part definition',#2,'design');
#3994 = ADVANCED_BREP_SHAPE_REPRESENTATION('',(#11,#3995),#4023);
#3995 = MANIFOLD_SOLID_BREP('',#3996);
#3996 = CLOSED_SHELL('',(#3997));
#3997 = ADVANCED_FACE('',(#3998),#4018,.T.);
#3998 = FACE_BOUND('',#3999,.F.);
#3999 = EDGE_LOOP('',(#4000,#4009,#4016,#4017));
#4000 = ORIENTED_EDGE('',*,*,#4001,.T.);
#4001 = EDGE_CURVE('',#4002,#4002,#4004,.T.);
#4002 = VERTEX_POINT('',#4003);
#4003 = CARTESIAN_POINT('',(25.,2.375877272698E-14,107.));
#4004 = CIRCLE('',#4005,25.);
#4005 = AXIS2_PLACEMENT_3D('',#4006,#4007,#4008);
#4006 = CARTESIAN_POINT('',(0.,2.375877272698E-14,107.));
#4007 = DIRECTION('',(0.,-2.22044604925E-16,-1.));
#4008 = DIRECTION('',(1.,-0.,0.));
#4009 = ORIENTED_EDGE('',*,*,#4010,.F.);
#4010 = EDGE_CURVE('',#4002,#4002,#4011,.T.);
#4011 = CIRCLE('',#4012,7.);
#4012 = AXIS2_PLACEMENT_3D('',#4013,#4014,#4015);
#4013 = CARTESIAN_POINT('',(18.,2.375877272698E-14,107.));
#4014 = DIRECTION('',(0.,-1.,2.22044604925E-16));
#4015 = DIRECTION('',(1.,0.,0.));
#4016 = ORIENTED_EDGE('',*,*,#4001,.F.);
#4017 = ORIENTED_EDGE('',*,*,#4010,.T.);
#4018 = TOROIDAL_SURFACE('',#4019,18.,7.);
#4019 = AXIS2_PLACEMENT_3D('',#4020,#4021,#4022);
#4020 = CARTESIAN_POINT('',(0.,2.375877272698E-14,107.));
#4021 = DIRECTION('',(0.,2.22044604925E-16,1.));
#4022 = DIRECTION('',(1.,-0.,0.));
#4023 = ( GEOMETRIC_REPRESENTATION_CONTEXT(3) 
GLOBAL_UNCERTAINTY_ASSIGNED_CONTEXT((#4027)) 
GLOBAL_UNIT_ASSIGNED_CONTEXT((#4024,#4025,#4026)) REPRESENTATION_CONTEXT
('Context #1','3D Context with UNIT and UNCERTAINTY') );
#4024 = ( LENGTH_UNIT() NAMED_UNIT(*) SI_UNIT(.MILLI.,.METRE.) );
#4025 = ( NAMED_UNIT(*) PLANE_ANGLE_UNIT() SI_UNIT($,.RADIAN.) );
#4026 = ( NAMED_UNIT(*) SI_UNIT($,.STERADIAN.) SOLID_ANGLE_UNIT() );
#4027 = UNCERTAINTY_MEASURE_WITH_UNIT(LENGTH_MEASURE(1.E-07),#4024,
  'distance_accuracy_value','confusion accuracy');
#4028 = CONTEXT_DEPENDENT_SHAPE_REPRESENTATION(#4029,#4031);
#4029 = ( REPRESENTATION_RELATIONSHIP('','',#3994,#10) 
REPRESENTATION_RELATIONSHIP_WITH_TRANSFORMATION(#4030) 
SHAPE_REPRESENTATION_RELATIONSHIP() );
#4030 = ITEM_DEFINED_TRANSFORMATION('','',#11,#51);
#4031 = PRODUCT_DEFINITION_SHAPE('Placement','Placement of an item',
  #4032);
#4032 = NEXT_ASSEMBLY_USAGE_OCCURRENCE('28','Revolution','',#5,#3989,$);
#4033 = PRODUCT_RELATED_PRODUCT_CATEGORY('part',$,(#3991));
#4034 = SHAPE_DEFINITION_REPRESENTATION(#4035,#4041);
#4035 = PRODUCT_DEFINITION_SHAPE('','',#4036);
#4036 = PRODUCT_DEFINITION('design','',#4037,#4040);
#4037 = PRODUCT_DEFINITION_FORMATION('','',#4038);
#4038 = PRODUCT('X-axis001','X-axis001','',(#4039));
#4039 = PRODUCT_CONTEXT('',#2,'mechanical');
#4040 = PRODUCT_DEFINITION_CONTEXT('part definition',#2,'design');
#4041 = GEOMETRICALLY_BOUNDED_WIREFRAME_SHAPE_REPRESENTATION('',(#11,
    #4042),#4047);
#4042 = GEOMETRIC_CURVE_SET('',(#4043));
#4043 = LINE('',#4044,#4045);
#4044 = CARTESIAN_POINT('',(0.,0.,0.));
#4045 = VECTOR('',#4046,1.);
#4046 = DIRECTION('',(1.,0.,0.));
#4047 = ( GEOMETRIC_REPRESENTATION_CONTEXT(3) 
GLOBAL_UNCERTAINTY_ASSIGNED_CONTEXT((#4051)) 
GLOBAL_UNIT_ASSIGNED_CONTEXT((#4048,#4049,#4050)) REPRESENTATION_CONTEXT
('Context #1','3D Context with UNIT and UNCERTAINTY') );
#4048 = ( LENGTH_UNIT() NAMED_UNIT(*) SI_UNIT(.MILLI.,.METRE.) );
#4049 = ( NAMED_UNIT(*) PLANE_ANGLE_UNIT() SI_UNIT($,.RADIAN.) );
#4050 = ( NAMED_UNIT(*) SI_UNIT($,.STERADIAN.) SOLID_ANGLE_UNIT() );
#4051 = UNCERTAINTY_MEASURE_WITH_UNIT(LENGTH_MEASURE(1.E-07),#4048,
  'distance_accuracy_value','confusion accuracy');
#4052 = CONTEXT_DEPENDENT_SHAPE_REPRESENTATION(#4053,#4055);
#4053 = ( REPRESENTATION_RELATIONSHIP('','',#4041,#10) 
REPRESENTATION_RELATIONSHIP_WITH_TRANSFORMATION(#4054) 
SHAPE_REPRESENTATION_RELATIONSHIP() );
#4054 = ITEM_DEFINED_TRANSFORMATION('','',#11,#55);
#4055 = PRODUCT_DEFINITION_SHAPE('Placement','Placement of an item',
  #4056);
#4056 = NEXT_ASSEMBLY_USAGE_OCCURRENCE('29','X-axis001','',#5,#4036,$);
#4057 = PRODUCT_RELATED_PRODUCT_CATEGORY('part',$,(#4038));
#4058 = CONTEXT_DEPENDENT_SHAPE_REPRESENTATION(#4059,#4061);
#4059 = ( REPRESENTATION_RELATIONSHIP('','',#4041,#10) 
REPRESENTATION_RELATIONSHIP_WITH_TRANSFORMATION(#4060) 
SHAPE_REPRESENTATION_RELATIONSHIP() );
#4060 = ITEM_DEFINED_TRANSFORMATION('','',#11,#59);
#4061 = PRODUCT_DEFINITION_SHAPE('Placement','Placement of an item',
  #4062);
#4062 = NEXT_ASSEMBLY_USAGE_OCCURRENCE('30','Y-axis001','',#5,#4036,$);
#4063 = CONTEXT_DEPENDENT_SHAPE_REPRESENTATION(#4064,#4066);
#4064 = ( REPRESENTATION_RELATIONSHIP('','',#4041,#10) 
REPRESENTATION_RELATIONSHIP_WITH_TRANSFORMATION(#4065) 
SHAPE_REPRESENTATION_RELATIONSHIP() );
#4065 = ITEM_DEFINED_TRANSFORMATION('','',#11,#63);
#4066 = PRODUCT_DEFINITION_SHAPE('Placement','Placement of an item',
  #4067);
#4067 = NEXT_ASSEMBLY_USAGE_OCCURRENCE('31','Z-axis001','',#5,#4036,$);
#4068 = SHAPE_DEFINITION_REPRESENTATION(#4069,#4075);
#4069 = PRODUCT_DEFINITION_SHAPE('','',#4070);
#4070 = PRODUCT_DEFINITION('design','',#4071,#4074);
#4071 = PRODUCT_DEFINITION_FORMATION('','',#4072);
#4072 = PRODUCT('XY-plane001','XY-plane001','',(#4073));
#4073 = PRODUCT_CONTEXT('',#2,'mechanical');
#4074 = PRODUCT_DEFINITION_CONTEXT('part definition',#2,'design');
#4075 = MANIFOLD_SURFACE_SHAPE_REPRESENTATION('',(#11),#4076);
#4076 = ( GEOMETRIC_REPRESENTATION_CONTEXT(3) 
GLOBAL_UNCERTAINTY_ASSIGNED_CONTEXT((#4080)) 
GLOBAL_UNIT_ASSIGNED_CONTEXT((#4077,#4078,#4079)) REPRESENTATION_CONTEXT
('Context #1','3D Context with UNIT and UNCERTAINTY') );
#4077 = ( LENGTH_UNIT() NAMED_UNIT(*) SI_UNIT(.MILLI.,.METRE.) );
#4078 = ( NAMED_UNIT(*) PLANE_ANGLE_UNIT() SI_UNIT($,.RADIAN.) );
#4079 = ( NAMED_UNIT(*) SI_UNIT($,.STERADIAN.) SOLID_ANGLE_UNIT() );
#4080 = UNCERTAINTY_MEASURE_WITH_UNIT(LENGTH_MEASURE(1.E-07),#4077,
  'distance_accuracy_value','confusion accuracy');
#4081 = CONTEXT_DEPENDENT_SHAPE_REPRESENTATION(#4082,#4084);
#4082 = ( REPRESENTATION_RELATIONSHIP('','',#4075,#10) 
REPRESENTATION_RELATIONSHIP_WITH_TRANSFORMATION(#4083) 
SHAPE_REPRESENTATION_RELATIONSHIP() );
#4083 = ITEM_DEFINED_TRANSFORMATION('','',#11,#67);
#4084 = PRODUCT_DEFINITION_SHAPE('Placement','Placement of an item',
  #4085);
#4085 = NEXT_ASSEMBLY_USAGE_OCCURRENCE('32','XY-plane001','',#5,#4070,$
  );
#4086 = PRODUCT_RELATED_PRODUCT_CATEGORY('part',$,(#4072));
#4087 = CONTEXT_DEPENDENT_SHAPE_REPRESENTATION(#4088,#4090);
#4088 = ( REPRESENTATION_RELATIONSHIP('','',#4075,#10) 
REPRESENTATION_RELATIONSHIP_WITH_TRANSFORMATION(#4089) 
SHAPE_REPRESENTATION_RELATIONSHIP() );
#4089 = ITEM_DEFINED_TRANSFORMATION('','',#11,#71);
#4090 = PRODUCT_DEFINITION_SHAPE('Placement','Placement of an item',
  #4091);
#4091 = NEXT_ASSEMBLY_USAGE_OCCURRENCE('33','XZ-plane001','',#5,#4070,$
  );
#4092 = CONTEXT_DEPENDENT_SHAPE_REPRESENTATION(#4093,#4095);
#4093 = ( REPRESENTATION_RELATIONSHIP('','',#4075,#10) 
REPRESENTATION_RELATIONSHIP_WITH_TRANSFORMATION(#4094) 
SHAPE_REPRESENTATION_RELATIONSHIP() );
#4094 = ITEM_DEFINED_TRANSFORMATION('','',#11,#75);
#4095 = PRODUCT_DEFINITION_SHAPE('Placement','Placement of an item',
  #4096);
#4096 = NEXT_ASSEMBLY_USAGE_OCCURRENCE('34','YZ-plane001','',#5,#4070,$
  );
#4097 = SHAPE_DEFINITION_REPRESENTATION(#4098,#4104);
#4098 = PRODUCT_DEFINITION_SHAPE('','',#4099);
#4099 = PRODUCT_DEFINITION('design','',#4100,#4103);
#4100 = PRODUCT_DEFINITION_FORMATION('','',#4101);
#4101 = PRODUCT('Sketch003','Sketch003','',(#4102));
#4102 = PRODUCT_CONTEXT('',#2,'mechanical');
#4103 = PRODUCT_DEFINITION_CONTEXT('part definition',#2,'design');
#4104 = GEOMETRICALLY_BOUNDED_WIREFRAME_SHAPE_REPRESENTATION('',(#11,
    #4105),#4114);
#4105 = GEOMETRIC_CURVE_SET('',(#4106));
#4106 = TRIMMED_CURVE('',#4107,(#4112,PARAMETER_VALUE(0.)),(#4113,
    PARAMETER_VALUE(6.28318530718)),.T.,.PARAMETER.);
#4107 = CIRCLE('',#4108,7.);
#4108 = AXIS2_PLACEMENT_3D('',#4109,#4110,#4111);
#4109 = CARTESIAN_POINT('',(18.,107.,0.));
#4110 = DIRECTION('',(0.,0.,1.));
#4111 = DIRECTION('',(1.,0.,0.));
#4112 = CARTESIAN_POINT('',(25.,107.,0.));
#4113 = CARTESIAN_POINT('',(25.,107.,0.));
#4114 = ( GEOMETRIC_REPRESENTATION_CONTEXT(3) 
GLOBAL_UNCERTAINTY_ASSIGNED_CONTEXT((#4118)) 
GLOBAL_UNIT_ASSIGNED_CONTEXT((#4115,#4116,#4117)) REPRESENTATION_CONTEXT
('Context #1','3D Context with UNIT and UNCERTAINTY') );
#4115 = ( LENGTH_UNIT() NAMED_UNIT(*) SI_UNIT(.MILLI.,.METRE.) );
#4116 = ( NAMED_UNIT(*) PLANE_ANGLE_UNIT() SI_UNIT($,.RADIAN.) );
#4117 = ( NAMED_UNIT(*) SI_UNIT($,.STERADIAN.) SOLID_ANGLE_UNIT() );
#4118 = UNCERTAINTY_MEASURE_WITH_UNIT(LENGTH_MEASURE(1.E-07),#4115,
  'distance_accuracy_value','confusion accuracy');
#4119 = CONTEXT_DEPENDENT_SHAPE_REPRESENTATION(#4120,#4122);
#4120 = ( REPRESENTATION_RELATIONSHIP('','',#4104,#10) 
REPRESENTATION_RELATIONSHIP_WITH_TRANSFORMATION(#4121) 
SHAPE_REPRESENTATION_RELATIONSHIP() );
#4121 = ITEM_DEFINED_TRANSFORMATION('','',#11,#79);
#4122 = PRODUCT_DEFINITION_SHAPE('Placement','Placement of an item',
  #4123);
#4123 = NEXT_ASSEMBLY_USAGE_OCCURRENCE('35','Sketch003','',#5,#4099,$);
#4124 = PRODUCT_RELATED_PRODUCT_CATEGORY('part',$,(#4101));
#4125 = SHAPE_DEFINITION_REPRESENTATION(#4126,#4132);
#4126 = PRODUCT_DEFINITION_SHAPE('','',#4127);
#4127 = PRODUCT_DEFINITION('design','',#4128,#4131);
#4128 = PRODUCT_DEFINITION_FORMATION('','',#4129);
#4129 = PRODUCT('Helix','Helix','',(#4130));
#4130 = PRODUCT_CONTEXT('',#2,'mechanical');
#4131 = PRODUCT_DEFINITION_CONTEXT('part definition',#2,'design');
#4132 = GEOMETRICALLY_BOUNDED_WIREFRAME_SHAPE_REPRESENTATION('',(#11,
    #4133),#4908);
#4133 = GEOMETRIC_CURVE_SET('',(#4134));
#4134 = TRIMMED_CURVE('',#4135,(#4906,PARAMETER_VALUE(0.)),(#4907,
    PARAMETER_VALUE(160.22434598784)),.T.,.PARAMETER.);
#4135 = B_SPLINE_CURVE_WITH_KNOTS('',13,(#4136,#4137,#4138,#4139,#4140,
    #4141,#4142,#4143,#4144,#4145,#4146,#4147,#4148,#4149,#4150,#4151,
    #4152,#4153,#4154,#4155,#4156,#4157,#4158,#4159,#4160,#4161,#4162,
    #4163,#4164,#4165,#4166,#4167,#4168,#4169,#4170,#4171,#4172,#4173,
    #4174,#4175,#4176,#4177,#4178,#4179,#4180,#4181,#4182,#4183,#4184,
    #4185,#4186,#4187,#4188,#4189,#4190,#4191,#4192,#4193,#4194,#4195,
    #4196,#4197,#4198,#4199,#4200,#4201,#4202,#4203,#4204,#4205,#4206,
    #4207,#4208,#4209,#4210,#4211,#4212,#4213,#4214,#4215,#4216,#4217,
    #4218,#4219,#4220,#4221,#4222,#4223,#4224,#4225,#4226,#4227,#4228,
    #4229,#4230,#4231,#4232,#4233,#4234,#4235,#4236,#4237,#4238,#4239,
    #4240,#4241,#4242,#4243,#4244,#4245,#4246,#4247,#4248,#4249,#4250,
    #4251,#4252,#4253,#4254,#4255,#4256,#4257,#4258,#4259,#4260,#4261,
    #4262,#4263,#4264,#4265,#4266,#4267,#4268,#4269,#4270,#4271,#4272,
    #4273,#4274,#4275,#4276,#4277,#4278,#4279,#4280,#4281,#4282,#4283,
    #4284,#4285,#4286,#4287,#4288,#4289,#4290,#4291,#4292,#4293,#4294,
    #4295,#4296,#4297,#4298,#4299,#4300,#4301,#4302,#4303,#4304,#4305,
    #4306,#4307,#4308,#4309,#4310,#4311,#4312,#4313,#4314,#4315,#4316,
    #4317,#4318,#4319,#4320,#4321,#4322,#4323,#4324,#4325,#4326,#4327,
    #4328,#4329,#4330,#4331,#4332,#4333,#4334,#4335,#4336,#4337,#4338,
    #4339,#4340,#4341,#4342,#4343,#4344,#4345,#4346,#4347,#4348,#4349,
    #4350,#4351,#4352,#4353,#4354,#4355,#4356,#4357,#4358,#4359,#4360,
    #4361,#4362,#4363,#4364,#4365,#4366,#4367,#4368,#4369,#4370,#4371,
    #4372,#4373,#4374,#4375,#4376,#4377,#4378,#4379,#4380,#4381,#4382,
    #4383,#4384,#4385,#4386,#4387,#4388,#4389,#4390,#4391,#4392,#4393,
    #4394,#4395,#4396,#4397,#4398,#4399,#4400,#4401,#4402,#4403,#4404,
    #4405,#4406,#4407,#4408,#4409,#4410,#4411,#4412,#4413,#4414,#4415,
    #4416,#4417,#4418,#4419,#4420,#4421,#4422,#4423,#4424,#4425,#4426,
    #4427,#4428,#4429,#4430,#4431,#4432,#4433,#4434,#4435,#4436,#4437,
    #4438,#4439,#4440,#4441,#4442,#4443,#4444,#4445,#4446,#4447,#4448,
    #4449,#4450,#4451,#4452,#4453,#4454,#4455,#4456,#4457,#4458,#4459,
    #4460,#4461,#4462,#4463,#4464,#4465,#4466,#4467,#4468,#4469,#4470,
    #4471,#4472,#4473,#4474,#4475,#4476,#4477,#4478,#4479,#4480,#4481,
    #4482,#4483,#4484,#4485,#4486,#4487,#4488,#4489,#4490,#4491,#4492,
    #4493,#4494,#4495,#4496,#4497,#4498,#4499,#4500,#4501,#4502,#4503,
    #4504,#4505,#4506,#4507,#4508,#4509,#4510,#4511,#4512,#4513,#4514,
    #4515,#4516,#4517,#4518,#4519,#4520,#4521,#4522,#4523,#4524,#4525,
    #4526,#4527,#4528,#4529,#4530,#4531,#4532,#4533,#4534,#4535,#4536,
    #4537,#4538,#4539,#4540,#4541,#4542,#4543,#4544,#4545,#4546,#4547,
    #4548,#4549,#4550,#4551,#4552,#4553,#4554,#4555,#4556,#4557,#4558,
    #4559,#4560,#4561,#4562,#4563,#4564,#4565,#4566,#4567,#4568,#4569,
    #4570,#4571,#4572,#4573,#4574,#4575,#4576,#4577,#4578,#4579,#4580,
    #4581,#4582,#4583,#4584,#4585,#4586,#4587,#4588,#4589,#4590,#4591,
    #4592,#4593,#4594,#4595,#4596,#4597,#4598,#4599,#4600,#4601,#4602,
    #4603,#4604,#4605,#4606,#4607,#4608,#4609,#4610,#4611,#4612,#4613,
    #4614,#4615,#4616,#4617,#4618,#4619,#4620,#4621,#4622,#4623,#4624,
    #4625,#4626,#4627,#4628,#4629,#4630,#4631,#4632,#4633,#4634,#4635,
    #4636,#4637,#4638,#4639,#4640,#4641,#4642,#4643,#4644,#4645,#4646,
    #4647,#4648,#4649,#4650,#4651,#4652,#4653,#4654,#4655,#4656,#4657,
    #4658,#4659,#4660,#4661,#4662,#4663,#4664,#4665,#4666,#4667,#4668,
    #4669,#4670,#4671,#4672,#4673,#4674,#4675,#4676,#4677,#4678,#4679,
    #4680,#4681,#4682,#4683,#4684,#4685,#4686,#4687,#4688,#4689,#4690,
    #4691,#4692,#4693,#4694,#4695,#4696,#4697,#4698,#4699,#4700,#4701,
    #4702,#4703,#4704,#4705,#4706,#4707,#4708,#4709,#4710,#4711,#4712,
    #4713,#4714,#4715,#4716,#4717,#4718,#4719,#4720,#4721,#4722,#4723,
    #4724,#4725,#4726,#4727,#4728,#4729,#4730,#4731,#4732,#4733,#4734,
    #4735,#4736,#4737,#4738,#4739,#4740,#4741,#4742,#4743,#4744,#4745,
    #4746,#4747,#4748,#4749,#4750,#4751,#4752,#4753,#4754,#4755,#4756,
    #4757,#4758,#4759,#4760,#4761,#4762,#4763,#4764,#4765,#4766,#4767,
    #4768,#4769,#4770,#4771,#4772,#4773,#4774,#4775,#4776,#4777,#4778,
    #4779,#4780,#4781,#4782,#4783,#4784,#4785,#4786,#4787,#4788,#4789,
    #4790,#4791,#4792,#4793,#4794,#4795,#4796,#4797,#4798,#4799,#4800,
    #4801,#4802,#4803,#4804,#4805,#4806,#4807,#4808,#4809,#4810,#4811,
    #4812,#4813,#4814,#4815,#4816,#4817,#4818,#4819,#4820,#4821,#4822,
    #4823,#4824,#4825,#4826,#4827,#4828,#4829,#4830,#4831,#4832,#4833,
    #4834,#4835,#4836,#4837,#4838,#4839,#4840,#4841,#4842,#4843,#4844,
    #4845,#4846,#4847,#4848,#4849,#4850,#4851,#4852,#4853,#4854,#4855,
    #4856,#4857,#4858,#4859,#4860,#4861,#4862,#4863,#4864,#4865,#4866,
    #4867,#4868,#4869,#4870,#4871,#4872,#4873,#4874,#4875,#4876,#4877,
    #4878,#4879,#4880,#4881,#4882,#4883,#4884,#4885,#4886,#4887,#4888,
    #4889,#4890,#4891,#4892,#4893,#4894,#4895,#4896,#4897,#4898,#4899,
    #4900,#4901,#4902,#4903,#4904,#4905),.UNSPECIFIED.,.F.,.F.,(14,12,12
    ,12,12,12,12,12,12,12,12,12,12,12,12,12,12,12,12,12,12,12,12,12,12,
    12,12,12,12,12,12,12,12,12,12,12,12,12,12,12,12,12,12,12,12,12,12,12
    ,12,12,12,12,12,12,12,12,12,12,12,12,12,12,12,12,14),(0.,
    2.50350540606,5.00701081212,7.51051621818,10.01402162424,
    12.517527030301,15.021032436361,17.524537842421,20.028043248481,
    22.531548654541,25.035054060601,27.538559466661,30.042064872721,
    32.545570278781,35.049075684842,37.552581090902,40.056086496962,
    42.559591903022,45.063097309082,47.566602715142,50.070108121202,
    52.573613527262,55.077118933323,57.580624339383,60.084129745443,
    62.587635151503,65.091140557563,67.594645963623,70.098151369683,
    72.601656775743,75.105162181803,77.608667587864,80.112172993924,
    82.615678399984,85.119183806044,87.622689212104,90.126194618164,
    92.629700024224,95.133205430284,97.636710836344,100.1402162424,
    102.64372164846,105.14722705452,107.65073246058,110.15423786664,
    112.6577432727,115.16124867876,117.66475408482,120.16825949088,
    122.67176489694,125.175270303,127.67877570906,130.18228111512,
    132.68578652118,135.18929192724,137.6927973333,140.19630273936,
    142.69980814542,145.20331355148,147.70681895754,150.2103243636,
    152.71382976966,155.21733517572,157.72084058178,160.22434598784),
  .UNSPECIFIED.);
#4136 = CARTESIAN_POINT('',(26.,3.552713678801E-15,-1.110223024625E-16)
  );
#4137 = CARTESIAN_POINT('',(25.999999999999,5.006913291656,
    0.122596153846));
#4138 = CARTESIAN_POINT('',(24.955450803785,10.013826583432,
    0.245192307693));
#4139 = CARTESIAN_POINT('',(22.866352410895,14.783014089853,
    0.367788461538));
#4140 = CARTESIAN_POINT('',(19.792218443321,19.076750032782,
    0.490384615386));
#4141 = CARTESIAN_POINT('',(15.852076130505,22.673863024487,
    0.612980769229));
#4142 = CARTESIAN_POINT('',(11.219285949362,25.386290594742,
    0.735576923079));
#4143 = CARTESIAN_POINT('',(6.111180678486,27.073780638751,
    0.858173076921));
#4144 = CARTESIAN_POINT('',(0.774297496288,27.65488827492,0.98076923077)
  );
#4145 = CARTESIAN_POINT('',(-4.533252191928,27.112800063435,
    1.103365384615));
#4146 = CARTESIAN_POINT('',(-9.560195262271,25.495298482459,
    1.225961538462));
#4147 = CARTESIAN_POINT('',(-14.07917650604,22.909125617844,
    1.348557692308));
#4148 = CARTESIAN_POINT('',(-17.900781053,19.509772382135,1.471153846154
    ));
#4149 = CARTESIAN_POINT('',(-23.86601058399,11.466591451472,
    1.716346153846));
#4150 = CARTESIAN_POINT('',(-26.00963556815,6.822763756365,
    1.838942307692));
#4151 = CARTESIAN_POINT('',(-27.17265768555,1.747641972475,1.96153846154
    ));
#4152 = CARTESIAN_POINT('',(-27.26126564487,-3.532378541418,
    2.084134615381));
#4153 = CARTESIAN_POINT('',(-26.2393113715,-8.768746823379,
    2.206730769238));
#4154 = CARTESIAN_POINT('',(-24.13401062325,-13.70713896505,
    2.329326923068));
#4155 = CARTESIAN_POINT('',(-21.03637864372,-18.10543843494,
    2.451923076933));
#4156 = CARTESIAN_POINT('',(-17.09591929178,-21.75136606463,
    2.574519230761));
#4157 = CARTESIAN_POINT('',(-12.50993383798,-24.47766038831,
    2.697115384621));
#4158 = CARTESIAN_POINT('',(-7.50871073674,-26.17301742699,
    2.819711538459));
#4159 = CARTESIAN_POINT('',(-2.33844959038,-26.78773788836,
    2.942307692309));
#4160 = CARTESIAN_POINT('',(2.756084322313,-26.33387893794,
    3.064903846154));
#4161 = CARTESIAN_POINT('',(12.338718894919,-23.42701852012,
    3.310096153847));
#4162 = CARTESIAN_POINT('',(16.82681955501,-20.97401705266,
    3.432692307691));
#4163 = CARTESIAN_POINT('',(20.784214195916,-17.59045247913,
    3.555288461543));
#4164 = CARTESIAN_POINT('',(24.00068932391,-13.4022839357,3.677884615374
    ));
#4165 = CARTESIAN_POINT('',(26.299148898522,-8.587616044208,
    3.800480769247));
#4166 = CARTESIAN_POINT('',(27.549952245364,-3.366936091066,
    3.923076923056));
#4167 = CARTESIAN_POINT('',(27.681974845077,2.011068384575,
    4.045673076945));
#4168 = CARTESIAN_POINT('',(26.688844769099,7.286833811353,
    4.168269230751));
#4169 = CARTESIAN_POINT('',(24.62939834599,12.208482290371,
    4.290865384627));
#4170 = CARTESIAN_POINT('',(21.622301293154,16.549430955436,
    4.413461538457));
#4171 = CARTESIAN_POINT('',(17.835697152022,20.123100028682,
    4.536057692309));
#4172 = CARTESIAN_POINT('',(13.473365682842,22.793367409986,
    4.658653846154));
#4173 = CARTESIAN_POINT('',(4.044906693555,26.166923979529,
    4.903846153845));
#4174 = CARTESIAN_POINT('',(-1.021220826788,26.870213167873,
    5.026442307701));
#4175 = CARTESIAN_POINT('',(-6.215417070464,26.509925854243,
    5.149038461513));
#4176 = CARTESIAN_POINT('',(-11.29380320673,25.062009333948,
    5.271634615437));
#4177 = CARTESIAN_POINT('',(-16.00803756179,22.564022591526,
    5.394230769149));
#4178 = CARTESIAN_POINT('',(-20.12264764798,19.11583581801,
    5.516826923175));
#4179 = CARTESIAN_POINT('',(-23.43236271952,14.874827889096,
    5.639423076829));
#4180 = CARTESIAN_POINT('',(-25.77744295864,10.045686468953,
    5.762019230841));
#4181 = CARTESIAN_POINT('',(-27.05510265649,4.865770541059,
    5.884615384572));
#4182 = CARTESIAN_POINT('',(-27.22567975656,-0.412237743198,
    6.007211538481));
#4183 = CARTESIAN_POINT('',(-26.31308297301,-5.538313111205,
    6.129807692301));
#4184 = CARTESIAN_POINT('',(-24.39990190402,-10.28172980505,
    6.252403846155));
#4185 = CARTESIAN_POINT('',(-18.8365179357,-18.60792231196,
    6.497596153846));
#4186 = CARTESIAN_POINT('',(-15.1863150363,-22.19069812513,
    6.620192307692));
#4187 = CARTESIAN_POINT('',(-10.79967459118,-24.99549173125,
    6.742788461543));
#4188 = CARTESIAN_POINT('',(-5.858153734794,-26.85770536614,
    6.865384615373));
#4189 = CARTESIAN_POINT('',(-0.583596230324,-27.65956972826,
    6.987980769253));
#4190 = CARTESIAN_POINT('',(4.775372042446,-27.34103050754,
    7.110576923046));
#4191 = CARTESIAN_POINT('',(9.960125588885,-25.9062159651,7.233173076956
    ));
#4192 = CARTESIAN_POINT('',(14.720427883871,-23.42437587245,
    7.355769230742));
#4193 = CARTESIAN_POINT('',(18.832326091619,-20.0249293807,
    7.478365384633));
#4194 = CARTESIAN_POINT('',(22.113440767026,-15.88720603511,
    7.600961538452));
#4195 = CARTESIAN_POINT('',(24.434035688815,-11.22627042349,
    7.723557692311));
#4196 = CARTESIAN_POINT('',(25.72300427055,-6.276641777833,
    7.846153846153));
#4197 = CARTESIAN_POINT('',(26.21435945212,3.72512271281,8.091346153848)
  );
#4198 = CARTESIAN_POINT('',(25.416746051913,8.777258558003,
    8.213942307685));
#4199 = CARTESIAN_POINT('',(23.564177008999,13.643208568865,
    8.336538461559));
#4200 = CARTESIAN_POINT('',(20.7044296071,18.082613123003,8.459134615347
    ));
#4201 = CARTESIAN_POINT('',(16.945535337412,21.868726854642,
    8.581730769284));
#4202 = CARTESIAN_POINT('',(12.451418067122,24.805207426615,
    8.704326923016));
#4203 = CARTESIAN_POINT('',(7.432266945148,26.741307661142,8.82692307698
    ));
#4204 = CARTESIAN_POINT('',(2.130325872308,27.583583773364,
    8.949519230726));
#4205 = CARTESIAN_POINT('',(-3.197429647415,27.302577650617,
    9.072115384642));
#4206 = CARTESIAN_POINT('',(-8.297684585616,25.933684826483,
    9.194711538449));
#4207 = CARTESIAN_POINT('',(-12.93812000639,23.572363020342,
    9.317307692312));
#4208 = CARTESIAN_POINT('',(-16.92191962081,20.364621701787,
    9.439903846153));
#4209 = CARTESIAN_POINT('',(-23.27462395404,12.623829074723,
    9.685096153846));
#4210 = CARTESIAN_POINT('',(-25.64352867302,8.090777766048,
    9.807692307695));
#4211 = CARTESIAN_POINT('',(-27.05417430218,3.078835979116,9.93028846153
    ));
#4212 = CARTESIAN_POINT('',(-27.40175385641,-2.190476732366,
    10.052884615398));
#4213 = CARTESIAN_POINT('',(-26.63796698514,-7.470682498828,
    10.175480769217));
#4214 = CARTESIAN_POINT('',(-24.77751758125,-12.50642834242,
    10.298076923085));
#4215 = CARTESIAN_POINT('',(-21.899431161,-17.05142346509,
    10.420673076922));
#4216 = CARTESIAN_POINT('',(-18.14261545453,-20.88630859148,
    10.543269230766));
#4217 = CARTESIAN_POINT('',(-13.69592694303,-23.83434261495,
    10.66586538462));
#4218 = CARTESIAN_POINT('',(-8.783915261088,-25.77305590822,
    10.788461538459));
#4219 = CARTESIAN_POINT('',(-3.650044824114,-26.64072860198,
    10.911057692308));
#4220 = CARTESIAN_POINT('',(1.460622302542,-26.43739327542,
    11.033653846154));
#4221 = CARTESIAN_POINT('',(11.174347052424,-24.00423189068,
    11.278846153845));
#4222 = CARTESIAN_POINT('',(15.777404675885,-21.77440583247,
    11.4014423077));
#4223 = CARTESIAN_POINT('',(19.896056106058,-18.58909706204,
    11.524038461516));
#4224 = CARTESIAN_POINT('',(23.314160539307,-14.56379830516,
    11.646634615427));
#4225 = CARTESIAN_POINT('',(25.846096074312,-9.867709957798,
    11.76923076917));
#4226 = CARTESIAN_POINT('',(27.351559398081,-4.714692553621,
    11.891826923145));
#4227 = CARTESIAN_POINT('',(27.747309142275,0.650355838204,
    12.014423076862));
#4228 = CARTESIAN_POINT('',(27.014244875318,5.968496957581,
    12.137019230813));
#4229 = CARTESIAN_POINT('',(25.198772989946,10.985269341881,
    12.259615384591));
#4230 = CARTESIAN_POINT('',(22.408298372802,15.468540402993,
    12.382211538472));
#4231 = CARTESIAN_POINT('',(18.801606992329,19.223704694161,
    12.504807692305));
#4232 = CARTESIAN_POINT('',(14.575553952718,22.104805081286,
    12.627403846154));
#4233 = CARTESIAN_POINT('',(5.323984530267,25.936930609301,
    12.872596153847));
#4234 = CARTESIAN_POINT('',(0.298468147286,26.887955750253,
    12.995192307684));
#4235 = CARTESIAN_POINT('',(-4.907149920237,26.782969548259,
    13.117788461564));
#4236 = CARTESIAN_POINT('',(-10.05046481397,25.585981703618,
    13.240384615327));
#4237 = CARTESIAN_POINT('',(-14.88159106776,23.322320412086,
    13.362980769329));
#4238 = CARTESIAN_POINT('',(-19.16043943082,20.080181477681,
    13.485576922946));
#4239 = CARTESIAN_POINT('',(-22.67426420223,16.006682050408,
    13.608173077059));
#4240 = CARTESIAN_POINT('',(-25.25347442735,11.2984251755,
    13.730769230658));
#4241 = CARTESIAN_POINT('',(-26.78376155636,6.187440473546,
    13.853365384687));
#4242 = CARTESIAN_POINT('',(-27.2131127802,0.924159602777,
    13.975961538426));
#4243 = CARTESIAN_POINT('',(-26.55313985627,-4.240520184615,
    14.09855769232));
#4244 = CARTESIAN_POINT('',(-24.87501172318,-9.072098570979,
    14.221153846152));
#4245 = CARTESIAN_POINT('',(-19.72687599682,-17.66124412706,
    14.466346153847));
#4246 = CARTESIAN_POINT('',(-16.25686840345,-21.41881129698,
    14.588942307689));
#4247 = CARTESIAN_POINT('',(-12.01313655811,-24.43546865107,
    14.711538461547));
#4248 = CARTESIAN_POINT('',(-7.168942472109,-26.53790810422,
    14.834134615364));
#4249 = CARTESIAN_POINT('',(-1.940084022635,-27.59761685534,
    14.956730769268));
#4250 = CARTESIAN_POINT('',(3.428059117048,-27.54241343914,
    15.079326923027));
#4251 = CARTESIAN_POINT('',(8.676970413295,-26.36373099199,
    15.201923076976));
#4252 = CARTESIAN_POINT('',(13.553316837243,-24.11845734727,
    15.324519230726));
#4253 = CARTESIAN_POINT('',(17.827065016757,-20.92486691972,
    15.447115384644));
#4254 = CARTESIAN_POINT('',(21.307255907486,-16.9531243095,
    15.569711538447));
#4255 = CARTESIAN_POINT('',(23.853756841684,-12.41166919478,
    15.692307692313));
#4256 = CARTESIAN_POINT('',(25.384039570749,-7.531249284199,
    15.814903846152));
#4257 = CARTESIAN_POINT('',(26.365566216206,2.434357987063,
    16.060096153848));
#4258 = CARTESIAN_POINT('',(25.816810132593,7.519545347935,
    16.182692307682));
#4259 = CARTESIAN_POINT('',(24.205233440615,12.470535363365,
    16.305288461566));
#4260 = CARTESIAN_POINT('',(21.566761986651,17.04491361449,
    16.427884615336));
#4261 = CARTESIAN_POINT('',(17.998171265155,21.010907006143,
    16.550480769296));
#4262 = CARTESIAN_POINT('',(13.653553628467,24.164366341336,
    16.67307692301));
#4263 = CARTESIAN_POINT('',(8.735448229456,26.344412530911,
    16.795673076975));
#4264 = CARTESIAN_POINT('',(3.481222106914,27.445828002615,
    16.918269230739));
#4265 = CARTESIAN_POINT('',(-1.853904214932,27.426580936725,
    17.040865384626));
#4266 = CARTESIAN_POINT('',(-7.015184059957,26.309594652279,
    17.163461538461));
#4267 = CARTESIAN_POINT('',(-11.76589444241,24.178812535615,
    17.286057692305));
#4268 = CARTESIAN_POINT('',(-15.90229180207,21.170410864032,
    17.408653846156));
#4269 = CARTESIAN_POINT('',(-22.62716671637,13.750654788014,
    17.653846153842));
#4270 = CARTESIAN_POINT('',(-25.21564427121,9.339300383427,
    17.776442307715));
#4271 = CARTESIAN_POINT('',(-26.87051504323,4.402612800198,
    17.899038461475));
#4272 = CARTESIAN_POINT('',(-27.47622884282,-0.843297872981,
    18.021634615508));
#4273 = CARTESIAN_POINT('',(-26.97244940306,-6.154620645816,
    18.144230769048));
#4274 = CARTESIAN_POINT('',(-25.36133332924,-11.27558863843,
    18.266826923292));
#4275 = CARTESIAN_POINT('',(-22.70972603036,-15.9563301226,
    18.389423076718));
#4276 = CARTESIAN_POINT('',(-19.14560446764,-19.97093417149,
    18.512019230929));
#4277 = CARTESIAN_POINT('',(-14.84892536039,-23.1336058226,
    18.634615384514));
#4278 = CARTESIAN_POINT('',(-10.03795856422,-25.3110048403,
    18.757211538514));
#4279 = CARTESIAN_POINT('',(-4.952846780151,-26.42953946694,
    18.879807692287));
#4280 = CARTESIAN_POINT('',(0.161641515707,-26.47721761686,
    19.00240384616));
#4281 = CARTESIAN_POINT('',(9.983055229125,-24.5236169641,
    19.247596153837));
#4282 = CARTESIAN_POINT('',(14.689980646946,-22.52233816142,
    19.370192307743));
#4283 = CARTESIAN_POINT('',(18.959966674383,-19.5429588819,
    19.492788461399));
#4284 = CARTESIAN_POINT('',(22.571465899834,-15.69022720892,
    19.615384615656));
#4285 = CARTESIAN_POINT('',(25.330777740874,-11.12403169367,
    19.737980768827));
#4286 = CARTESIAN_POINT('',(27.087274248428,-6.05109090902,
    19.860576923553));
#4287 = CARTESIAN_POINT('',(27.745797741425,-0.711923472178,
    19.983173076471));
#4288 = CARTESIAN_POINT('',(27.274565299423,4.635781471747,
    20.105769231117));
#4289 = CARTESIAN_POINT('',(25.707441582651,9.735591917401,
    20.228365384401));
#4290 = CARTESIAN_POINT('',(23.140311898912,14.350384781825,
    20.350961538564));
#4291 = CARTESIAN_POINT('',(19.722222114577,18.277997771232,
    20.473557692274));
#4292 = CARTESIAN_POINT('',(15.64262843645,21.362990340995,
    20.596153846159));
#4293 = CARTESIAN_POINT('',(6.590236421928,25.644452901423,
    20.841346153844));
#4294 = CARTESIAN_POINT('',(1.617438085403,26.840922892155,
    20.963942307694));
#4295 = CARTESIAN_POINT('',(-3.587061015892,26.99149072263,
    21.086538461539));
#4296 = CARTESIAN_POINT('',(-8.782913971471,26.048315202482,
    21.209134615381));
#4297 = CARTESIAN_POINT('',(-13.71929351687,24.024432719695,
    21.331730769236));
#4298 = CARTESIAN_POINT('',(-18.15207203743,20.996152221706,
    21.454326923073));
#4299 = CARTESIAN_POINT('',(-21.86154139586,17.099974712284,
    21.576923076923));
#4300 = CARTESIAN_POINT('',(-24.66866806466,12.523944986474,
    21.699519230774));
#4301 = CARTESIAN_POINT('',(-26.44789602841,7.494204319774,
    21.822115384609));
#4302 = CARTESIAN_POINT('',(-27.13498703169,2.258330567425,
    21.944711538468));
#4303 = CARTESIAN_POINT('',(-26.72922789981,-2.93251147351,
    22.067307692304));
#4304 = CARTESIAN_POINT('',(-25.29019546031,-7.840611856816,
    22.189903846156));
#4305 = CARTESIAN_POINT('',(-20.56971028579,-16.67201845813,
    22.435096153842));
#4306 = CARTESIAN_POINT('',(-17.28825755068,-20.59532467637,
    22.55769230772));
#4307 = CARTESIAN_POINT('',(-13.19765782683,-23.81657838655,
    22.680288461459));
#4308 = CARTESIAN_POINT('',(-8.462460599125,-26.15417869742,
    22.802884615546));
#4309 = CARTESIAN_POINT('',(-3.291897982516,-27.46917890585,
    22.92548076898));
#4310 = CARTESIAN_POINT('',(2.072487696843,-27.67744428474,
    23.048076923383));
#4311 = CARTESIAN_POINT('',(7.372911656104,-26.75773348133,
    23.170673076624));
#4312 = CARTESIAN_POINT('',(12.353554663119,-24.75443534614,
    23.293269231004));
#4313 = CARTESIAN_POINT('',(16.778856980859,-21.77439462133,
    23.415865384468));
#4314 = CARTESIAN_POINT('',(20.44974000215,-17.9782010226,
    23.538461538533));
#4315 = CARTESIAN_POINT('',(23.216012204983,-13.56716716783,
    23.661057692282));
#4316 = CARTESIAN_POINT('',(24.983922496243,-8.767713351383,
    23.783653846159));
#4317 = CARTESIAN_POINT('',(26.453256021925,1.1377286797,24.028846153841
    ));
#4318 = CARTESIAN_POINT('',(26.154679256388,6.243716894498,
    24.151442307714));
#4319 = CARTESIAN_POINT('',(24.787977344708,11.267819545858,
    24.274038461477));
#4320 = CARTESIAN_POINT('',(22.377138147633,15.966151416163,
    24.396634615508));
#4321 = CARTESIAN_POINT('',(19.007448021725,20.102470042276,
    24.519230769041));
#4322 = CARTESIAN_POINT('',(14.822796583406,23.465311181041,
    24.641826923307));
#4323 = CARTESIAN_POINT('',(10.017585053638,25.884051403352,
    24.764423076699));
#4324 = CARTESIAN_POINT('',(4.823731772717,27.241952828271,
    24.887019230945));
#4325 = CARTESIAN_POINT('',(-0.505912564922,27.484511187047,
    25.009615384505));
#4326 = CARTESIAN_POINT('',(-5.715783341387,26.622122360122,
    25.132211538515));
#4327 = CARTESIAN_POINT('',(-10.56532380816,24.727013173672,
    25.25480769229));
#4328 = CARTESIAN_POINT('',(-14.8443539695,21.925198652197,
    25.377403846157));
#4329 = CARTESIAN_POINT('',(-21.92519865219,14.844353969505,
    25.622596153844));
#4330 = CARTESIAN_POINT('',(-24.72701317368,10.565323808164,
    25.7451923077));
#4331 = CARTESIAN_POINT('',(-26.62212236008,5.715783341406,
    25.86778846152));
#4332 = CARTESIAN_POINT('',(-27.48451118712,0.505912564867,
    25.990384615418));
#4333 = CARTESIAN_POINT('',(-27.24195282816,-4.823731772599,
    26.112980769186));
#4334 = CARTESIAN_POINT('',(-25.88405140345,-10.01758505381,
    26.235576923124));
#4335 = CARTESIAN_POINT('',(-23.46531118095,-14.8227965832,
    26.358173076885));
#4336 = CARTESIAN_POINT('',(-20.10247004233,-19.00744802188,
    26.480769230793));
#4337 = CARTESIAN_POINT('',(-15.96615141612,-22.37713814753,
    26.603365384604));
#4338 = CARTESIAN_POINT('',(-11.26781954587,-24.78797734474,
    26.725961538466));
#4339 = CARTESIAN_POINT('',(-6.243716894492,-26.15467925637,
    26.848557692307));
#4340 = CARTESIAN_POINT('',(-1.137728679701,-26.45325602192,
    26.971153846154));
#4341 = CARTESIAN_POINT('',(8.767713351381,-24.98392249624,
    27.216346153847));
#4342 = CARTESIAN_POINT('',(13.567167167852,-23.21601220498,
    27.338942307686));
#4343 = CARTESIAN_POINT('',(17.978201022549,-20.44974000214,
    27.461538461561));
#4344 = CARTESIAN_POINT('',(21.77439462146,-16.77885698085,
    27.584134615331));
#4345 = CARTESIAN_POINT('',(24.754435345949,-12.35355466315,
    27.706730769324));
#4346 = CARTESIAN_POINT('',(26.757733481566,-7.372911656048,
    27.829326922955));
#4347 = CARTESIAN_POINT('',(27.677444284518,-2.072487696905,
    27.951923077044));
#4348 = CARTESIAN_POINT('',(27.469178906025,3.291897982564,
    28.074519230678));
#4349 = CARTESIAN_POINT('',(26.154178697314,8.462460599098,
    28.197115384667));
#4350 = CARTESIAN_POINT('',(23.816578386603,13.197657826843,
    28.319711538442));
#4351 = CARTESIAN_POINT('',(20.595324676355,17.288257550684,
    28.442307692311));
#4352 = CARTESIAN_POINT('',(16.672018458134,20.569710285802,
    28.564903846156));
#4353 = CARTESIAN_POINT('',(7.840611856818,25.290195460309,
    28.810096153841));
#4354 = CARTESIAN_POINT('',(2.932511473493,26.729227899857,
    28.932692307727));
#4355 = CARTESIAN_POINT('',(-2.258330567366,27.134987031581,
    29.055288461438));
#4356 = CARTESIAN_POINT('',(-7.494204319898,26.447896028643,
    29.177884615581));
#4357 = CARTESIAN_POINT('',(-12.52394498628,24.668668064323,
    29.300480768942));
#4358 = CARTESIAN_POINT('',(-17.09997471248,21.861541396286,
    29.423076923411));
#4359 = CARTESIAN_POINT('',(-20.99615222153,18.152072037029,
    29.545673076613));
#4360 = CARTESIAN_POINT('',(-24.02443271981,13.719293517197,
    29.668269231002));
#4361 = CARTESIAN_POINT('',(-26.04831520241,8.782913971272,
    29.790865384476));
#4362 = CARTESIAN_POINT('',(-26.99149072266,3.587061015983,
    29.913461538526));
#4363 = CARTESIAN_POINT('',(-26.84092289214,-1.617438085429,
    30.036057692288));
#4364 = CARTESIAN_POINT('',(-25.64445290142,-6.590236421925,
    30.158653846156));
#4365 = CARTESIAN_POINT('',(-21.36299034099,-15.64262843644,
    30.403846153847));
#4366 = CARTESIAN_POINT('',(-18.27799777122,-19.72222211459,
    30.526442307678));
#4367 = CARTESIAN_POINT('',(-14.35038478183,-23.14031189884,
    30.649038461591));
#4368 = CARTESIAN_POINT('',(-9.735591917374,-25.7074415828,
    30.771634615262));
#4369 = CARTESIAN_POINT('',(-4.635781471791,-27.27456529914,
    30.894230769445));
#4370 = CARTESIAN_POINT('',(0.711923472239,-27.7457977418,
    31.016826922792));
#4371 = CARTESIAN_POINT('',(6.051090908941,-27.08727424799,
    31.139423077219));
#4372 = CARTESIAN_POINT('',(11.124031693764,-25.33077774125,
    31.262019230529));
#4373 = CARTESIAN_POINT('',(15.690227208854,-22.57146589957,
    31.384615384767));
#4374 = CARTESIAN_POINT('',(19.542958881948,-18.95996667451,
    31.507211538391));
#4375 = CARTESIAN_POINT('',(22.522338161406,-14.6899806469,
    31.629807692329));
#4376 = CARTESIAN_POINT('',(24.523616964108,-9.983055229131,
    31.752403846153));
#4377 = CARTESIAN_POINT('',(26.477217616859,-0.161641515709,
    31.997596153842));
#4378 = CARTESIAN_POINT('',(26.42953946696,4.952846780176,
    32.120192307726));
#4379 = CARTESIAN_POINT('',(25.311004840259,10.037958564138,
    32.242788461437));
#4380 = CARTESIAN_POINT('',(23.133605822694,14.848925360573,
    32.365384615591));
#4381 = CARTESIAN_POINT('',(19.970934171353,19.145604467354,
    32.48798076892));
#4382 = CARTESIAN_POINT('',(15.956330122792,22.709726030742,
    32.610576923444));
#4383 = CARTESIAN_POINT('',(11.27558863825,25.36133332884,
    32.733173076578));
#4384 = CARTESIAN_POINT('',(6.154620645965,26.972449403404,
    32.85576923103));
#4385 = CARTESIAN_POINT('',(0.843297872891,27.476228842594,
    32.978365384457));
#4386 = CARTESIAN_POINT('',(-4.40261280016,26.870515043359,
    33.100961538537));
#4387 = CARTESIAN_POINT('',(-9.339300383437,25.215644271169,
    33.223557692281));
#4388 = CARTESIAN_POINT('',(-13.75065478801,22.627166716386,
    33.34615384616));
#4389 = CARTESIAN_POINT('',(-21.17041086402,15.902291802074,
    33.59134615384));
#4390 = CARTESIAN_POINT('',(-24.17881253563,11.765894442413,
    33.713942307722));
#4391 = CARTESIAN_POINT('',(-26.3095946522,7.015184059963,
    33.836538461455));
#4392 = CARTESIAN_POINT('',(-27.42658093687,1.853904214906,
    33.959134615556));
#4393 = CARTESIAN_POINT('',(-27.44582800237,-3.481222106852,
    34.081730768963));
#4394 = CARTESIAN_POINT('',(-26.34441253119,-8.735448229549,
    34.204326923403));
#4395 = CARTESIAN_POINT('',(-24.16436634108,-13.65355362836,
    34.326923076609));
#4396 = CARTESIAN_POINT('',(-21.01090700631,-17.99817126522,
    34.44951923101));
#4397 = CARTESIAN_POINT('',(-17.04491361439,-21.56676198661,
    34.572115384469));
#4398 = CARTESIAN_POINT('',(-12.4705353634,-24.20523344062,
    34.694711538531));
#4399 = CARTESIAN_POINT('',(-7.519545347924,-25.81681013259,
    34.817307692284));
#4400 = CARTESIAN_POINT('',(-2.434357987064,-26.3655662162,
    34.939903846159));
#4401 = CARTESIAN_POINT('',(7.531249284198,-25.38403957074,
    35.185096153842));
#4402 = CARTESIAN_POINT('',(12.411669194798,-23.85375684168,
    35.307692307711));
#4403 = CARTESIAN_POINT('',(16.953124309471,-21.30725590748,
    35.430288461491));
#4404 = CARTESIAN_POINT('',(20.924866919798,-17.82706501676,
    35.552884615474));
#4405 = CARTESIAN_POINT('',(24.118457347155,-13.55331683723,
    35.6754807691));
#4406 = CARTESIAN_POINT('',(26.363730992144,-8.676970413311,
    35.798076923232));
#4407 = CARTESIAN_POINT('',(27.542413438992,-3.428059117036,
    35.920673076774));
#4408 = CARTESIAN_POINT('',(27.597616855475,1.940084022633,
    36.043269230885));
#4409 = CARTESIAN_POINT('',(26.537908104132,7.168942472105,
    36.165865384543));
#4410 = CARTESIAN_POINT('',(24.435468651131,12.013136558114,
    36.288461538496));
#4411 = CARTESIAN_POINT('',(21.418811296961,16.256868403451,
    36.411057692297));
#4412 = CARTESIAN_POINT('',(17.661244127074,19.726875996827,
    36.533653846155));
#4413 = CARTESIAN_POINT('',(9.072098570975,24.875011723188,
    36.778846153847));
#4414 = CARTESIAN_POINT('',(4.240520184635,26.553139856259,
    36.901442307679));
#4415 = CARTESIAN_POINT('',(-0.924159602821,27.213112780269,
    37.024038461583));
#4416 = CARTESIAN_POINT('',(-6.187440473473,26.783761556233,
    37.146634615287));
#4417 = CARTESIAN_POINT('',(-11.29842517559,25.253474427576,
    37.269230769389));
#4418 = CARTESIAN_POINT('',(-16.00668205029,22.674264201957,
    37.391826922883));
#4419 = CARTESIAN_POINT('',(-20.08018147779,19.160439431097,
    37.514423077106));
#4420 = CARTESIAN_POINT('',(-23.32232041198,14.88159106756,
    37.637019230635));
#4421 = CARTESIAN_POINT('',(-25.58598170368,10.050464814096,
    37.759615384691));
#4422 = CARTESIAN_POINT('',(-26.78296954822,4.907149920183,
    37.88221153843));
#4423 = CARTESIAN_POINT('',(-26.88795575026,-0.298468147266,
    38.004807692316));
#4424 = CARTESIAN_POINT('',(-25.93693060929,-5.323984530271,
    38.127403846154));
#4425 = CARTESIAN_POINT('',(-22.10480508128,-14.57555395271,
    38.372596153844));
#4426 = CARTESIAN_POINT('',(-19.22370469415,-18.80160699234,
    38.495192307712));
#4427 = CARTESIAN_POINT('',(-15.46854040301,-22.40829837275,
    38.617788461475));
#4428 = CARTESIAN_POINT('',(-10.98526934186,-25.19877299004,
    38.740384615524));
#4429 = CARTESIAN_POINT('',(-5.96849695758,-27.01424487514,
    38.862980769002));
#4430 = CARTESIAN_POINT('',(-0.650355838229,-27.74730914252,
    38.985576923369));
#4431 = CARTESIAN_POINT('',(4.714692553646,-27.35155939779,
    39.108173076626));
#4432 = CARTESIAN_POINT('',(9.867709957793,-25.84609607456,
    39.23076923101));
#4433 = CARTESIAN_POINT('',(14.563798305153,-23.31416053913,
    39.353365384461));
#4434 = CARTESIAN_POINT('',(18.589097062059,-19.89605610614,
    39.475961538537));
#4435 = CARTESIAN_POINT('',(21.774405832469,-15.77740467585,
    39.598557692283));
#4436 = CARTESIAN_POINT('',(24.00423189069,-11.17434705243,
    39.721153846157));
#4437 = CARTESIAN_POINT('',(26.437393275426,-1.460622302539,
    39.966346153846));
#4438 = CARTESIAN_POINT('',(26.640728601983,3.650044824102,
    40.088942307683));
#4439 = CARTESIAN_POINT('',(25.773055908211,8.783915261119,
    40.211538461573));
#4440 = CARTESIAN_POINT('',(23.834342614999,13.695926942976,
    40.334134615306));
#4441 = CARTESIAN_POINT('',(20.886308591382,18.142615454613,
    40.456730769363));
#4442 = CARTESIAN_POINT('',(17.051423465248,21.899431160943,
    40.579326922903));
#4443 = CARTESIAN_POINT('',(12.506428342258,24.777517581284,
    40.701923077101));
#4444 = CARTESIAN_POINT('',(7.470682498944,26.637966985159,
    40.824519230626));
#4445 = CARTESIAN_POINT('',(2.190476732311,27.401753856387,
    40.947115384706));
#4446 = CARTESIAN_POINT('',(-3.078835979098,27.0541743022,
    41.069711538418));
#4447 = CARTESIAN_POINT('',(-8.09077776605,25.643528673013,
    41.192307692322));
#4448 = CARTESIAN_POINT('',(-12.62382907472,23.274623954047,
    41.314903846152));
#4449 = CARTESIAN_POINT('',(-20.36462170178,16.921919620815,
    41.560096153846));
#4450 = CARTESIAN_POINT('',(-23.57236302034,12.938120006396,
    41.682692307699));
#4451 = CARTESIAN_POINT('',(-25.93368482648,8.297684585612,
    41.805288461509));
#4452 = CARTESIAN_POINT('',(-27.30257765061,3.19742964742,
    41.927884615462));
#4453 = CARTESIAN_POINT('',(-27.58358377336,-2.130325872311,
    42.050480769088));
#4454 = CARTESIAN_POINT('',(-26.74130766114,-7.432266945127,
    42.173076923273));
#4455 = CARTESIAN_POINT('',(-24.80520742661,-12.45141806717,
    42.295673076718));
#4456 = CARTESIAN_POINT('',(-21.86872685464,-16.94553533732,
    42.418269230937));
#4457 = CARTESIAN_POINT('',(-18.082613123,-20.70442960718,
    42.540865384509));
#4458 = CARTESIAN_POINT('',(-13.64320856886,-23.56417700894,
    42.663461538513));
#4459 = CARTESIAN_POINT('',(-8.777258558006,-25.41674605193,
    42.786057692291));
#4460 = CARTESIAN_POINT('',(-3.725122712811,-26.21435945211,
    42.908653846156));
#4461 = CARTESIAN_POINT('',(6.276641777836,-25.72300427055,
    43.153846153846));
#4462 = CARTESIAN_POINT('',(11.22627042347,-24.4340356888,
    43.276442307687));
#4463 = CARTESIAN_POINT('',(15.887206035169,-22.11344076706,
    43.399038461558));
#4464 = CARTESIAN_POINT('',(20.024929380609,-18.83232609151,
    43.521634615342));
#4465 = CARTESIAN_POINT('',(23.424375872569,-14.72042788405,
    43.644230769305));
#4466 = CARTESIAN_POINT('',(25.906215964979,-9.960125588633,
    43.766826922976));
#4467 = CARTESIAN_POINT('',(27.341030507653,-4.775372042692,
    43.889423077032));
#4468 = CARTESIAN_POINT('',(27.65956972817,0.583596230496,
    44.012019230678));
#4469 = CARTESIAN_POINT('',(26.857705366203,5.858153734705,
    44.134615384674));
#4470 = CARTESIAN_POINT('',(24.995491731215,10.799674591218,
    44.257211538435));
#4471 = CARTESIAN_POINT('',(22.19069812515,15.186315036289,
    44.379807692314));
#4472 = CARTESIAN_POINT('',(18.607922311956,18.836517935711,
    44.502403846155));
#4473 = CARTESIAN_POINT('',(10.281729805064,24.399901904019,
    44.74759615384));
#4474 = CARTESIAN_POINT('',(5.538313111183,26.313082973035,
    44.870192307729));
#4475 = CARTESIAN_POINT('',(0.412237743256,27.225679756501,
    44.992788461436));
#4476 = CARTESIAN_POINT('',(-4.865770541173,27.055102656593,
    45.115384615582));
#4477 = CARTESIAN_POINT('',(-10.04568646876,25.777442958523,
    45.237980768942));
#4478 = CARTESIAN_POINT('',(-14.87482788936,23.43236271964,
    45.360576923412));
#4479 = CARTESIAN_POINT('',(-19.11583581771,20.122647647877,
    45.483173076609));
#4480 = CARTESIAN_POINT('',(-22.56402259177,16.008037561895,
    45.605769231007));
#4481 = CARTESIAN_POINT('',(-25.06200933378,11.29380320666,
    45.728365384472));
#4482 = CARTESIAN_POINT('',(-26.50992585432,6.215417070514,
    45.850961538528));
#4483 = CARTESIAN_POINT('',(-26.87021316784,1.021220826767,
    45.973557692287));
#4484 = CARTESIAN_POINT('',(-26.16692397953,-4.044906693549,
    46.096153846156));
#4485 = CARTESIAN_POINT('',(-22.79336740998,-13.47336568284,
    46.341346153847));
#4486 = CARTESIAN_POINT('',(-20.12310002868,-17.83569715201,
    46.463942307683));
#4487 = CARTESIAN_POINT('',(-16.54943095545,-21.62230129315,
    46.586538461566));
#4488 = CARTESIAN_POINT('',(-12.2084822903,-24.629398346,46.709134615339
    ));
#4489 = CARTESIAN_POINT('',(-7.28683381151,-26.68884476904,
    46.831730769289));
#4490 = CARTESIAN_POINT('',(-2.011068384336,-27.68197484516,
    46.954326923015));
#4491 = CARTESIAN_POINT('',(3.366936090821,-27.54995224527,
    47.076923076983));
#4492 = CARTESIAN_POINT('',(8.587616044374,-26.29914889858,
    47.199519230716));
#4493 = CARTESIAN_POINT('',(13.402283935634,-24.00068932387,
    47.322115384654));
#4494 = CARTESIAN_POINT('',(17.590452479145,-20.78421419592,
    47.44471153844));
#4495 = CARTESIAN_POINT('',(20.974017052671,-16.826819555,
    47.567307692316));
#4496 = CARTESIAN_POINT('',(23.427018520127,-12.33871889491,
    47.689903846153));
#4497 = CARTESIAN_POINT('',(26.333878937947,-2.756084322314,
    47.935096153847));
#4498 = CARTESIAN_POINT('',(26.787737888369,2.338449590376,
    48.057692307692));
#4499 = CARTESIAN_POINT('',(26.173017427004,7.508710736744,
    48.180288461536));
#4500 = CARTESIAN_POINT('',(24.477660388284,12.50993383799,
    48.302884615392));
#4501 = CARTESIAN_POINT('',(21.751366064711,17.095919291765,
    48.42548076922));
#4502 = CARTESIAN_POINT('',(18.105438434831,21.03637864375,
    48.548076923088));
#4503 = CARTESIAN_POINT('',(13.707138965172,24.134010623229,
    48.670673076912));
#4504 = CARTESIAN_POINT('',(8.768746823308,26.239311371514,
    48.793269230781));
#4505 = CARTESIAN_POINT('',(3.532378541446,27.261265644868,
    48.915865384604));
#4506 = CARTESIAN_POINT('',(-1.747641972479,27.172657685557,
    49.038461538471));
#4507 = CARTESIAN_POINT('',(-6.822763756364,26.009635568151,
    49.161057692302));
#4508 = CARTESIAN_POINT('',(-11.46659145147,23.866010583991,
    49.283653846157));
#4509 = CARTESIAN_POINT('',(-19.50977238213,17.900781053003,
    49.52884615384));
#4510 = CARTESIAN_POINT('',(-22.90912561786,14.079176506036,
    49.651442307727));
#4511 = CARTESIAN_POINT('',(-25.49529848239,9.560195262312,
    49.774038461446));
#4512 = CARTESIAN_POINT('',(-27.11280006355,4.533252191819,
    49.896634615557));
#4513 = CARTESIAN_POINT('',(-27.65488827473,-0.774297496087,
    50.019230768984));
#4514 = CARTESIAN_POINT('',(-27.07378063898,-6.111180678745,
    50.141826923362));
#4515 = CARTESIAN_POINT('',(-25.38629059452,-11.21928594912,
    50.264423076656));
#4516 = CARTESIAN_POINT('',(-22.67386302466,-15.85207613065,
    50.387019230973));
#4517 = CARTESIAN_POINT('',(-19.07675003267,-19.79221844325,
    50.50961538449));
#4518 = CARTESIAN_POINT('',(-14.7830140899,-22.86635241091,
    50.632211538522));
#4519 = CARTESIAN_POINT('',(-10.01382658341,-24.95545080378,
    50.754807692286));
#4520 = CARTESIAN_POINT('',(-5.006913291659,-26.,50.877403846159));
#4521 = CARTESIAN_POINT('',(5.006913291658,-25.99999999999,
    51.12259615384));
#4522 = CARTESIAN_POINT('',(10.013826583413,-24.95545080378,
    51.245192307724));
#4523 = CARTESIAN_POINT('',(14.783014089905,-22.86635241091,
    51.367788461456));
#4524 = CARTESIAN_POINT('',(19.076750032676,-19.79221844326,
    51.490384615539));
#4525 = CARTESIAN_POINT('',(22.673863024635,-15.85207613064,
    51.612980769009));
#4526 = CARTESIAN_POINT('',(25.386290594583,-11.21928594915,
    51.735576923329));
#4527 = CARTESIAN_POINT('',(27.073780638884,-6.111180678698,
    51.858173076693));
#4528 = CARTESIAN_POINT('',(27.654888274832,-0.774297496145,
    51.980769230935));
#4529 = CARTESIAN_POINT('',(27.11280006348,4.533252191865,
    52.103365384524));
#4530 = CARTESIAN_POINT('',(25.495298482443,9.560195262283,
    52.225961538496));
#4531 = CARTESIAN_POINT('',(22.909125617848,14.079176506047,
    52.348557692303));
#4532 = CARTESIAN_POINT('',(19.509772382136,17.900781052998,
    52.471153846149));
#4533 = CARTESIAN_POINT('',(11.46659145147,23.866010583998,
    52.716346153861));
#4534 = CARTESIAN_POINT('',(6.822763756387,26.009635568101,52.8389423076
    ));
#4535 = CARTESIAN_POINT('',(1.747641972403,27.172657685701,
    52.961538461809));
#4536 = CARTESIAN_POINT('',(-3.532378541263,27.261265644574,
    53.084134614842));
#4537 = CARTESIAN_POINT('',(-8.768746823606,26.239311371963,
    53.206730770051));
#4538 = CARTESIAN_POINT('',(-13.70713896481,24.134010622698,
    53.329326922107));
#4539 = CARTESIAN_POINT('',(-18.10543843515,21.036378644247,
    53.451923077835));
#4540 = CARTESIAN_POINT('',(-21.75136606448,17.095919291395,
    53.574519230086));
#4541 = CARTESIAN_POINT('',(-24.4776603884,12.509933838216,
    53.697115385019));
#4542 = CARTESIAN_POINT('',(-26.17301742696,7.508710736636,
    53.819711538281));
#4543 = CARTESIAN_POINT('',(-26.78773788837,2.338449590416,
    53.942307692362));
#4544 = CARTESIAN_POINT('',(-26.33387893794,-2.75608432232,
    54.064903846149));
#4545 = CARTESIAN_POINT('',(-23.42701852012,-12.33871889491,
    54.310096153841));
#4546 = CARTESIAN_POINT('',(-20.97401705267,-16.82681955504,
    54.432692307742));
#4547 = CARTESIAN_POINT('',(-17.59045247913,-20.7842141958,
    54.555288461382));
#4548 = CARTESIAN_POINT('',(-13.40228393567,-24.00068932414,
    54.677884615705));
#4549 = CARTESIAN_POINT('',(-8.587616044305,-26.29914889815,
    54.800480768743));
#4550 = CARTESIAN_POINT('',(-3.366936090893,-27.54995224581,
    54.923076923656));
#4551 = CARTESIAN_POINT('',(2.011068384385,-27.68197484463,
    55.045673076372));
#4552 = CARTESIAN_POINT('',(7.286833811482,-26.68884476944,
    55.168269231192));
#4553 = CARTESIAN_POINT('',(12.20848229032,-24.62939834577,
    55.290865384356));
#4554 = CARTESIAN_POINT('',(16.549430955441,-21.62230129325,
    55.413461538585));
#4555 = CARTESIAN_POINT('',(20.123100028688,-17.83569715198,
    55.536057692267));
#4556 = CARTESIAN_POINT('',(22.793367409983,-13.47336568284,
    55.65865384616));
#4557 = CARTESIAN_POINT('',(26.166923979534,-4.044906693548,
    55.903846153843));
#4558 = CARTESIAN_POINT('',(26.870213167841,1.021220826753,
    56.026442307694));
#4559 = CARTESIAN_POINT('',(26.509925854346,6.215417070557,
    56.149038461545));
#4560 = CARTESIAN_POINT('',(25.062009333718,11.293803206561,
    56.27163461536));
#4561 = CARTESIAN_POINT('',(22.56402259191,16.008037562056,
    56.394230769288));
#4562 = CARTESIAN_POINT('',(19.115835817524,20.122647647678,
    56.516826922983));
#4563 = CARTESIAN_POINT('',(14.874827889569,23.432362719817,
    56.639423077039));
#4564 = CARTESIAN_POINT('',(10.045686468601,25.777442958413,
    56.762019230662));
#4565 = CARTESIAN_POINT('',(4.865770541262,27.055102656635,
    56.88461538469));
#4566 = CARTESIAN_POINT('',(-0.412237743286,27.225679756495,
    57.007211538425));
#4567 = CARTESIAN_POINT('',(-5.538313111177,26.313082973033,
    57.129807692319));
#4568 = CARTESIAN_POINT('',(-10.28172980506,24.399901904021,
    57.252403846153));
#4569 = CARTESIAN_POINT('',(-18.60792231195,18.836517935711,
    57.497596153843));
#4570 = CARTESIAN_POINT('',(-22.19069812515,15.186315036281,
    57.620192307711));
#4571 = CARTESIAN_POINT('',(-24.9954917312,10.799674591249,
    57.742788461486));
#4572 = CARTESIAN_POINT('',(-26.85770536623,5.858153734637,
    57.865384615485));
#4573 = CARTESIAN_POINT('',(-27.65956972812,0.583596230595,
    57.987980769084));
#4574 = CARTESIAN_POINT('',(-27.3410305077,-4.775372042793,
    58.110576923252));
#4575 = CARTESIAN_POINT('',(-25.90621596495,-9.960125588556,
    58.233173076752));
#4576 = CARTESIAN_POINT('',(-23.42437587256,-14.7204278841,
    58.355769230908));
#4577 = CARTESIAN_POINT('',(-20.02492938063,-18.83232609149,
    58.478365384524));
#4578 = CARTESIAN_POINT('',(-15.88720603514,-22.11344076707,
    58.600961538508));
#4579 = CARTESIAN_POINT('',(-11.22627042348,-24.43403568879,
    58.723557692291));
#4580 = CARTESIAN_POINT('',(-6.276641777833,-25.72300427055,
    58.846153846157));
#4581 = CARTESIAN_POINT('',(3.725122712807,-26.21435945211,
    59.091346153843));
#4582 = CARTESIAN_POINT('',(8.777258558015,-25.41674605193,
    59.213942307708));
#4583 = CARTESIAN_POINT('',(13.643208568832,-23.56417700895,
    59.336538461488));
#4584 = CARTESIAN_POINT('',(18.082613123071,-20.70442960716,
    59.4591346155));
#4585 = CARTESIAN_POINT('',(21.868726854525,-16.94553533734,
    59.581730769033));
#4586 = CARTESIAN_POINT('',(24.805207426775,-12.45141806716,
    59.704326923336));
#4587 = CARTESIAN_POINT('',(26.741307660973,-7.432266945118,
    59.826923076659));
#4588 = CARTESIAN_POINT('',(27.583583773503,-2.130325872346,
    59.949519230981));
#4589 = CARTESIAN_POINT('',(27.30257765053,3.197429647457,
    60.072115384483));
#4590 = CARTESIAN_POINT('',(25.933684826525,8.297684585584,
    60.194711538525));
#4591 = CARTESIAN_POINT('',(23.572363020328,12.938120006406,
    60.317307692287));
#4592 = CARTESIAN_POINT('',(20.36462170179,16.921919620812,
    60.439903846157));
#4593 = CARTESIAN_POINT('',(12.623829074721,23.274623954049,
    60.685096153846));
#4594 = CARTESIAN_POINT('',(8.09077776605,25.643528673005,
    60.807692307688));
#4595 = CARTESIAN_POINT('',(3.078835979114,27.054174302221,
    60.930288461553));
#4596 = CARTESIAN_POINT('',(-2.190476732374,27.40175385634,
    61.05288461535));
#4597 = CARTESIAN_POINT('',(-7.470682498789,26.63796698525,
    61.175480769292));
#4598 = CARTESIAN_POINT('',(-12.5064283425,24.777517581144,
    61.298076922992));
#4599 = CARTESIAN_POINT('',(-17.05142346499,21.899431161104,
    61.420673077013));
#4600 = CARTESIAN_POINT('',(-20.88630859155,18.142615454481,
    61.543269230697));
#4601 = CARTESIAN_POINT('',(-23.83434261492,13.695926943056,
    61.66586538466));
#4602 = CARTESIAN_POINT('',(-25.77305590822,8.783915261085,
    61.788461538442));
#4603 = CARTESIAN_POINT('',(-26.64072860198,3.650044824113,
    61.911057692314));
#4604 = CARTESIAN_POINT('',(-26.43739327542,-1.460622302541,
    62.033653846153));
#4605 = CARTESIAN_POINT('',(-24.00423189069,-11.17434705242,
    62.278846153846));
#4606 = CARTESIAN_POINT('',(-21.77440583247,-15.77740467585,
    62.401442307696));
#4607 = CARTESIAN_POINT('',(-18.58909706207,-19.89605610614,
    62.524038461532));
#4608 = CARTESIAN_POINT('',(-14.56379830508,-23.31416053913,
    62.646634615389));
#4609 = CARTESIAN_POINT('',(-9.867709957968,-25.84609607457,
    62.769230769237));
#4610 = CARTESIAN_POINT('',(-4.714692553367,-27.35155939778,
    62.891826923056));
#4611 = CARTESIAN_POINT('',(0.650355837929,-27.74730914254,
    63.014423076951));
#4612 = CARTESIAN_POINT('',(5.968496957794,-27.01424487512,
    63.137019230746));
#4613 = CARTESIAN_POINT('',(10.985269341763,-25.19877299005,
    63.259615384627));
#4614 = CARTESIAN_POINT('',(15.468540403038,-22.40829837275,
    63.382211538459));
#4615 = CARTESIAN_POINT('',(19.223704694149,-18.80160699234,
    63.504807692306));
#4616 = CARTESIAN_POINT('',(22.104805081287,-14.57555395271,
    63.627403846156));
#4617 = CARTESIAN_POINT('',(25.936930609299,-5.323984530271,
    63.872596153842));
#4618 = CARTESIAN_POINT('',(26.887955750261,-0.298468147265,
    63.995192307717));
#4619 = CARTESIAN_POINT('',(26.782969548241,4.907149920164,
    64.117788461463));
#4620 = CARTESIAN_POINT('',(25.585981703647,10.050464814153,
    64.240384615541));
#4621 = CARTESIAN_POINT('',(23.322320412049,14.881591067455,
    64.362980768983));
#4622 = CARTESIAN_POINT('',(20.080181477727,19.160439431219,
    64.485576923386));
#4623 = CARTESIAN_POINT('',(16.006682050345,22.674264201861,
    64.608173076614));
#4624 = CARTESIAN_POINT('',(11.298425175574,25.253474427626,
    64.730769231019));
#4625 = CARTESIAN_POINT('',(6.187440473481,26.783761556219,
    64.853365384453));
#4626 = CARTESIAN_POINT('',(0.924159602817,27.213112780269,
    64.975961538543));
#4627 = CARTESIAN_POINT('',(-4.240520184629,26.553139856262,
    65.098557692277));
#4628 = CARTESIAN_POINT('',(-9.072098570977,24.875011723187,
    65.221153846161));
#4629 = CARTESIAN_POINT('',(-17.66124412706,19.726875996828,
    65.466346153839));
#4630 = CARTESIAN_POINT('',(-21.41881129698,16.256868403445,
    65.588942307728));
#4631 = CARTESIAN_POINT('',(-24.43546865106,12.013136558144,
    65.711538461442));
#4632 = CARTESIAN_POINT('',(-26.53790810425,7.168942472024,
    65.834134615573));
#4633 = CARTESIAN_POINT('',(-27.5976168553,1.940084022798,
    65.956730768952));
#4634 = CARTESIAN_POINT('',(-27.54241343917,-3.428059117267,
    66.079326923402));
#4635 = CARTESIAN_POINT('',(-26.36373099197,-8.67697041308,
    66.201923076617));
#4636 = CARTESIAN_POINT('',(-24.11845734728,-13.55331683739,66.324519231
    ));
#4637 = CARTESIAN_POINT('',(-20.92486691971,-17.82706501667,
    66.447115384478));
#4638 = CARTESIAN_POINT('',(-16.95312430951,-21.30725590751,
    66.569711538522));
#4639 = CARTESIAN_POINT('',(-12.41166919478,-23.85375684167,
    66.69230769229));
#4640 = CARTESIAN_POINT('',(-7.5312492842,-25.38403957075,
    66.814903846155));
#4641 = CARTESIAN_POINT('',(2.434357987062,-26.3655662162,
    67.060096153849));
#4642 = CARTESIAN_POINT('',(7.519545347941,-25.8168101326,
    67.182692307667));
#4643 = CARTESIAN_POINT('',(12.470535363339,-24.20523344059,
    67.305288461623));
#4644 = CARTESIAN_POINT('',(17.044913614554,-21.56676198666,
    67.427884615198));
#4645 = CARTESIAN_POINT('',(21.010907006022,-17.99817126517,
    67.550480769542));
#4646 = CARTESIAN_POINT('',(24.164366341501,-13.65355362842,
    67.673076922666));
#4647 = CARTESIAN_POINT('',(26.344412530745,-8.735448229492,
    67.795673077357));
#4648 = CARTESIAN_POINT('',(27.445828002738,-3.481222106911,
    67.918269230402));
#4649 = CARTESIAN_POINT('',(27.426580936657,1.853904214954,
    68.04086538486));
#4650 = CARTESIAN_POINT('',(26.309594652306,7.015184059934,
    68.163461538338));
#4651 = CARTESIAN_POINT('',(24.178812535608,11.765894442423,
    68.286057692351));
#4652 = CARTESIAN_POINT('',(21.170410864033,15.902291802073,
    68.408653846147));
#4653 = CARTESIAN_POINT('',(13.750654788012,22.627166716385,
    68.653846153849));
#4654 = CARTESIAN_POINT('',(9.339300383443,25.215644271176,
    68.776442307691));
#4655 = CARTESIAN_POINT('',(4.402612800152,26.870515043345,
    68.899038461537));
#4656 = CARTESIAN_POINT('',(-0.843297872885,27.476228842608,
    69.021634615386));
#4657 = CARTESIAN_POINT('',(-6.15462064595,26.972449403402,
    69.144230769237));
#4658 = CARTESIAN_POINT('',(-11.27558863829,25.361333328834,
    69.266826923057));
#4659 = CARTESIAN_POINT('',(-15.95633012273,22.70972603074,
    69.389423076957));
#4660 = CARTESIAN_POINT('',(-19.97093417139,19.145604467376,
    69.512019230729));
#4661 = CARTESIAN_POINT('',(-23.13360582267,14.848925360545,
    69.634615384652));
#4662 = CARTESIAN_POINT('',(-25.31100484026,10.03795856416,
    69.757211538437));
#4663 = CARTESIAN_POINT('',(-26.42953946695,4.952846780166,
    69.879807692318));
#4664 = CARTESIAN_POINT('',(-26.47721761685,-0.161641515705,
    70.002403846151));
#4665 = CARTESIAN_POINT('',(-24.5236169641,-9.983055229134,
    70.247596153848));
#4666 = CARTESIAN_POINT('',(-22.5223381614,-14.68998064688,
    70.370192307684));
#4667 = CARTESIAN_POINT('',(-19.54295888197,-18.95996667454,
    70.492788461562));
#4668 = CARTESIAN_POINT('',(-15.69022720875,-22.57146589951,
    70.61538461533));
#4669 = CARTESIAN_POINT('',(-11.12403169399,-25.33077774133,
    70.737980769329));
#4670 = CARTESIAN_POINT('',(-6.051090908591,-27.08727424789,
    70.860576922937));
#4671 = CARTESIAN_POINT('',(-0.711923472608,-27.74579774192,
    70.983173077079));
#4672 = CARTESIAN_POINT('',(4.63578147206,-27.27456529903,
    71.105769230632));
#4673 = CARTESIAN_POINT('',(9.735591917236,-25.70744158288,
    71.228365384708));
#4674 = CARTESIAN_POINT('',(14.350384781886,-23.14031189879,
    71.350961538414));
#4675 = CARTESIAN_POINT('',(18.277997771216,-19.72222211461,
    71.473557692324));
#4676 = CARTESIAN_POINT('',(21.362990340997,-15.64262843644,
    71.596153846152));
#4677 = CARTESIAN_POINT('',(25.644452901421,-6.590236421932,
    71.841346153846));
#4678 = CARTESIAN_POINT('',(26.840922892153,-1.617438085405,
    71.963942307695));
#4679 = CARTESIAN_POINT('',(26.991490722648,3.587061015904,
    72.086538461532));
#4680 = CARTESIAN_POINT('',(26.048315202423,8.782913971445,
    72.209134615395));
#4681 = CARTESIAN_POINT('',(24.024432719815,13.719293516903,
    72.331730769216));
#4682 = CARTESIAN_POINT('',(20.996152221538,18.152072037408,
    72.454326923096));
#4683 = CARTESIAN_POINT('',(17.099974712454,21.861541395894,
    72.576923076903));
#4684 = CARTESIAN_POINT('',(12.523944986352,24.668668064645,
    72.699519230788));
#4685 = CARTESIAN_POINT('',(7.494204319835,26.44789602843,
    72.822115384601));
#4686 = CARTESIAN_POINT('',(2.258330567408,27.134987031689,
    72.944711538471));
#4687 = CARTESIAN_POINT('',(-2.932511473508,26.729227899819,
    73.067307692302));
#4688 = CARTESIAN_POINT('',(-7.840611856814,25.290195460316,
    73.189903846157));
#4689 = CARTESIAN_POINT('',(-16.67201845813,20.569710285798,
    73.435096153841));
#4690 = CARTESIAN_POINT('',(-20.59532467635,17.288257550688,
    73.557692307718));
#4691 = CARTESIAN_POINT('',(-23.81657838661,13.197657826857,
    73.680288461481));
#4692 = CARTESIAN_POINT('',(-26.15417869729,8.462460599032,
    73.802884615471));
#4693 = CARTESIAN_POINT('',(-27.46917890605,3.291897982719,
    73.925480769132));
#4694 = CARTESIAN_POINT('',(-27.67744428446,-2.072487697131,
    74.048076923171));
#4695 = CARTESIAN_POINT('',(-26.75773348162,-7.372911655823,
    74.170673076846));
#4696 = CARTESIAN_POINT('',(-24.75443534589,-12.3535546633,
    74.293269230823));
#4697 = CARTESIAN_POINT('',(-21.77439462149,-16.77885698077,
    74.415865384584));
#4698 = CARTESIAN_POINT('',(-17.97820102252,-20.44974000217,
    74.538461538476));
#4699 = CARTESIAN_POINT('',(-13.56716716786,-23.21601220497,
    74.661057692303));
#4700 = CARTESIAN_POINT('',(-8.767713351379,-24.98392249624,
    74.783653846155));
#4701 = CARTESIAN_POINT('',(1.137728679698,-26.45325602192,
    75.028846153845));
#4702 = CARTESIAN_POINT('',(6.243716894489,-26.15467925638,
    75.151442307699));
#4703 = CARTESIAN_POINT('',(11.267819545887,-24.78797734474,
    75.274038461517));
#4704 = CARTESIAN_POINT('',(15.966151416112,-22.37713814752,
    75.396634615426));
#4705 = CARTESIAN_POINT('',(20.102470042335,-19.00744802194,
    75.519230769178));
#4706 = CARTESIAN_POINT('',(23.465311180986,-14.82279658308,
    75.641826923121));
#4707 = CARTESIAN_POINT('',(25.884051403399,-10.01758505396,
    75.764423076903));
#4708 = CARTESIAN_POINT('',(27.241952828233,-4.823731772483,
    75.887019230766));
#4709 = CARTESIAN_POINT('',(27.484511187073,0.505912564805,
    76.009615384628));
#4710 = CARTESIAN_POINT('',(26.62212236011,5.715783341424,76.13221153845
    ));
#4711 = CARTESIAN_POINT('',(24.727013173675,10.56532380816,
    76.254807692314));
#4712 = CARTESIAN_POINT('',(21.925198652197,14.844353969504,
    76.377403846152));
#4713 = CARTESIAN_POINT('',(14.844353969504,21.925198652196,
    76.622596153848));
#4714 = CARTESIAN_POINT('',(10.565323808166,24.727013173675,
    76.745192307681));
#4715 = CARTESIAN_POINT('',(5.715783341402,26.622122360109,
    76.867788461576));
#4716 = CARTESIAN_POINT('',(0.505912564875,27.484511187071,
    76.990384615298));
#4717 = CARTESIAN_POINT('',(-4.823731772613,27.241952828238,
    77.112980769383));
#4718 = CARTESIAN_POINT('',(-10.01758505378,25.884051403393,
    77.235576922871));
#4719 = CARTESIAN_POINT('',(-14.82279658325,23.465311180999,
    77.358173077139));
#4720 = CARTESIAN_POINT('',(-19.00744802183,20.102470042312,
    77.480769230595));
#4721 = CARTESIAN_POINT('',(-22.37713814757,15.966151416146,
    77.603365384719));
#4722 = CARTESIAN_POINT('',(-24.78797734472,11.267819545859,
    77.725961538421));
#4723 = CARTESIAN_POINT('',(-26.15467925638,6.243716894506,
    77.848557692312));
#4724 = CARTESIAN_POINT('',(-26.45325602192,1.137728679695,
    77.971153846161));
#4725 = CARTESIAN_POINT('',(-24.98392249623,-8.76771335137,
    78.216346153828));
#4726 = CARTESIAN_POINT('',(-23.216012205,-13.56716716789,
    78.338942307801));
#4727 = CARTESIAN_POINT('',(-20.44974000211,-17.97820102242,
    78.461538461242));
#4728 = CARTESIAN_POINT('',(-16.77885698088,-21.77439462169,
    78.58413461594));
#4729 = CARTESIAN_POINT('',(-12.35355466317,-24.75443534559,
    78.706730768447));
#4730 = CARTESIAN_POINT('',(-7.372911655944,-26.75773348199,
    78.829326923948));
#4731 = CARTESIAN_POINT('',(-2.072487697043,-27.67744428409,
    78.951923076149));
#4732 = CARTESIAN_POINT('',(3.291897982659,-27.46917890635,
    79.074519231323));
#4733 = CARTESIAN_POINT('',(8.462460599066,-26.15417869711,
    79.197115384298));
#4734 = CARTESIAN_POINT('',(13.197657826837,-23.8165783867,
    79.319711538603));
#4735 = CARTESIAN_POINT('',(17.288257550693,-20.59532467632,
    79.442307692261));
#4736 = CARTESIAN_POINT('',(20.569710285798,-16.67201845814,
    79.564903846163));
#4737 = CARTESIAN_POINT('',(25.290195460314,-7.840611856813,
    79.810096153838));
#4738 = CARTESIAN_POINT('',(26.729227899829,-2.932511473511,
    79.932692307727));
#4739 = CARTESIAN_POINT('',(27.134987031661,2.258330567402,
    80.055288461445));
#4740 = CARTESIAN_POINT('',(26.447896028486,7.494204319845,
    80.177884615569));
#4741 = CARTESIAN_POINT('',(24.66866806456,12.523944986346,
    80.300480768953));
#4742 = CARTESIAN_POINT('',(21.86154139601,17.099974712433,
    80.423076923406));
#4743 = CARTESIAN_POINT('',(18.152072037282,20.996152221585,
    80.545673076616));
#4744 = CARTESIAN_POINT('',(13.719293517014,24.024432719761,
    80.668269230996));
#4745 = CARTESIAN_POINT('',(8.782913971376,26.048315202459,
    80.790865384484));
#4746 = CARTESIAN_POINT('',(3.587061015937,26.991490722633,
    80.913461538519));
#4747 = CARTESIAN_POINT('',(-1.617438085413,26.840922892156,
    81.036057692291));
#4748 = CARTESIAN_POINT('',(-6.590236421928,25.644452901422,
    81.158653846154));
#4749 = CARTESIAN_POINT('',(-15.64262843644,21.362990340997,
    81.40384615385));
#4750 = CARTESIAN_POINT('',(-19.7222221146,18.277997771226,
    81.526442307656));
#4751 = CARTESIAN_POINT('',(-23.14031189883,14.350384781836,
    81.64903846166));
#4752 = CARTESIAN_POINT('',(-25.70744158278,9.735591917411,
    81.771634615102));
#4753 = CARTESIAN_POINT('',(-27.27456529923,4.63578147169,
    81.894230769724));
#4754 = CARTESIAN_POINT('',(-27.74579774165,-0.711923472081,
    82.016826922406));
#4755 = CARTESIAN_POINT('',(-27.08727424817,-6.051090909094,
    82.139423077642));
#4756 = CARTESIAN_POINT('',(-25.33077774112,-11.12403169366,
    82.262019230161));
#4757 = CARTESIAN_POINT('',(-22.57146589963,-15.6902272089,
    82.384615385018));
#4758 = CARTESIAN_POINT('',(-18.95996667449,-19.54295888192,
    82.50721153826));
#4759 = CARTESIAN_POINT('',(-14.6899806469,-22.52233816141,
    82.629807692377));
#4760 = CARTESIAN_POINT('',(-9.983055229132,-24.5236169641,
    82.752403846144));
#4761 = CARTESIAN_POINT('',(-0.161641515708,-26.47721761686,
    82.997596153848));
#4762 = CARTESIAN_POINT('',(4.952846780164,-26.42953946695,
    83.120192307707));
#4763 = CARTESIAN_POINT('',(10.037958564188,-25.31100484023,
    83.242788461481));
#4764 = CARTESIAN_POINT('',(14.848925360433,-23.13360582283,
    83.365384615505));
#4765 = CARTESIAN_POINT('',(19.145604467608,-19.970934171,83.48798076905
    ));
#4766 = CARTESIAN_POINT('',(22.709726030427,-15.95633012333,
    83.610576923287));
#4767 = CARTESIAN_POINT('',(25.36133332911,-11.27558863766,
    83.733173076729));
#4768 = CARTESIAN_POINT('',(26.972449403241,-6.154620646397,
    83.855769230916));
#4769 = CARTESIAN_POINT('',(27.476228842665,-0.843297872681,
    83.978365384525));
#4770 = CARTESIAN_POINT('',(26.870515043336,4.402612800097,
    84.100961538507));
#4771 = CARTESIAN_POINT('',(25.215644271175,9.339300383445,
    84.22355769229));
#4772 = CARTESIAN_POINT('',(22.627166716386,13.750654788013,
    84.34615384616));
#4773 = CARTESIAN_POINT('',(15.902291802074,21.170410864031,
    84.591346153837));
#4774 = CARTESIAN_POINT('',(11.765894442433,24.178812535616,
    84.713942307745));
#4775 = CARTESIAN_POINT('',(7.015184059875,26.309594652263,
    84.836538461378));
#4776 = CARTESIAN_POINT('',(1.853904215152,27.426580936795,
    84.95913461573));
#4777 = CARTESIAN_POINT('',(-3.481222107326,27.445828002438,
    85.081730768669));
#4778 = CARTESIAN_POINT('',(-8.735448228898,26.344412531194,
    85.204326923789));
#4779 = CARTESIAN_POINT('',(-13.653553629,24.164366341036,
    85.326923076212));
#4780 = CARTESIAN_POINT('',(-17.99817126478,21.010907006356,
    85.449519231334));
#4781 = CARTESIAN_POINT('',(-21.56676198683,17.044913614397,
    85.572115384262));
#4782 = CARTESIAN_POINT('',(-24.20523344054,12.470535363387,
    85.694711538632));
#4783 = CARTESIAN_POINT('',(-25.81681013261,7.519545347937,
    85.817307692249));
#4784 = CARTESIAN_POINT('',(-26.3655662162,2.434357987062,
    85.939903846166));
#4785 = CARTESIAN_POINT('',(-25.38403957075,-7.531249284197,
    86.185096153835));
#4786 = CARTESIAN_POINT('',(-23.85375684168,-12.41166919479,
    86.307692307741));
#4787 = CARTESIAN_POINT('',(-21.30725590747,-16.95312430948,
    86.430288461402));
#4788 = CARTESIAN_POINT('',(-17.82706501683,-20.92486691977,
    86.552884615664));
#4789 = CARTESIAN_POINT('',(-13.55331683706,-24.11845734718,
    86.675480768795));
#4790 = CARTESIAN_POINT('',(-8.676970413567,-26.36373099213,
    86.798076923605));
#4791 = CARTESIAN_POINT('',(-3.428059116756,-27.54241343897,
    86.920673076422));
#4792 = CARTESIAN_POINT('',(1.940084022414,-27.59761685549,
    87.043269231143));
#4793 = CARTESIAN_POINT('',(7.168942472219,-26.53790810412,
    87.165865384399));
#4794 = CARTESIAN_POINT('',(12.013136558078,-24.43546865112,
    87.288461538555));
#4795 = CARTESIAN_POINT('',(16.256868403455,-21.41881129697,
    87.411057692282));
#4796 = CARTESIAN_POINT('',(19.726875996826,-17.66124412707,
    87.533653846155));
#4797 = CARTESIAN_POINT('',(24.875011723188,-9.072098570977,
    87.778846153851));
#4798 = CARTESIAN_POINT('',(26.553139856258,-4.24052018464,
    87.901442307654));
#4799 = CARTESIAN_POINT('',(27.213112780268,0.924159602869,
    88.024038461647));
#4800 = CARTESIAN_POINT('',(26.78376155625,6.187440473314,
    88.146634615178));
#4801 = CARTESIAN_POINT('',(25.253474427542,11.298425175881,
    88.269230769533));
#4802 = CARTESIAN_POINT('',(22.674264201995,16.006682049965,
    88.391826922723));
#4803 = CARTESIAN_POINT('',(19.160439431077,20.080181478052,
    88.514423077259));
#4804 = CARTESIAN_POINT('',(14.881591067561,23.322320411852,
    88.637019230511));
#4805 = CARTESIAN_POINT('',(10.050464814106,25.585981703725,
    88.759615384772));
#4806 = CARTESIAN_POINT('',(4.907149920177,26.782969548224,
    88.882211538389));
#4807 = CARTESIAN_POINT('',(-0.298468147264,26.88795575026,
    89.00480769233));
#4808 = CARTESIAN_POINT('',(-5.32398453027,25.9369306093,89.127403846151
    ));
#4809 = CARTESIAN_POINT('',(-14.57555395271,22.104805081287,
    89.372596153845));
#4810 = CARTESIAN_POINT('',(-18.80160699236,19.223704694158,
    89.495192307704));
#4811 = CARTESIAN_POINT('',(-22.40829837268,15.468540402986,
    89.617788461506));
#4812 = CARTESIAN_POINT('',(-25.19877299018,10.985269341951,
    89.740384615434));
#4813 = CARTESIAN_POINT('',(-27.01424487493,5.9684969574,89.862980769185
    ));
#4814 = CARTESIAN_POINT('',(-27.74730914277,0.650355838482,
    89.985576923097));
#4815 = CARTESIAN_POINT('',(-27.35155939752,-4.7146925539,
    90.108173076935));
#4816 = CARTESIAN_POINT('',(-25.8460960748,-9.867709957601,
    90.230769230742));
#4817 = CARTESIAN_POINT('',(-23.31416053897,-14.56379830526,
    90.353365384639));
#4818 = CARTESIAN_POINT('',(-19.89605610622,-18.58909706201,
    90.475961538449));
#4819 = CARTESIAN_POINT('',(-15.77740467583,-21.77440583248,
    90.598557692311));
#4820 = CARTESIAN_POINT('',(-11.17434705243,-24.00423189068,
    90.721153846154));
#4821 = CARTESIAN_POINT('',(-1.460622302542,-26.43739327542,
    90.966346153843));
#4822 = CARTESIAN_POINT('',(3.65004482411,-26.64072860199,
    91.088942307715));
#4823 = CARTESIAN_POINT('',(8.783915261118,-25.77305590815,
    91.211538461464));
#4824 = CARTESIAN_POINT('',(13.695926942919,-23.83434261516,
    91.334134615546));
#4825 = CARTESIAN_POINT('',(18.142615454767,-20.88630859102,
    91.45673076897));
#4826 = CARTESIAN_POINT('',(21.899431160716,-17.05142346578,
    91.579326923399));
#4827 = CARTESIAN_POINT('',(24.777517581485,-12.50642834168,
    91.70192307661));
#4828 = CARTESIAN_POINT('',(26.637966985057,-7.470682499372,
    91.824519231012));
#4829 = CARTESIAN_POINT('',(27.401753856403,-2.190476732092,
    91.947115384464));
#4830 = CARTESIAN_POINT('',(27.054174302214,3.078835979024,
    92.069711538536));
#4831 = CARTESIAN_POINT('',(25.643528673004,8.090777766062,
    92.19230769228));
#4832 = CARTESIAN_POINT('',(23.27462395405,12.623829074722,
    92.31490384616));
#4833 = CARTESIAN_POINT('',(16.921919620813,20.364621701786,
    92.560096153839));
#4834 = CARTESIAN_POINT('',(12.938120006418,23.572363020343,
    92.682692307724));
#4835 = CARTESIAN_POINT('',(8.297684585515,25.933684826472,
    92.805288461451));
#4836 = CARTESIAN_POINT('',(3.197429647684,27.302577650671,
    92.927884615553));
#4837 = CARTESIAN_POINT('',(-2.130325872812,27.583583773222,
    93.050480768989));
#4838 = CARTESIAN_POINT('',(-7.432266944459,26.741307661378,
    93.173076923345));
#4839 = CARTESIAN_POINT('',(-12.4514180678,24.805207426359,
    93.29567307669));
#4840 = CARTESIAN_POINT('',(-16.94553533691,21.868726854828,
    93.418269230932));
#4841 = CARTESIAN_POINT('',(-20.70442960736,18.082613122921,
    93.540865384524));
#4842 = CARTESIAN_POINT('',(-23.56417700889,13.643208568885,
    93.663461538503));
#4843 = CARTESIAN_POINT('',(-25.41674605194,8.777258558004,
    93.786057692292));
#4844 = CARTESIAN_POINT('',(-26.21435945211,3.72512271281,
    93.908653846159));
#4845 = CARTESIAN_POINT('',(-25.72300427055,-6.276641777833,
    94.153846153837));
#4846 = CARTESIAN_POINT('',(-24.4340356888,-11.22627042347,
    94.276442307746));
#4847 = CARTESIAN_POINT('',(-22.11344076703,-15.88720603515,
    94.399038461384));
#4848 = CARTESIAN_POINT('',(-18.83232609163,-20.0249293806,
    94.521634615691));
#4849 = CARTESIAN_POINT('',(-14.72042788381,-23.42437587261,
    94.644230768773));
#4850 = CARTESIAN_POINT('',(-9.960125588976,-25.90621596492,
    94.766826923613));
#4851 = CARTESIAN_POINT('',(-4.775372042348,-27.34103050769,
    94.88942307642));
#4852 = CARTESIAN_POINT('',(0.583596230251,-27.65956972816,
    95.012019231147));
#4853 = CARTESIAN_POINT('',(5.858153734815,-26.85770536619,
    95.134615384394));
#4854 = CARTESIAN_POINT('',(10.799674591188,-24.99549173123,
    95.257211538555));
#4855 = CARTESIAN_POINT('',(15.186315036293,-22.19069812514,
    95.379807692287));
#4856 = CARTESIAN_POINT('',(18.836517935707,-18.60792231196,
    95.502403846149));
#4857 = CARTESIAN_POINT('',(24.399901904026,-10.28172980505,
    95.747596153865));
#4858 = CARTESIAN_POINT('',(26.313082972999,-5.53831311121,
    95.870192307561));
#4859 = CARTESIAN_POINT('',(27.22567975658,-0.412237743173,
    95.992788461934));
#4860 = CARTESIAN_POINT('',(27.055102656487,4.865770540976,
    96.11538461456));
#4861 = CARTESIAN_POINT('',(25.777442958608,10.045686469095,
    96.237980770531));
#4862 = CARTESIAN_POINT('',(23.432362719606,14.87482788895,
    96.360576921469));
#4863 = CARTESIAN_POINT('',(20.122647647879,19.115835818097,
    96.483173078506));
#4864 = CARTESIAN_POINT('',(16.008037561884,22.564022591502,
    96.605769229524));
#4865 = CARTESIAN_POINT('',(11.293803206697,25.062009333938,
    96.72836538539));
#4866 = CARTESIAN_POINT('',(6.215417070476,26.509925854254,
    96.850961538094));
#4867 = CARTESIAN_POINT('',(1.021220826789,26.870213167868,
    96.973557692428));
#4868 = CARTESIAN_POINT('',(-4.044906693555,26.16692397953,
    97.096153846137));
#4869 = CARTESIAN_POINT('',(-13.47336568283,22.793367409986,
    97.341346153849));
#4870 = CARTESIAN_POINT('',(-17.83569715202,20.123100028689,
    97.463942307719));
#4871 = CARTESIAN_POINT('',(-21.62230129315,16.549430955405,
    97.586538461434));
#4872 = CARTESIAN_POINT('',(-24.62939834596,12.208482290484,
    97.709134615611));
#4873 = CARTESIAN_POINT('',(-26.68884476916,7.286833811113,
    97.831730768885));
#4874 = CARTESIAN_POINT('',(-27.68197484498,2.011068384922,
    97.954326923477));
#4875 = CARTESIAN_POINT('',(-27.54995224544,-3.366936091408,
    98.07692307656));
#4876 = CARTESIAN_POINT('',(-26.29914889848,-8.587616043966,
    98.199519231035));
#4877 = CARTESIAN_POINT('',(-24.00068932391,-13.40228393582,
    98.322115384457));
#4878 = CARTESIAN_POINT('',(-20.78421419592,-17.59045247908,
    98.444711538539));
#4879 = CARTESIAN_POINT('',(-16.82681955501,-20.97401705267,
    98.567307692275));
#4880 = CARTESIAN_POINT('',(-12.33871889491,-23.42701852012,
    98.689903846166));
#4881 = CARTESIAN_POINT('',(-2.756084322318,-26.33387893794,
    98.935096153826));
#4882 = CARTESIAN_POINT('',(2.338449590391,-26.7877378884,
    99.057692307802));
#4883 = CARTESIAN_POINT('',(7.508710736742,-26.17301742686,
    99.180288461242));
#4884 = CARTESIAN_POINT('',(12.509933837912,-24.47766038866,
    99.302884615937));
#4885 = CARTESIAN_POINT('',(17.095919291976,-21.75136606397,
    99.425480768458));
#4886 = CARTESIAN_POINT('',(21.036378643449,-18.10543843585,
    99.548076923919));
#4887 = CARTESIAN_POINT('',(24.134010623484,-13.70713896413,
    99.670673076195));
#4888 = CARTESIAN_POINT('',(26.239311371392,-8.768746824067,
    99.79326923127));
#4889 = CARTESIAN_POINT('',(27.261265644884,-3.532378541053,
    99.915865384348));
#4890 = CARTESIAN_POINT('',(27.172657685573,1.747641972339,
    100.03846153856));
#4891 = CARTESIAN_POINT('',(26.00963556814,6.822763756395,
    100.16105769228));
#4892 = CARTESIAN_POINT('',(23.866010583993,11.466591451468,
    100.28365384615));
#4893 = CARTESIAN_POINT('',(17.900781053002,19.509772382138,
    100.52884615385));
#4894 = CARTESIAN_POINT('',(14.07917650606,22.909125617824,
    100.65144230762));
#4895 = CARTESIAN_POINT('',(9.560195262205,25.495298482507,
    100.77403846171));
#4896 = CARTESIAN_POINT('',(4.53325219212,27.112800063365,
    100.89663461506));
#4897 = CARTESIAN_POINT('',(-0.774297496646,27.654888274972,
    101.01923076969));
#4898 = CARTESIAN_POINT('',(-6.111180678016,27.07378063876,
    101.14182692255));
#4899 = CARTESIAN_POINT('',(-11.21928594979,25.386290594679,
    101.26442307739));
#4900 = CARTESIAN_POINT('',(-15.85207613023,22.67386302456,
    101.38701923042));
#4901 = CARTESIAN_POINT('',(-19.79221844343,19.076750032741,
    101.50961538481));
#4902 = CARTESIAN_POINT('',(-22.86635241086,14.783014089869,
    101.63221153836));
#4903 = CARTESIAN_POINT('',(-24.95545080378,10.013826583427,
    101.75480769233));
#4904 = CARTESIAN_POINT('',(-26.,5.006913291659,101.87740384614));
#4905 = CARTESIAN_POINT('',(-26.,9.999964217509E-13,102.));
#4906 = CARTESIAN_POINT('',(26.,0.,0.));
#4907 = CARTESIAN_POINT('',(-26.,9.937231664063E-13,102.));
#4908 = ( GEOMETRIC_REPRESENTATION_CONTEXT(3) 
GLOBAL_UNCERTAINTY_ASSIGNED_CONTEXT((#4912)) 
GLOBAL_UNIT_ASSIGNED_CONTEXT((#4909,#4910,#4911)) REPRESENTATION_CONTEXT
('Context #1','3D Context with UNIT and UNCERTAINTY') );
#4909 = ( LENGTH_UNIT() NAMED_UNIT(*) SI_UNIT(.MILLI.,.METRE.) );
#4910 = ( NAMED_UNIT(*) PLANE_ANGLE_UNIT() SI_UNIT($,.RADIAN.) );
#4911 = ( NAMED_UNIT(*) SI_UNIT($,.STERADIAN.) SOLID_ANGLE_UNIT() );
#4912 = UNCERTAINTY_MEASURE_WITH_UNIT(LENGTH_MEASURE(1.E-07),#4909,
  'distance_accuracy_value','confusion accuracy');
#4913 = CONTEXT_DEPENDENT_SHAPE_REPRESENTATION(#4914,#4916);
#4914 = ( REPRESENTATION_RELATIONSHIP('','',#4132,#10) 
REPRESENTATION_RELATIONSHIP_WITH_TRANSFORMATION(#4915) 
SHAPE_REPRESENTATION_RELATIONSHIP() );
#4915 = ITEM_DEFINED_TRANSFORMATION('','',#11,#83);
#4916 = PRODUCT_DEFINITION_SHAPE('Placement','Placement of an item',
  #4917);
#4917 = NEXT_ASSEMBLY_USAGE_OCCURRENCE('36','Helix','',#5,#4127,$);
#4918 = PRODUCT_RELATED_PRODUCT_CATEGORY('part',$,(#4129));
#4919 = SHAPE_DEFINITION_REPRESENTATION(#4920,#4926);
#4920 = PRODUCT_DEFINITION_SHAPE('','',#4921);
#4921 = PRODUCT_DEFINITION('design','',#4922,#4925);
#4922 = PRODUCT_DEFINITION_FORMATION('','',#4923);
#4923 = PRODUCT('Open CASCADE STEP translator 7.8 2.19',
  'Open CASCADE STEP translator 7.8 2.19','',(#4924));
#4924 = PRODUCT_CONTEXT('',#2,'mechanical');
#4925 = PRODUCT_DEFINITION_CONTEXT('part definition',#2,'design');
#4926 = GEOMETRICALLY_BOUNDED_WIREFRAME_SHAPE_REPRESENTATION('',(#11,
    #4927),#4929);
#4927 = GEOMETRIC_CURVE_SET('',(#4928));
#4928 = CARTESIAN_POINT('',(0.,0.,0.));
#4929 = ( GEOMETRIC_REPRESENTATION_CONTEXT(3) 
GLOBAL_UNCERTAINTY_ASSIGNED_CONTEXT((#4933)) 
GLOBAL_UNIT_ASSIGNED_CONTEXT((#4930,#4931,#4932)) REPRESENTATION_CONTEXT
('Context #1','3D Context with UNIT and UNCERTAINTY') );
#4930 = ( LENGTH_UNIT() NAMED_UNIT(*) SI_UNIT(.MILLI.,.METRE.) );
#4931 = ( NAMED_UNIT(*) PLANE_ANGLE_UNIT() SI_UNIT($,.RADIAN.) );
#4932 = ( NAMED_UNIT(*) SI_UNIT($,.STERADIAN.) SOLID_ANGLE_UNIT() );
#4933 = UNCERTAINTY_MEASURE_WITH_UNIT(LENGTH_MEASURE(1.E-07),#4930,
  'distance_accuracy_value','confusion accuracy');
#4934 = CONTEXT_DEPENDENT_SHAPE_REPRESENTATION(#4935,#4937);
#4935 = ( REPRESENTATION_RELATIONSHIP('','',#4926,#10) 
REPRESENTATION_RELATIONSHIP_WITH_TRANSFORMATION(#4936) 
SHAPE_REPRESENTATION_RELATIONSHIP() );
#4936 = ITEM_DEFINED_TRANSFORMATION('','',#11,#87);
#4937 = PRODUCT_DEFINITION_SHAPE('Placement','Placement of an item',
  #4938);
#4938 = NEXT_ASSEMBLY_USAGE_OCCURRENCE('37','','',#5,#4921,$);
#4939 = PRODUCT_RELATED_PRODUCT_CATEGORY('part',$,(#4923));
#4940 = MECHANICAL_DESIGN_GEOMETRIC_PRESENTATION_REPRESENTATION('',(
    #4941,#4952),#3312);
#4941 = STYLED_ITEM('color',(#4942),#3128);
#4942 = PRESENTATION_STYLE_ASSIGNMENT((#4943,#4949));
#4943 = SURFACE_STYLE_USAGE(.BOTH.,#4944);
#4944 = SURFACE_SIDE_STYLE('',(#4945));
#4945 = SURFACE_STYLE_FILL_AREA(#4946);
#4946 = FILL_AREA_STYLE('',(#4947));
#4947 = FILL_AREA_STYLE_COLOUR('',#4948);
#4948 = COLOUR_RGB('',0.447058818107,0.474509808674,0.501960817233);
#4949 = CURVE_STYLE('',#4950,POSITIVE_LENGTH_MEASURE(0.1),#4951);
#4950 = DRAUGHTING_PRE_DEFINED_CURVE_FONT('continuous');
#4951 = COLOUR_RGB('',9.803921802644E-02,9.803921802644E-02,
  9.803921802644E-02);
#4952 = STYLED_ITEM('color',(#4953),#3220);
#4953 = PRESENTATION_STYLE_ASSIGNMENT((#4954,#4959));
#4954 = SURFACE_STYLE_USAGE(.BOTH.,#4955);
#4955 = SURFACE_SIDE_STYLE('',(#4956));
#4956 = SURFACE_STYLE_FILL_AREA(#4957);
#4957 = FILL_AREA_STYLE('',(#4958));
#4958 = FILL_AREA_STYLE_COLOUR('',#4948);
#4959 = CURVE_STYLE('',#4960,POSITIVE_LENGTH_MEASURE(0.1),#4951);
#4960 = DRAUGHTING_PRE_DEFINED_CURVE_FONT('continuous');
#4961 = MECHANICAL_DESIGN_GEOMETRIC_PRESENTATION_REPRESENTATION('',(
    #4962),#3948);
#4962 = STYLED_ITEM('color',(#4963),#3552);
#4963 = PRESENTATION_STYLE_ASSIGNMENT((#4964,#4972));
#4964 = SURFACE_STYLE_USAGE(.BOTH.,#4965);
#4965 = SURFACE_SIDE_STYLE('',(#4966,#4970));
#4966 = SURFACE_STYLE_FILL_AREA(#4967);
#4967 = FILL_AREA_STYLE('',(#4968));
#4968 = FILL_AREA_STYLE_COLOUR('',#4969);
#4969 = COLOUR_RGB('',0.329411773243,0.670588257465,1.);
#4970 = SURFACE_STYLE_RENDERING_WITH_PROPERTIES(.NORMAL_SHADING.,#4969,(
    #4971));
#4971 = SURFACE_STYLE_TRANSPARENT(0.749019622803);
#4972 = CURVE_STYLE('',#4973,POSITIVE_LENGTH_MEASURE(0.1),#4974);
#4973 = DRAUGHTING_PRE_DEFINED_CURVE_FONT('continuous');
#4974 = COLOUR_RGB('',0.945098040599,0.952941189437,0.960784305148);
#4975 = MECHANICAL_DESIGN_GEOMETRIC_PRESENTATION_REPRESENTATION('',(
    #4976),#4114);
#4976 = STYLED_ITEM('color',(#4977),#4105);
#4977 = PRESENTATION_STYLE_ASSIGNMENT((#4978,#4985));
#4978 = SURFACE_STYLE_USAGE(.BOTH.,#4979);
#4979 = SURFACE_SIDE_STYLE('',(#4980,#4983));
#4980 = SURFACE_STYLE_FILL_AREA(#4981);
#4981 = FILL_AREA_STYLE('',(#4982));
#4982 = FILL_AREA_STYLE_COLOUR('',#4969);
#4983 = SURFACE_STYLE_RENDERING_WITH_PROPERTIES(.NORMAL_SHADING.,#4969,(
    #4984));
#4984 = SURFACE_STYLE_TRANSPARENT(0.749019622803);
#4985 = CURVE_STYLE('',#4986,POSITIVE_LENGTH_MEASURE(0.1),#4974);
#4986 = DRAUGHTING_PRE_DEFINED_CURVE_FONT('continuous');
#4987 = MECHANICAL_DESIGN_GEOMETRIC_PRESENTATION_REPRESENTATION('',(
    #4988),#3109);
#4988 = STYLED_ITEM('color',(#4989),#449);
#4989 = PRESENTATION_STYLE_ASSIGNMENT((#4990,#4995));
#4990 = SURFACE_STYLE_USAGE(.BOTH.,#4991);
#4991 = SURFACE_SIDE_STYLE('',(#4992));
#4992 = SURFACE_STYLE_FILL_AREA(#4993);
#4993 = FILL_AREA_STYLE('',(#4994));
#4994 = FILL_AREA_STYLE_COLOUR('',#4948);
#4995 = CURVE_STYLE('',#4996,POSITIVE_LENGTH_MEASURE(0.1),#4951);
#4996 = DRAUGHTING_PRE_DEFINED_CURVE_FONT('continuous');
#4997 = MECHANICAL_DESIGN_GEOMETRIC_PRESENTATION_REPRESENTATION('',(
    #4998),#3976);
#4998 = STYLED_ITEM('color',(#4999),#3967);
#4999 = PRESENTATION_STYLE_ASSIGNMENT((#5000,#5007));
#5000 = SURFACE_STYLE_USAGE(.BOTH.,#5001);
#5001 = SURFACE_SIDE_STYLE('',(#5002,#5005));
#5002 = SURFACE_STYLE_FILL_AREA(#5003);
#5003 = FILL_AREA_STYLE('',(#5004));
#5004 = FILL_AREA_STYLE_COLOUR('',#4969);
#5005 = SURFACE_STYLE_RENDERING_WITH_PROPERTIES(.NORMAL_SHADING.,#4969,(
    #5006));
#5006 = SURFACE_STYLE_TRANSPARENT(0.749019622803);
#5007 = CURVE_STYLE('',#5008,POSITIVE_LENGTH_MEASURE(0.1),#4974);
#5008 = DRAUGHTING_PRE_DEFINED_CURVE_FONT('continuous');
#5009 = MECHANICAL_DESIGN_GEOMETRIC_PRESENTATION_REPRESENTATION('',(
    #5010,#5021,#5032,#5043),#3920);
#5010 = STYLED_ITEM('color',(#5011),#3884);
#5011 = PRESENTATION_STYLE_ASSIGNMENT((#5012,#5019));
#5012 = SURFACE_STYLE_USAGE(.BOTH.,#5013);
#5013 = SURFACE_SIDE_STYLE('',(#5014,#5017));
#5014 = SURFACE_STYLE_FILL_AREA(#5015);
#5015 = FILL_AREA_STYLE('',(#5016));
#5016 = FILL_AREA_STYLE_COLOUR('',#4969);
#5017 = SURFACE_STYLE_RENDERING_WITH_PROPERTIES(.NORMAL_SHADING.,#4969,(
    #5018));
#5018 = SURFACE_STYLE_TRANSPARENT(0.749019622803);
#5019 = CURVE_STYLE('',#5020,POSITIVE_LENGTH_MEASURE(0.1),#4974);
#5020 = DRAUGHTING_PRE_DEFINED_CURVE_FONT('continuous');
#5021 = STYLED_ITEM('color',(#5022),#3893);
#5022 = PRESENTATION_STYLE_ASSIGNMENT((#5023,#5030));
#5023 = SURFACE_STYLE_USAGE(.BOTH.,#5024);
#5024 = SURFACE_SIDE_STYLE('',(#5025,#5028));
#5025 = SURFACE_STYLE_FILL_AREA(#5026);
#5026 = FILL_AREA_STYLE('',(#5027));
#5027 = FILL_AREA_STYLE_COLOUR('',#4969);
#5028 = SURFACE_STYLE_RENDERING_WITH_PROPERTIES(.NORMAL_SHADING.,#4969,(
    #5029));
#5029 = SURFACE_STYLE_TRANSPARENT(0.749019622803);
#5030 = CURVE_STYLE('',#5031,POSITIVE_LENGTH_MEASURE(0.1),#4974);
#5031 = DRAUGHTING_PRE_DEFINED_CURVE_FONT('continuous');
#5032 = STYLED_ITEM('color',(#5033),#3902);
#5033 = PRESENTATION_STYLE_ASSIGNMENT((#5034,#5041));
#5034 = SURFACE_STYLE_USAGE(.BOTH.,#5035);
#5035 = SURFACE_SIDE_STYLE('',(#5036,#5039));
#5036 = SURFACE_STYLE_FILL_AREA(#5037);
#5037 = FILL_AREA_STYLE('',(#5038));
#5038 = FILL_AREA_STYLE_COLOUR('',#4969);
#5039 = SURFACE_STYLE_RENDERING_WITH_PROPERTIES(.NORMAL_SHADING.,#4969,(
    #5040));
#5040 = SURFACE_STYLE_TRANSPARENT(0.749019622803);
#5041 = CURVE_STYLE('',#5042,POSITIVE_LENGTH_MEASURE(0.1),#4974);
#5042 = DRAUGHTING_PRE_DEFINED_CURVE_FONT('continuous');
#5043 = STYLED_ITEM('color',(#5044),#3911);
#5044 = PRESENTATION_STYLE_ASSIGNMENT((#5045,#5052));
#5045 = SURFACE_STYLE_USAGE(.BOTH.,#5046);
#5046 = SURFACE_SIDE_STYLE('',(#5047,#5050));
#5047 = SURFACE_STYLE_FILL_AREA(#5048);
#5048 = FILL_AREA_STYLE('',(#5049));
#5049 = FILL_AREA_STYLE_COLOUR('',#4969);
#5050 = SURFACE_STYLE_RENDERING_WITH_PROPERTIES(.NORMAL_SHADING.,#4969,(
    #5051));
#5051 = SURFACE_STYLE_TRANSPARENT(0.749019622803);
#5052 = CURVE_STYLE('',#5053,POSITIVE_LENGTH_MEASURE(0.1),#4974);
#5053 = DRAUGHTING_PRE_DEFINED_CURVE_FONT('continuous');
#5054 = MECHANICAL_DESIGN_GEOMETRIC_PRESENTATION_REPRESENTATION('',(
    #5055),#4908);
#5055 = STYLED_ITEM('color',(#5056),#4133);
#5056 = PRESENTATION_STYLE_ASSIGNMENT((#5057,#5062));
#5057 = SURFACE_STYLE_USAGE(.BOTH.,#5058);
#5058 = SURFACE_SIDE_STYLE('',(#5059));
#5059 = SURFACE_STYLE_FILL_AREA(#5060);
#5060 = FILL_AREA_STYLE('',(#5061));
#5061 = FILL_AREA_STYLE_COLOUR('',#4948);
#5062 = CURVE_STYLE('',#5063,POSITIVE_LENGTH_MEASURE(0.1),#4951);
#5063 = DRAUGHTING_PRE_DEFINED_CURVE_FONT('continuous');
#5064 = MECHANICAL_DESIGN_GEOMETRIC_PRESENTATION_REPRESENTATION('',(
    #5065),#383);
#5065 = STYLED_ITEM('color',(#5066),#105);
#5066 = PRESENTATION_STYLE_ASSIGNMENT((#5067,#5072));
#5067 = SURFACE_STYLE_USAGE(.BOTH.,#5068);
#5068 = SURFACE_SIDE_STYLE('',(#5069));
#5069 = SURFACE_STYLE_FILL_AREA(#5070);
#5070 = FILL_AREA_STYLE('',(#5071));
#5071 = FILL_AREA_STYLE_COLOUR('',#4948);
#5072 = CURVE_STYLE('',#5073,POSITIVE_LENGTH_MEASURE(0.1),#4951);
#5073 = DRAUGHTING_PRE_DEFINED_CURVE_FONT('continuous');
#5074 = MECHANICAL_DESIGN_GEOMETRIC_PRESENTATION_REPRESENTATION('',(
    #5075),#3865);
#5075 = STYLED_ITEM('color',(#5076),#3587);
#5076 = PRESENTATION_STYLE_ASSIGNMENT((#5077,#5082));
#5077 = SURFACE_STYLE_USAGE(.BOTH.,#5078);
#5078 = SURFACE_SIDE_STYLE('',(#5079));
#5079 = SURFACE_STYLE_FILL_AREA(#5080);
#5080 = FILL_AREA_STYLE('',(#5081));
#5081 = FILL_AREA_STYLE_COLOUR('',#4948);
#5082 = CURVE_STYLE('',#5083,POSITIVE_LENGTH_MEASURE(0.1),#4951);
#5083 = DRAUGHTING_PRE_DEFINED_CURVE_FONT('continuous');
#5084 = MECHANICAL_DESIGN_GEOMETRIC_PRESENTATION_REPRESENTATION('',(
    #5085,#5094,#5103),#3568);
#5085 = STYLED_ITEM('color',(#5086),#3331);
#5086 = PRESENTATION_STYLE_ASSIGNMENT((#5087,#5092));
#5087 = SURFACE_STYLE_USAGE(.BOTH.,#5088);
#5088 = SURFACE_SIDE_STYLE('',(#5089));
#5089 = SURFACE_STYLE_FILL_AREA(#5090);
#5090 = FILL_AREA_STYLE('',(#5091));
#5091 = FILL_AREA_STYLE_COLOUR('',#4948);
#5092 = CURVE_STYLE('',#5093,POSITIVE_LENGTH_MEASURE(0.1),#4951);
#5093 = DRAUGHTING_PRE_DEFINED_CURVE_FONT('continuous');
#5094 = STYLED_ITEM('color',(#5095),#3423);
#5095 = PRESENTATION_STYLE_ASSIGNMENT((#5096,#5101));
#5096 = SURFACE_STYLE_USAGE(.BOTH.,#5097);
#5097 = SURFACE_SIDE_STYLE('',(#5098));
#5098 = SURFACE_STYLE_FILL_AREA(#5099);
#5099 = FILL_AREA_STYLE('',(#5100));
#5100 = FILL_AREA_STYLE_COLOUR('',#4948);
#5101 = CURVE_STYLE('',#5102,POSITIVE_LENGTH_MEASURE(0.1),#4951);
#5102 = DRAUGHTING_PRE_DEFINED_CURVE_FONT('continuous');
#5103 = STYLED_ITEM('color',(#5104),#3515);
#5104 = PRESENTATION_STYLE_ASSIGNMENT((#5105,#5110));
#5105 = SURFACE_STYLE_USAGE(.BOTH.,#5106);
#5106 = SURFACE_SIDE_STYLE('',(#5107));
#5107 = SURFACE_STYLE_FILL_AREA(#5108);
#5108 = FILL_AREA_STYLE('',(#5109));
#5109 = FILL_AREA_STYLE_COLOUR('',#4948);
#5110 = CURVE_STYLE('',#5111,POSITIVE_LENGTH_MEASURE(0.1),#4951);
#5111 = DRAUGHTING_PRE_DEFINED_CURVE_FONT('continuous');
#5112 = MECHANICAL_DESIGN_GEOMETRIC_PRESENTATION_REPRESENTATION('',(
    #5113),#4023);
#5113 = STYLED_ITEM('color',(#5114),#3995);
#5114 = PRESENTATION_STYLE_ASSIGNMENT((#5115,#5120));
#5115 = SURFACE_STYLE_USAGE(.BOTH.,#5116);
#5116 = SURFACE_SIDE_STYLE('',(#5117));
#5117 = SURFACE_STYLE_FILL_AREA(#5118);
#5118 = FILL_AREA_STYLE('',(#5119));
#5119 = FILL_AREA_STYLE_COLOUR('',#4948);
#5120 = CURVE_STYLE('',#5121,POSITIVE_LENGTH_MEASURE(0.1),#4951);
#5121 = DRAUGHTING_PRE_DEFINED_CURVE_FONT('continuous');
#5122 = MECHANICAL_DESIGN_GEOMETRIC_PRESENTATION_REPRESENTATION('',(
    #5123),#430);
#5123 = STYLED_ITEM('color',(#5124),#402);
#5124 = PRESENTATION_STYLE_ASSIGNMENT((#5125,#5130));
#5125 = SURFACE_STYLE_USAGE(.BOTH.,#5126);
#5126 = SURFACE_SIDE_STYLE('',(#5127));
#5127 = SURFACE_STYLE_FILL_AREA(#5128);
#5128 = FILL_AREA_STYLE('',(#5129));
#5129 = FILL_AREA_STYLE_COLOUR('',#4948);
#5130 = CURVE_STYLE('',#5131,POSITIVE_LENGTH_MEASURE(0.1),#4951);
#5131 = DRAUGHTING_PRE_DEFINED_CURVE_FONT('continuous');
ENDSEC;
END-ISO-10303-21;
